-- phpMyAdmin SQL Dump
-- version 4.5.5.1
-- http://www.phpmyadmin.net
--
-- Host: 127.0.0.1
-- Generation Time: 01-Fev-2017 às 20:11
-- Versão do servidor: 5.7.11
-- PHP Version: 5.6.19

SET SQL_MODE = "NO_AUTO_VALUE_ON_ZERO";
SET time_zone = "+00:00";


/*!40101 SET @OLD_CHARACTER_SET_CLIENT=@@CHARACTER_SET_CLIENT */;
/*!40101 SET @OLD_CHARACTER_SET_RESULTS=@@CHARACTER_SET_RESULTS */;
/*!40101 SET @OLD_COLLATION_CONNECTION=@@COLLATION_CONNECTION */;
/*!40101 SET NAMES utf8mb4 */;

--
-- Database: `mavip`
--

-- --------------------------------------------------------

--
-- Estrutura da tabela `acl_access`
--

CREATE TABLE `acl_access` (
  `resource_id` varchar(45) NOT NULL,
  `privilege` varchar(45) NOT NULL,
  `allow` tinyint(4) DEFAULT NULL,
  `role_id` int(11) NOT NULL
) ENGINE=InnoDB DEFAULT CHARSET=utf8;

--
-- Extraindo dados da tabela `acl_access`
--

INSERT INTO `acl_access` (`resource_id`, `privilege`, `allow`, `role_id`) VALUES
('blacklist', 'delete', 1, 1),
('blacklist', 'list', 1, 1),
('blacklist', 'new', 1, 1),
('blacklist', 'update', 1, 1),
('blog', 'active', 1, 1),
('blog', 'delete', 1, 1),
('blog', 'list', 1, 1),
('blog', 'new', 1, 1),
('blog', 'update', 1, 1),
('busca', 'delete', 1, 1),
('busca', 'delete-lote', 1, 1),
('busca', 'list', 1, 1),
('buscaexcecao', 'delete', 1, 1),
('buscaexcecao', 'list', 1, 1),
('buscaexcecao', 'new', 1, 1),
('buscaexcecao', 'update', 1, 1),
('buscatermo', 'delete', 1, 1),
('buscatermo', 'list', 1, 1),
('buscatermo', 'new', 1, 1),
('buscatermo', 'update', 1, 1),
('categoria', 'delete', 1, 1),
('categoria', 'list', 1, 1),
('categoria', 'new', 1, 1),
('categoria', 'update', 1, 1),
('cliente', 'list', 1, 1),
('cliente', 'update', 1, 1),
('cliente', 'view', 1, 1),
('configs', 'list', 1, 1),
('configs', 'update', 1, 1),
('cupom', 'active', 1, 1),
('cupom', 'delete', 1, 1),
('cupom', 'list', 1, 1),
('cupom', 'new', 1, 1),
('cupom', 'newmulti', 1, 1),
('cupom', 'update', 1, 1),
('faq', 'active', 1, 1),
('faq', 'delete', 1, 1),
('faq', 'list', 1, 1),
('faq', 'new', 1, 1),
('faq', 'update', 1, 1),
('leitura', 'list', 1, 1),
('leitura', 'new', 1, 1),
('leitura', 'view', 1, 1),
('marca', 'list', 1, 1),
('marca', 'list', 1, 4),
('marca', 'new', 1, 1),
('marca', 'update', 1, 1),
('marca', 'update', 1, 4),
('marca', 'view', 1, 1),
('marca', 'view', 1, 4),
('marcahistoricomensagem', 'delete', 1, 1),
('marcahistoricomensagem', 'list', 1, 1),
('marcahistoricomensagem', 'new', 1, 1),
('marcahistoricomensagem', 'update', 1, 1),
('operacao', 'assumir', 1, 1),
('operacao', 'assumir', 1, 3),
('operacao', 'assumir', 1, 4),
('operacao', 'concluir', 1, 1),
('operacao', 'concluir', 1, 3),
('operacao', 'concluir', 1, 4),
('operacao', 'gerargru', 1, 1),
('operacao', 'gerargru', 1, 3),
('operacao', 'gerargru', 1, 4),
('operacao', 'gerarpeticionamento', 1, 1),
('operacao', 'gerarpeticionamento', 1, 3),
('operacao', 'gerarpeticionamento', 1, 4),
('operacao', 'list', 1, 1),
('operacao', 'list', 1, 3),
('operacao', 'list', 1, 4),
('operacao', 'listall', 1, 1),
('operacao', 'listall', 1, 4),
('pagina', 'update', 1, 1),
('painel', 'list', 1, 1),
('painel', 'list', 1, 2),
('painel', 'list', 1, 3),
('painel', 'list', 1, 4),
('painel', 'rendimento', 1, 2),
('parceiro', 'active', 1, 1),
('parceiro', 'delete', 1, 1),
('parceiro', 'list', 1, 1),
('parceiro', 'new', 1, 1),
('parceiro', 'update', 1, 1),
('parceirocategoria', 'active', 1, 1),
('parceirocategoria', 'delete', 1, 1),
('parceirocategoria', 'list', 1, 1),
('parceirocategoria', 'new', 1, 1),
('parceirocategoria', 'update', 1, 1),
('pedido', 'list', 1, 1),
('pedido', 'pagar', 1, 1),
('pedido', 'pago', 1, 1),
('pedido', 'view', 1, 1),
('servico', 'active', 1, 1),
('servico', 'list', 1, 1),
('servico', 'update', 1, 1),
('update', 'list', 1, 1),
('users', 'active', 1, 1),
('users', 'delete', 0, 1),
('users', 'list', 1, 1),
('users', 'new', 1, 1),
('users', 'password', 1, 1),
('users', 'password', 1, 2),
('users', 'password', 1, 3),
('users', 'password', 1, 4),
('users', 'update', 1, 1);

-- --------------------------------------------------------

--
-- Estrutura da tabela `acl_inheritance`
--

CREATE TABLE `acl_inheritance` (
  `child_id` int(11) NOT NULL,
  `parent_id` int(11) NOT NULL,
  `order` smallint(6) DEFAULT NULL
) ENGINE=InnoDB DEFAULT CHARSET=utf8;

-- --------------------------------------------------------

--
-- Estrutura da tabela `acl_resources`
--

CREATE TABLE `acl_resources` (
  `id` varchar(45) NOT NULL,
  `privilege` varchar(45) NOT NULL,
  `parent_id` varchar(45) DEFAULT NULL
) ENGINE=InnoDB DEFAULT CHARSET=utf8;

--
-- Extraindo dados da tabela `acl_resources`
--

INSERT INTO `acl_resources` (`id`, `privilege`, `parent_id`) VALUES
('blacklist', 'delete', NULL),
('blacklist', 'list', NULL),
('blacklist', 'new', NULL),
('blacklist', 'update', NULL),
('blog', 'active', NULL),
('blog', 'delete', NULL),
('blog', 'list', NULL),
('blog', 'new', NULL),
('blog', 'update', NULL),
('busca', 'delete', NULL),
('busca', 'delete-lote', NULL),
('busca', 'list', NULL),
('busca', 'new', NULL),
('busca', 'update', NULL),
('buscaexcecao', 'delete', NULL),
('buscaexcecao', 'list', NULL),
('buscaexcecao', 'new', NULL),
('buscaexcecao', 'update', NULL),
('buscatermo', 'delete', NULL),
('buscatermo', 'list', NULL),
('buscatermo', 'new', NULL),
('buscatermo', 'update', NULL),
('categoria', 'delete', NULL),
('categoria', 'list', NULL),
('categoria', 'new', NULL),
('categoria', 'update', NULL),
('cliente', 'list', NULL),
('cliente', 'update', NULL),
('cliente', 'view', NULL),
('configs', 'list', NULL),
('configs', 'update', NULL),
('cupom', 'active', NULL),
('cupom', 'delete', NULL),
('cupom', 'list', NULL),
('cupom', 'new', NULL),
('cupom', 'newmulti', NULL),
('cupom', 'update', NULL),
('faq', 'active', NULL),
('faq', 'delete', NULL),
('faq', 'list', NULL),
('faq', 'new', NULL),
('faq', 'update', NULL),
('leitura', 'list', NULL),
('leitura', 'new', NULL),
('leitura', 'view', NULL),
('marca', 'list', NULL),
('marca', 'new', NULL),
('marca', 'update', NULL),
('marca', 'view', NULL),
('marcahistoricomensagem', 'delete', NULL),
('marcahistoricomensagem', 'list', NULL),
('marcahistoricomensagem', 'new', NULL),
('marcahistoricomensagem', 'update', NULL),
('operacao', 'assumir', NULL),
('operacao', 'concluir', NULL),
('operacao', 'gerargru', NULL),
('operacao', 'gerarpeticionamento', NULL),
('operacao', 'list', NULL),
('operacao', 'listall', NULL),
('pagina', 'update', NULL),
('painel', 'list', NULL),
('painel', 'rendimento', NULL),
('parceiro', 'active', NULL),
('parceiro', 'delete', NULL),
('parceiro', 'list', NULL),
('parceiro', 'new', NULL),
('parceiro', 'update', NULL),
('parceirocategoria', 'active', NULL),
('parceirocategoria', 'delete', NULL),
('parceirocategoria', 'list', NULL),
('parceirocategoria', 'new', NULL),
('parceirocategoria', 'update', NULL),
('pedido', 'list', NULL),
('pedido', 'pagar', NULL),
('pedido', 'pago', NULL),
('pedido', 'view', NULL),
('servico', 'active', NULL),
('servico', 'list', NULL),
('servico', 'update', NULL),
('update', 'list', NULL),
('users', 'active', NULL),
('users', 'delete', NULL),
('users', 'list', NULL),
('users', 'new', NULL),
('users', 'password', NULL),
('users', 'update', NULL);

-- --------------------------------------------------------

--
-- Estrutura da tabela `acl_roles`
--

CREATE TABLE `acl_roles` (
  `id` int(11) NOT NULL,
  `name` varchar(45) DEFAULT NULL,
  `active` tinyint(1) NOT NULL DEFAULT '1',
  `date_create` datetime DEFAULT NULL
) ENGINE=InnoDB DEFAULT CHARSET=utf8;

--
-- Extraindo dados da tabela `acl_roles`
--

INSERT INTO `acl_roles` (`id`, `name`, `active`, `date_create`) VALUES
(1, 'Administrador', 1, NULL),
(2, 'Parceiro', 1, NULL),
(3, 'Atendimento', 1, NULL),
(4, 'Colaborador', 1, NULL);

-- --------------------------------------------------------

--
-- Estrutura da tabela `blacklist`
--

CREATE TABLE `blacklist` (
  `id` int(11) NOT NULL,
  `email` varchar(255) NOT NULL,
  `data_cadastro` datetime NOT NULL
) ENGINE=InnoDB DEFAULT CHARSET=utf8;

--
-- Extraindo dados da tabela `blacklist`
--

INSERT INTO `blacklist` (`id`, `email`, `data_cadastro`) VALUES
(2, 'teste@teste.com.br', '2017-01-26 09:02:26');

-- --------------------------------------------------------

--
-- Estrutura da tabela `blog`
--

CREATE TABLE `blog` (
  `id` int(11) NOT NULL,
  `titulo` varchar(255) DEFAULT NULL,
  `texto` longtext,
  `imagem` varchar(45) DEFAULT NULL,
  `data_cadastro` datetime DEFAULT NULL,
  `active` tinyint(1) NOT NULL DEFAULT '1',
  `resumo` text,
  `acessos` int(11) NOT NULL DEFAULT '0'
) ENGINE=InnoDB DEFAULT CHARSET=utf8;

--
-- Extraindo dados da tabela `blog`
--

INSERT INTO `blog` (`id`, `titulo`, `texto`, `imagem`, `data_cadastro`, `active`, `resumo`, `acessos`) VALUES
(1, 'Sed leo neque, ultrices at diam id, laoreet tempus nisi. Nullam nec tempus eros', '<p>Lorem ipsum dolor sit amet, consectetur adipiscing elit. Duis lectus elit, sollicitudin scelerisque eros at, eleifend maximus nunc. Quisque at mauris in est mollis dictum quis et massa. Suspendisse iaculis fringilla dignissim. Sed et mi ac est rutrum facilisis in ut tellus. Vestibulum vel lectus sodales, dictum massa ut, gravida quam. Pellentesque semper maximus viverra. Sed interdum, diam in ornare egestas, risus tellus feugiat justo, at interdum nunc metus sed nunc. Proin semper vulputate turpis ut dignissim. Vestibulum porttitor ut velit ac venenatis. Donec ac dolor convallis, rhoncus ex ut, convallis nibh. Sed sit amet lacus cursus, mollis tortor vitae, dapibus ex. Vestibulum eu nisl at lectus viverra dignissim.</p>\r\n\r\n<p>Praesent convallis blandit nibh, quis varius nulla imperdiet nec. Vestibulum pellentesque urna sit amet ex aliquam, eu aliquet sapien consectetur. Fusce convallis placerat interdum. Mauris ac efficitur neque. In vulputate est mauris, vitae vulputate felis bibendum at. Sed efficitur condimentum elementum. Sed nisi quam, elementum vel mollis ut, sagittis vel quam. Nulla vestibulum orci non sollicitudin rutrum. Cras semper massa ut mi vulputate volutpat. Nam bibendum ultricies elit nec ultricies. Vestibulum tempor lectus eu nisl facilisis, at sodales dui vehicula. Aenean viverra malesuada arcu, nec volutpat tortor mollis non. Curabitur tristique libero sed sapien convallis condimentum.</p>\r\n\r\n<p>Nam tincidunt finibus lectus, ut gravida lacus pulvinar ornare. Quisque fermentum, purus eget aliquam vehicula, dolor augue sollicitudin dolor, eget convallis libero quam ut augue. Etiam et felis nisi. Aliquam sodales nisl nec nisi egestas pharetra. In hac habitasse platea dictumst. Nullam egestas est enim, ut efficitur erat vehicula non. Phasellus consectetur lacus sit amet nibh volutpat fringilla. Nullam aliquet laoreet orci elementum sollicitudin. In pellentesque sodales ullamcorper. Duis sodales ex nisl, ac pellentesque felis ultrices aliquam. Vivamus commodo hendrerit lectus nec condimentum. Sed leo neque, ultrices at diam id, laoreet tempus nisi. Nullam nec tempus eros.</p>\r\n\r\n<p>Etiam congue eget nulla ac efficitur. Vivamus sed aliquam metus. Duis congue id lorem eu ornare. Vivamus dictum tellus luctus vulputate luctus. Maecenas ac justo porttitor, finibus nisl eu, pretium quam. Donec interdum, sem in pellentesque tincidunt, magna lectus gravida nulla, eu dignissim libero leo nec risus. Fusce libero elit, posuere ut faucibus quis, feugiat molestie eros. Morbi pellentesque, sapien et facilisis vehicula, mauris dui finibus diam, non volutpat augue dolor sit amet nisi. Nulla facilisi. Integer suscipit pellentesque erat, vel maximus felis finibus a. Maecenas ac tellus a ligula tempus aliquet. Mauris tincidunt dictum bibendum. Etiam aliquet gravida nunc eget sodales. Aenean commodo tellus eu sem pellentesque sagittis.</p>\r\n\r\n<p>Suspendisse pulvinar et magna vel condimentum. Interdum et malesuada fames ac ante ipsum primis in faucibus. Nullam velit quam, porta ut ligula at, luctus suscipit turpis. Praesent at leo ultricies, convallis lectus eu, commodo mauris. Nam ac est nec elit lacinia euismod ut eu arcu. Sed suscipit eu metus vitae venenatis. Sed dignissim justo sed finibus sagittis. Aenean non odio dignissim, semper mauris in, mollis justo. Sed mi magna, aliquet eget gravida et, maximus et eros. Praesent non magna nec urna aliquet fermentum. Nam quam ex, interdum nec sodales et, ultrices a magna. Sed eget felis neque. Duis lobortis mauris nulla, quis lacinia quam lacinia id.</p>\r\n', '201701091058150000004684.jpg', '2017-01-09 09:37:16', 1, '<p>Lorem ipsum dolor sit amet, consectetur adipiscing elit. Duis lectus elit, sollicitudin scelerisque eros at, eleifend maximus nunc. Quisque at mauris in est mollis dictum quis et massa. Suspendisse iaculis fringilla dignissim. Sed et mi ac est rutrum facilisis in ut tellus. Vestibulum vel lectus sodales, dictum massa ut, gravida quam. Pellentesque semper maximus viverra. Sed interdum, diam in ornare egestas, risus tellus feugiat justo, at interdum nunc metus sed nunc. Proin semper vulputate turpis ut dignissim. Vestibulum porttitor ut velit ac venenatis. Donec ac dolor convallis, rhoncus ex ut, convallis nibh. Sed sit amet lacus cursus, mollis tortor vitae, dapibus ex. Vestibulum eu nisl at lectus viverra dignissim.</p>\r\n', 2),
(2, 'Cras efficitur scelerisque enim, at rhoncus urna molestie sed', '<p>Lorem ipsum dolor sit amet, consectetur adipiscing elit. Phasellus semper quam ut massa sodales congue. Cras efficitur scelerisque enim, at rhoncus urna molestie sed. Interdum et malesuada fames ac ante ipsum primis in faucibus. Nullam ut turpis vitae erat pharetra euismod sed nec purus. Sed dignissim tellus lacus, eu consequat ante sagittis posuere. Aliquam suscipit sapien in massa gravida, sit amet rhoncus ex finibus. Nullam non erat sit amet ligula condimentum vulputate. Mauris id turpis consectetur, sodales magna non, efficitur leo. Aenean facilisis quam sed leo facilisis, sit amet sagittis neque hendrerit. Vestibulum sagittis, leo et tristique auctor, tellus orci blandit elit, eu ultrices nibh mi eleifend diam. Sed non imperdiet ex, quis sodales justo. Mauris blandit porta pellentesque. Mauris sed vehicula turpis, ac facilisis mauris. Pellentesque vitae hendrerit ante, at suscipit augue. Nulla et tincidunt libero.</p>\r\n\r\n<p>Sed convallis leo nunc, eget luctus risus pellentesque eu. Morbi tincidunt mi quis nisi luctus commodo. Etiam dapibus, erat eget varius euismod, sem felis vehicula magna, et malesuada magna leo vitae nisi. Aenean vitae massa urna. Etiam interdum ornare nunc, id fermentum lorem sagittis in. Praesent ullamcorper euismod eleifend. Cras congue risus et massa efficitur, a volutpat lacus tempus. Fusce rhoncus ex et est cursus pharetra. Pellentesque elementum sem id porttitor euismod. Donec lorem eros, sodales a odio eu, dignissim porttitor mi. Cras et blandit ex. Phasellus congue neque in orci cursus, nec porttitor libero aliquam. Donec sed gravida nisl. Proin sed congue nisl. Aliquam sed magna vel turpis consequat ultricies.</p>\r\n\r\n<p>Duis porta ornare odio, ac porttitor turpis mattis vitae. Morbi aliquam a ligula ac luctus. Donec euismod sagittis mi, in condimentum nunc pellentesque maximus. Vestibulum vehicula ex molestie felis faucibus, sit amet dapibus lacus tincidunt. Nam id volutpat elit. In eu tincidunt libero. Duis libero magna, egestas sit amet elit non, eleifend faucibus neque. Vivamus placerat sit amet urna sed cursus. Quisque porta massa sit amet nunc suscipit, et convallis dolor sagittis. Aliquam eget egestas magna, et porta metus. Nam non diam nec enim vulputate lacinia finibus quis turpis. Nam sagittis nunc augue, ut feugiat neque mollis ac. Etiam pulvinar arcu id placerat convallis.</p>\r\n\r\n<p>Sed posuere lectus sed tellus scelerisque venenatis. Cras posuere et ipsum eu feugiat. Aenean nec mauris fringilla, tincidunt risus id, vestibulum eros. Donec gravida ut turpis nec auctor. Donec nibh enim, imperdiet nec leo at, sollicitudin vehicula tortor. Proin sollicitudin nisi erat, sed viverra dui facilisis eget. Maecenas pharetra, diam et mattis convallis, sem nulla consequat nunc, at pretium tortor nisl vel nulla. Sed vitae bibendum ligula, ut aliquet erat. Pellentesque ultricies, ante vel consectetur volutpat, neque ex viverra nibh, vitae bibendum magna quam id orci.</p>\r\n\r\n<p>Sed neque diam, viverra ut orci vitae, tristique iaculis tortor. Nullam id enim in dolor luctus ullamcorper sed ut tellus. Aenean nec dui condimentum, malesuada libero id, laoreet massa. Integer nec dui sed tellus tristique finibus. Nunc consequat, libero et tristique venenatis, sem orci imperdiet lacus, eu ultrices risus mi eu eros. Sed non mi placerat, aliquet neque id, imperdiet massa. Nullam auctor eu eros in scelerisque. Nullam euismod condimentum sollicitudin. Etiam diam urna, fringilla ut dui ut, lacinia pellentesque quam. In hac habitasse platea dictumst. Pellentesque imperdiet et eros ut varius. Maecenas vitae posuere eros. Vestibulum ante ipsum primis in faucibus orci luctus et ultrices posuere cubilia Curae; Aliquam venenatis, elit vitae tempus sollicitudin, urna lectus imperdiet tellus, vitae lobortis magna est nec odio.</p>\r\n', NULL, '2017-01-09 10:07:30', 1, '<p>Lorem ipsum dolor sit amet, consectetur adipiscing elit. Phasellus semper quam ut massa sodales congue. Cras efficitur scelerisque enim, at rhoncus urna molestie sed. Interdum et malesuada fames ac ante ipsum primis in faucibus. Nullam ut turpis vitae erat pharetra euismod sed nec purus. Sed dignissim tellus lacus, eu consequat ante sagittis posuere. Aliquam suscipit sapien in massa gravida, sit amet rhoncus ex finibus. Nullam non erat sit amet ligula condimentum vulputate. Mauris id turpis consectetur, sodales magna non, efficitur leo. Aenean facilisis quam sed leo facilisis, sit amet sagittis neque hendrerit. Vestibulum sagittis, leo et tristique auctor, tellus orci blandit elit, eu ultrices nibh mi eleifend diam. Sed non imperdiet ex, quis sodales justo. Mauris blandit porta pellentesque. Mauris sed vehicula turpis, ac facilisis mauris. Pellentesque vitae hendrerit ante, at suscipit augue. Nulla et tincidunt libero.</p>\r\n', 2);

-- --------------------------------------------------------

--
-- Estrutura da tabela `busca`
--

CREATE TABLE `busca` (
  `id` int(11) NOT NULL,
  `marca` varchar(120) DEFAULT NULL,
  `email` varchar(255) DEFAULT NULL,
  `ip` varchar(15) DEFAULT NULL,
  `estilo` enum('texto','mista') DEFAULT NULL,
  `tipo` enum('produto','servico','comercio') DEFAULT NULL,
  `categoria_id` int(11) DEFAULT NULL,
  `cliente_id` int(11) DEFAULT NULL,
  `data_cadastro` datetime DEFAULT NULL,
  `resultado` tinyint(1) DEFAULT NULL
) ENGINE=InnoDB DEFAULT CHARSET=utf8;

--
-- Extraindo dados da tabela `busca`
--

INSERT INTO `busca` (`id`, `marca`, `email`, `ip`, `estilo`, `tipo`, `categoria_id`, `cliente_id`, `data_cadastro`, `resultado`) VALUES
(1, 'Max Holanda', 'max.brejo@gmail.com', '::1', NULL, NULL, NULL, NULL, NULL, NULL),
(2, 'Max Holanda', 'max.brejo@gmail.com', '::1', NULL, NULL, NULL, NULL, NULL, NULL),
(3, NULL, NULL, '::1', NULL, NULL, NULL, NULL, NULL, NULL),
(4, 'Max Holanda', 'max.brejo@gmail.com', '::1', NULL, NULL, NULL, NULL, NULL, NULL),
(5, 'Max Holanda', 'max.brejo@gmail.com', '::1', NULL, NULL, NULL, NULL, NULL, NULL),
(6, 'Max Holanda', 'max.brejo@gmail.com', '::1', NULL, NULL, NULL, NULL, NULL, NULL),
(7, 'Max Holanda', 'max.brejo@gmail.com', '::1', NULL, NULL, NULL, NULL, NULL, NULL),
(8, 'Max Holanda', 'max.brejo@gmail.com', '::1', NULL, NULL, NULL, NULL, NULL, NULL),
(9, 'Max Holanda', 'max.brejo@gmail.com', '::1', NULL, NULL, NULL, NULL, NULL, NULL),
(10, 'Max Holanda', 'max.brejo@gmail.com', '::1', NULL, NULL, NULL, NULL, NULL, NULL),
(11, 'Max Holanda', 'max.brejo@gmail.com', '::1', NULL, NULL, NULL, NULL, NULL, NULL),
(12, 'Max Holanda', 'max.brejo@gmail.com', '::1', NULL, NULL, NULL, NULL, NULL, NULL),
(13, 'Max Holanda', 'max.brejo@gmail.com', '::1', NULL, NULL, NULL, NULL, NULL, NULL),
(14, 'Max Holanda', 'max.brejo@gmail.com', '::1', NULL, NULL, NULL, NULL, NULL, NULL),
(15, 'Max Holanda', 'max.brejo@gmail.com', '::1', NULL, NULL, NULL, NULL, NULL, NULL),
(16, 'Max Holanda', 'max.brejo@gmail.com', '::1', NULL, NULL, NULL, NULL, NULL, NULL),
(17, 'Max Holanda', 'max.brejo@gmail.com', '::1', NULL, NULL, NULL, NULL, NULL, NULL),
(18, 'Max Holanda', 'max.brejo@gmail.com', '::1', NULL, NULL, NULL, NULL, NULL, NULL),
(19, 'Max Holanda', 'max.brejo@gmail.com', '::1', NULL, NULL, NULL, NULL, NULL, NULL),
(20, 'Max Holanda', 'max.brejo@gmail.com', '::1', NULL, NULL, NULL, NULL, NULL, NULL),
(21, 'Max Holanda', 'max.brejo@gmail.com', '::1', NULL, NULL, NULL, NULL, NULL, NULL),
(22, 'max.brejo@gmail.com', 'Max Holanda', '::1', 'texto', 'produto', 4, NULL, NULL, NULL),
(23, 'Max Holanda', 'max.brejo@gmail.com', '::1', NULL, NULL, NULL, NULL, '2016-09-22 09:05:14', NULL),
(24, 'Max Holanda', 'max.brejo@gmail.com', '::1', NULL, NULL, NULL, NULL, '2016-09-22 09:18:50', NULL),
(25, 'Max Holanda', 'max.brejo@gmail.com', '::1', NULL, NULL, NULL, NULL, '2016-09-22 09:19:15', NULL),
(26, 'Max Holanda', 'max.brejo@gmail.com', '::1', NULL, NULL, NULL, NULL, '2016-09-22 09:19:36', NULL),
(27, 'Max Holanda', 'max.brejo@gmail.com', '::1', NULL, NULL, NULL, NULL, '2016-09-22 09:20:14', NULL),
(28, 'Max Holanda', 'max.brejo@gmail.com', '::1', NULL, NULL, NULL, NULL, '2016-09-22 09:49:08', NULL),
(29, 'Max Holanda', 'max.brejo@gmail.com', '::1', NULL, NULL, NULL, NULL, '2016-09-22 09:50:37', NULL),
(30, 'Max Holanda', 'max.brejo@gmail.com', '::1', NULL, NULL, NULL, NULL, '2016-09-22 09:51:37', NULL),
(31, 'Max Holanda', 'max.brejo@gmail.com', '::1', NULL, NULL, NULL, NULL, '2016-09-22 09:52:03', NULL),
(32, 'Max Holanda', 'max.brejo@gmail.com', '::1', NULL, NULL, NULL, NULL, '2016-09-22 09:53:28', NULL),
(33, 'Max Holanda', 'max.brejo@gmail.com', '::1', NULL, NULL, NULL, NULL, '2016-09-22 09:53:45', NULL),
(34, 'Max Holanda', 'max.brejo@gmail.com', '::1', 'texto', NULL, 3, NULL, '2016-09-22 09:54:01', NULL),
(36, 'qualitare', 'teste@teste.com.br', '::1', 'texto', 'servico', NULL, NULL, '2016-09-22 10:38:57', NULL),
(37, 'qualitare', 'teste@teste.com.br', '::1', NULL, NULL, NULL, NULL, '2016-09-22 10:40:37', NULL),
(38, 'qualitare', 'teste@teste.com.br', '::1', NULL, NULL, NULL, NULL, '2016-09-22 10:41:17', NULL),
(39, 'qualitare', 'teste@teste.com.br', '::1', NULL, NULL, NULL, NULL, '2016-09-22 10:42:04', NULL),
(40, 'qualitare', 'teste@teste.com.br', '::1', NULL, NULL, NULL, NULL, '2016-09-22 10:42:13', NULL),
(41, 'qualitare', 'teste@teste.com.br', '::1', NULL, NULL, NULL, NULL, '2016-09-22 10:42:56', NULL),
(43, 'Max Holanda', 'max.brejo@gmail.com', '::1', 'texto', 'produto', 3, NULL, '2016-09-27 14:49:05', NULL),
(44, 'Globo', 'max.brejo@gmail.com', '::1', 'texto', 'produto', 3, NULL, '2016-09-27 17:27:21', NULL),
(45, 'Max Holanda', 'max.brejo@gmail.com', '::1', 'texto', 'produto', 4, NULL, '2016-10-04 07:17:42', NULL),
(46, 'Max Holanda', 'max.brejo@gmail.com', '::1', 'texto', 'produto', 4, NULL, '2016-10-04 22:58:56', NULL),
(47, 'Max Holanda', 'max.brejo@gmail.com', '::1', 'texto', 'produto', 4, NULL, '2016-10-06 10:10:38', NULL),
(48, 'Max Holanda', 'max.brejo@gmail.com', '::1', 'texto', 'produto', 3, NULL, '2016-10-06 10:38:55', NULL),
(49, 'Max Holanda', 'max.brejo@gmail.com', '::1', 'texto', 'produto', 3, NULL, '2016-10-06 14:07:13', NULL),
(50, 'Max Holanda', 'max.brejo@gmail.com', '::1', 'texto', 'produto', 3, NULL, '2016-10-06 15:22:31', NULL),
(51, 'Max Holanda', 'max.brejo@gmail.com', '::1', 'texto', 'produto', 3, NULL, '2016-10-06 15:41:08', NULL),
(52, 'Max Holanda', 'max.brejo@gmail.com', '::1', 'texto', 'produto', 3, NULL, '2016-10-06 15:43:03', NULL),
(53, 'Max Holanda', 'max.brejo@gmail.com', '::1', 'texto', 'produto', 3, NULL, '2016-10-06 16:03:40', NULL),
(54, 'Max Holanda MEI', 'max.brejo@gmail.com', '::1', 'texto', 'produto', 3, NULL, '2016-10-13 12:57:55', NULL),
(55, 'Max Busca', 'max.brejo@gmail.com', '::1', 'texto', 'produto', 3, NULL, '2016-10-13 14:27:15', NULL),
(56, 'Maxho', 'max.brejo@gmail.com', '::1', 'texto', 'produto', 3, NULL, '2016-10-13 14:39:10', NULL),
(57, 'MaxHO', 'max.brejo@gmail.com', '::1', 'texto', 'produto', 4, NULL, '2016-10-13 21:02:01', NULL),
(58, 'MaxHO', 'max.brejo@gmail.com', '::1', 'texto', 'produto', 4, NULL, '2016-10-13 21:13:21', NULL),
(59, 'MAXXXX', 'max.brejo@gmail.com', '::1', 'texto', 'produto', 4, NULL, '2016-10-13 21:17:18', NULL),
(60, 'Max Holanda', 'max.brejo@gmail.com', '::1', 'texto', 'produto', 3, NULL, '2016-10-17 09:17:12', NULL),
(61, 'Max Holanda', 'max.brejo@gmail.com', '::1', 'texto', 'produto', 4, NULL, '2016-10-17 09:26:13', NULL),
(62, 'Mavip', 'max.brejo@gmail.com', '::1', 'texto', 'produto', 4, NULL, '2016-10-19 15:21:36', NULL),
(63, 'Mavip', 'max.brejo@gmail.com', '::1', 'texto', 'produto', 4, NULL, '2016-10-19 15:26:19', NULL),
(64, 'Mavip', 'max.brejo@gmail.com', '::1', NULL, NULL, NULL, NULL, '2016-10-19 15:38:42', NULL),
(65, 'Mavip', 'max.brejo@gmail.com', '::1', NULL, NULL, NULL, NULL, '2016-10-19 15:41:03', NULL),
(66, 'Mavip', 'max.brejo@gmail.com', '::1', NULL, NULL, NULL, NULL, '2016-10-19 15:42:35', NULL),
(67, 'Max Holanda', 'max.brejo@gmail.com', '::1', NULL, NULL, NULL, NULL, '2016-10-19 15:50:43', NULL),
(68, 'Mavip', 'max.brejo@gmail.com', '::1', 'texto', 'produto', 4, NULL, '2016-10-19 15:50:52', NULL),
(69, 'Max Holanda', 'max.brejo@gmail.com', '::1', NULL, NULL, NULL, NULL, '2016-10-19 16:45:59', NULL),
(70, 'Max Holanda', 'max.brejo@gmail.com', '::1', NULL, NULL, NULL, NULL, '2016-10-19 16:46:37', NULL),
(71, 'Max Holanda', 'max.brejo@gmail.com', '::1', NULL, NULL, NULL, NULL, '2016-10-19 16:47:51', NULL),
(72, 'Max Holanda', 'max.brejo@gmail.com', '::1', NULL, NULL, NULL, NULL, '2016-10-19 16:48:06', NULL),
(73, 'Max Holanda', 'max.brejo@gmail.com', '::1', NULL, NULL, NULL, NULL, '2016-10-19 16:48:48', NULL),
(74, 'Max Holanda', 'max.brejo@gmail.com', '::1', NULL, NULL, NULL, NULL, '2016-10-19 16:48:51', NULL),
(75, 'Max Holanda', 'teste@teste.com.br', '::1', NULL, NULL, NULL, NULL, '2016-10-19 16:48:59', NULL),
(76, 'Max Holanda', 'teste@teste.com.br', '::1', NULL, NULL, NULL, NULL, '2016-10-19 16:49:21', NULL),
(77, 'Max Holanda', 'teste@teste.com.br', '::1', NULL, NULL, NULL, NULL, '2016-10-19 16:49:47', NULL),
(78, 'Max Holanda', 'teste@teste.com.br', '::1', NULL, NULL, NULL, NULL, '2016-10-19 16:49:57', NULL),
(79, 'Max Holanda', 'teste@teste.com.br', '::1', NULL, NULL, NULL, NULL, '2016-10-19 16:50:24', NULL),
(80, 'Max Holanda', 'teste@teste.com.br', '::1', NULL, NULL, NULL, NULL, '2016-10-19 16:50:31', NULL),
(81, 'MAvip', 'max.brejo@gmail.com', '::1', 'texto', 'produto', 4, NULL, '2016-10-19 17:10:27', NULL),
(82, 'Mavip', 'max.brejo@gmail.com', '::1', NULL, NULL, NULL, NULL, '2016-10-24 15:37:34', NULL),
(83, 'Mavip', 'max.brejo@gmail.com', '::1', NULL, NULL, NULL, NULL, '2016-10-24 15:39:37', NULL),
(84, 'Mavip', 'max.brejo@gmail.com', '::1', NULL, NULL, NULL, NULL, '2016-10-24 15:39:50', NULL),
(85, 'Mavip', 'max.brejo@gmail.com', '::1', NULL, NULL, NULL, NULL, '2016-10-24 15:40:08', NULL),
(86, 'Mavip', 'max.brejo@gmail.com', '::1', NULL, NULL, NULL, NULL, '2016-10-24 15:42:25', NULL),
(87, 'Mavip', 'max.brejo@gmail.com', '::1', NULL, NULL, NULL, NULL, '2016-10-24 15:42:30', NULL),
(88, 'Mavip', 'max.brejo@gmail.com', '::1', NULL, NULL, NULL, NULL, '2016-10-24 15:42:45', NULL),
(89, 'Mavip', 'max.brejo@gmail.com', '::1', NULL, NULL, NULL, NULL, '2016-10-24 15:43:29', NULL),
(90, 'Mavip', 'max.brejo@gmail.com', '::1', NULL, NULL, NULL, NULL, '2016-10-24 15:43:50', NULL),
(91, 'Mavip', 'max.brejo@gmail.com', '::1', NULL, NULL, NULL, NULL, '2016-10-24 15:44:16', NULL),
(92, 'Mavip', 'max.brejo@gmail.com', '::1', NULL, NULL, NULL, NULL, '2016-10-24 15:44:37', NULL),
(93, 'Mavip', 'max.brejo@gmail.com', '::1', NULL, NULL, NULL, NULL, '2016-10-24 15:47:14', NULL),
(94, 'Mavip', 'max.brejo@gmail.com', '::1', NULL, NULL, NULL, NULL, '2016-10-24 15:47:18', NULL),
(95, 'Mavip', 'max.brejo@gmail.com', '::1', NULL, NULL, NULL, NULL, '2016-10-24 15:47:29', NULL),
(96, 'Mavip', 'max.brejo@gmail.com', '::1', NULL, NULL, NULL, NULL, '2016-10-24 15:47:46', NULL),
(97, 'Mavip', 'max.brejo@gmail.com', '::1', NULL, NULL, NULL, NULL, '2016-10-24 15:49:26', NULL),
(98, 'Mavip', 'max.brejo@gmail.com', '::1', NULL, NULL, NULL, NULL, '2016-10-24 15:49:30', NULL),
(99, 'Mavip', 'max.brejo@gmail.com', '::1', NULL, NULL, NULL, NULL, '2016-10-24 15:50:30', NULL),
(100, 'MAVIP', 'max.brejo@gmail.com', '::1', 'texto', 'produto', 4, NULL, '2016-10-24 17:23:24', NULL),
(101, 'max adasdsad', 'max.brejo@gmail.com', '::1', NULL, NULL, NULL, NULL, '2016-10-25 08:32:14', NULL),
(102, 'max adasdsad', 'max.brejo@gmail.com', '::1', NULL, NULL, NULL, NULL, '2016-10-25 08:32:49', NULL),
(103, 'mavip', 'max.brejo@gmail.com', '::1', 'texto', 'servico', NULL, NULL, '2016-10-25 10:14:25', NULL),
(104, 'mavip', 'max.brejo@gmail.com', '::1', 'texto', 'produto', 4, NULL, '2016-10-25 10:22:52', NULL),
(105, 'mavip', 'max.brejo@gmail.com', '::1', NULL, NULL, NULL, NULL, '2016-10-25 10:40:35', NULL),
(106, 'mavip', 'max.brejo@gmail.com', '::1', NULL, NULL, NULL, NULL, '2016-10-25 10:44:24', NULL),
(107, 'mavip', 'max.brejo@gmail.com', '::1', NULL, NULL, NULL, NULL, '2016-10-25 10:44:53', NULL),
(108, 'mavip', 'max.brejo@gmail.com', '::1', NULL, NULL, NULL, NULL, '2016-10-25 10:45:04', NULL),
(109, 'mavip', 'max.brejo@gmail.com', '::1', NULL, NULL, NULL, NULL, '2016-10-25 10:45:25', NULL),
(110, 'mavip', 'max.brejo@gmail.com', '::1', NULL, NULL, NULL, NULL, '2016-10-25 10:46:44', NULL),
(111, 'mavip', 'max.brejo@gmail.com', '::1', NULL, NULL, NULL, NULL, '2016-10-25 10:46:58', NULL),
(112, 'mavip', 'max.brejo@gmail.com', '::1', NULL, NULL, NULL, NULL, '2016-10-25 10:48:06', NULL),
(113, 'mavip', 'max.brejo@gmail.com', '::1', NULL, NULL, NULL, NULL, '2016-10-25 10:57:12', NULL),
(114, 'teste de marca', 'max.brejo@gmail.com', '::1', 'texto', 'comercio', 7, NULL, '2016-10-25 18:43:41', NULL),
(115, 'Max Holanda', 'max.brejo@gmail.com', '::1', 'texto', 'produto', 4, NULL, '2016-10-25 21:31:38', NULL),
(116, 'Max Holanda', 'max.brejo@gmail.com', '::1', NULL, NULL, NULL, NULL, '2016-10-27 08:57:39', NULL),
(117, 'Max Holanda', 'max.brejo@gmail.com', '::1', NULL, NULL, NULL, NULL, '2016-10-27 08:59:02', NULL),
(118, 'Max Holanda', 'max.brejo@gmail.com', '::1', NULL, NULL, NULL, NULL, '2016-10-27 08:59:31', NULL),
(119, 'Max Holanda', 'max.brejo@gmail.com', '::1', NULL, NULL, NULL, NULL, '2016-10-27 12:11:26', NULL),
(120, 'Max Holanda', 'max.brejo@gmail.com', '::1', NULL, NULL, NULL, NULL, '2016-10-27 12:24:55', NULL),
(121, 'kromos', 'maxholanda@nagencia.com', '::1', 'texto', 'produto', 8, NULL, '2016-11-04 10:28:08', NULL),
(122, 'kromos', 'maxholanda@nagencia.com', '::1', 'texto', 'comercio', 7, NULL, '2016-11-04 10:32:15', NULL),
(123, 'kronos', 'maxholanda@nagencia.com', '::1', 'texto', 'comercio', 7, NULL, '2016-11-04 10:32:56', NULL),
(124, 'Max Holanda', 'teste@teste.com.br', '::1', 'texto', 'produto', 4, NULL, '2016-11-04 17:08:14', NULL),
(125, 'Max Holanda', 'teste@teste.com.br', '::1', NULL, NULL, NULL, NULL, '2016-11-04 17:29:07', NULL),
(126, 'Max Holanda', 'teste@teste.com.br', '::1', 'texto', 'servico', 6, NULL, '2016-11-04 17:36:26', 2),
(127, 'Max Holanda', 'teste@teste.com.br', '::1', 'texto', 'produto', 3, NULL, '2016-11-04 17:49:54', 2),
(128, 'Max Holanda', 'max.brejo@gmail.com', '::1', 'texto', 'produto', 8, NULL, '2016-11-07 11:15:18', 2),
(129, 'Max Holanda', 'max.brejo@gmail.com', '::1', 'texto', 'produto', 3, NULL, '2016-11-07 11:18:24', 2),
(130, 'Max Holanda', 'maxholanda@nagencia.com', '::1', 'texto', 'produto', 3, NULL, '2016-11-07 11:21:32', 2),
(131, 'Max Holanda', 'maxholanda@nagencia.com', '::1', NULL, NULL, NULL, NULL, '2016-11-08 17:47:53', NULL),
(132, 'Óculos', 'maxholanda@nagencia.com', '::1', 'texto', 'produto', 9, NULL, '2016-11-10 08:27:00', 2),
(133, 'Google Max', 'maxholanda@nagencia.com', '::1', 'texto', 'produto', 3, NULL, '2016-11-11 08:37:59', 0),
(134, 'Google Max', 'teste@teste.com.br', '::1', NULL, NULL, NULL, NULL, '2016-11-11 08:43:43', NULL),
(135, 'Google Max', 'teste@teste.com.br', '::1', 'texto', 'produto', 3, NULL, '2016-11-11 08:43:43', 0),
(136, 'Max Holanda', 'maxholanda@nagencia.com', '::1', 'texto', 'produto', 8, NULL, '2016-11-16 14:40:32', 2),
(137, 'Max Holanda', 'maxholanda@nagencia.com', '::1', 'texto', 'produto', 8, NULL, '2016-11-16 14:41:14', 2),
(138, 'Max Holanda', 'teste@teste.com.br', '::1', 'texto', 'produto', 3, NULL, '2016-11-21 10:49:25', 2),
(139, 'Max Holanda', 'maxholanda@nagencia.com', '::1', NULL, NULL, NULL, NULL, '2016-11-23 11:12:37', NULL),
(140, 'Max Holanda', 'maxholanda@nagencia.com', '::1', NULL, NULL, NULL, NULL, '2016-11-23 11:22:52', NULL),
(141, 'Max Holanda', 'max@qualitare.com.br', '::1', 'texto', 'produto', 8, NULL, '2016-11-24 14:30:40', 2),
(142, 'Max Holanda', 'max@qualitare.com.br', '::1', 'texto', 'produto', 8, NULL, '2016-11-24 14:31:03', 2),
(143, 'Max Holanda', 'max@qualitare.com.br', '::1', 'texto', 'produto', 8, NULL, '2016-11-24 14:31:36', 2),
(144, 'Max Holanda', 'max@qualitare.com.br', '::1', 'texto', 'servico', 6, NULL, '2016-12-20 08:36:30', 2),
(145, 'Max Holanda', 'max@qualitare.com.br', '::1', 'mista', 'servico', 6, NULL, '2016-12-20 08:38:59', 2),
(146, 'Pizza King', 'max@qualitare.com.br', '::1', NULL, NULL, NULL, NULL, '2017-01-09 10:34:19', NULL),
(148, 'Max Holanda', 'max@qualitare.com.br', '::1', 'texto', 'servico', 13, NULL, '2017-01-10 17:01:48', 2),
(149, 'vibrato', 'max@qualitare.com.br', '::1', 'texto', 'produto', 8, NULL, '2017-01-11 09:47:11', 2),
(150, 'qualitare', 'max@qualitare.com.br', '::1', NULL, NULL, NULL, NULL, '2017-01-11 10:27:20', NULL),
(151, 'qualitare', 'max@qualitare.com.br', '::1', NULL, NULL, NULL, NULL, '2017-01-11 10:30:47', NULL),
(152, 'Qualitare', 'max@qualitare.com.br', '::1', 'texto', 'produto', 4, NULL, '2017-01-11 10:35:20', 0),
(153, 'vibrato', 'max@qualitare.com.br', '::1', 'texto', 'produto', 8, NULL, '2017-01-11 10:42:50', 2),
(155, 'Max Holanda', 'max@qualitare.com.br', '::1', NULL, NULL, NULL, NULL, '2017-01-17 10:43:42', NULL),
(156, 'Max Holanda', 'max@qualitare.com.br', '::1', NULL, NULL, NULL, NULL, '2017-01-19 10:37:19', NULL),
(157, 'Max Holanda', 'max@qualitare.com.br', '::1', NULL, NULL, NULL, NULL, '2017-01-26 09:06:02', NULL);

-- --------------------------------------------------------

--
-- Estrutura da tabela `busca_excecao`
--

CREATE TABLE `busca_excecao` (
  `id` int(11) NOT NULL,
  `nome` varchar(45) DEFAULT NULL
) ENGINE=InnoDB DEFAULT CHARSET=utf8;

--
-- Extraindo dados da tabela `busca_excecao`
--

INSERT INTO `busca_excecao` (`id`, `nome`) VALUES
(1, 'Google');

-- --------------------------------------------------------

--
-- Estrutura da tabela `busca_termo`
--

CREATE TABLE `busca_termo` (
  `id` int(11) NOT NULL,
  `nome` varchar(80) DEFAULT NULL,
  `id_inpi` int(11) DEFAULT NULL
) ENGINE=InnoDB DEFAULT CHARSET=utf8;

--
-- Extraindo dados da tabela `busca_termo`
--

INSERT INTO `busca_termo` (`id`, `nome`, `id_inpi`) VALUES
(1, 'Pão', 32),
(2, 'óculos', 17);

-- --------------------------------------------------------

--
-- Estrutura da tabela `categoria`
--

CREATE TABLE `categoria` (
  `id` int(11) NOT NULL,
  `nome` varchar(80) DEFAULT NULL,
  `id_inpi` int(11) DEFAULT NULL,
  `descricao` varchar(512) DEFAULT NULL,
  `tipo` enum('servico','produto','comercio') DEFAULT NULL,
  `data_cadastro` datetime DEFAULT NULL
) ENGINE=InnoDB DEFAULT CHARSET=utf8;

--
-- Extraindo dados da tabela `categoria`
--

INSERT INTO `categoria` (`id`, `nome`, `id_inpi`, `descricao`, `tipo`, `data_cadastro`) VALUES
(1, 'Padaria, Massas e teste', 22, 'descrição da padaria', 'servico', '2016-09-21 09:50:03'),
(2, 'Automobilismo', 23, NULL, 'servico', '2016-09-21 10:24:23'),
(3, 'Chave', 24, NULL, 'produto', '2016-09-21 10:24:36'),
(4, 'Informática', 42, '', 'produto', '2016-09-21 10:25:00'),
(5, 'teste', 10, 'teste', 'comercio', '2016-10-24 15:50:22'),
(6, 'Produtos de informática', 35, 'teste', 'servico', '2016-10-25 10:14:21'),
(7, 'teste 2', 35, 'addasdasda', 'comercio', '2016-10-25 10:40:30'),
(8, 'Categoria 41', 41, '', 'produto', '2016-11-04 10:27:56'),
(9, 'óculos', 17, '', 'produto', '2016-11-10 08:24:58'),
(10, 'teste 1', 35, 'teste', 'servico', '2016-11-23 11:22:03'),
(11, 'teste 2', 36, 'teste', 'servico', '2016-11-23 11:22:14'),
(12, 'teste 3', 37, 'teste', 'servico', '2016-11-23 11:22:24'),
(13, 'categoria 44', 44, 'teste', 'servico', '2016-11-23 11:22:35'),
(14, 'Alimentos e Bebidas', 43, 'teste', 'servico', '2017-01-09 10:35:45');

-- --------------------------------------------------------

--
-- Estrutura da tabela `cidade`
--

CREATE TABLE `cidade` (
  `id` int(11) NOT NULL,
  `nome` varchar(80) DEFAULT NULL,
  `estado_id` int(11) NOT NULL
) ENGINE=InnoDB DEFAULT CHARSET=utf8;

--
-- Extraindo dados da tabela `cidade`
--

INSERT INTO `cidade` (`id`, `nome`, `estado_id`) VALUES
(1, 'Wanderlândia', 27),
(2, 'Venus', 27),
(3, 'Tupiratins', 27),
(4, 'Tupirata', 27),
(5, 'Tupirama', 27),
(6, 'Tocantinópolis', 27),
(7, 'Tocantinia', 27),
(8, 'Taquarussú do Tocantins', 27),
(9, 'Taquaralto', 27),
(10, 'Tamboril', 27),
(11, 'Talismã', 27),
(12, 'Taipas do Tocantins', 27),
(13, 'Taguatinga', 27),
(14, 'Sucupira', 27),
(15, 'Sitio Novo do Tocantins', 27),
(16, 'Silvanópolis', 27),
(17, 'São Valério da Natividade', 27),
(18, 'São Sebastião do Tocantins', 27),
(19, 'São Salvador do Tocantins', 27),
(20, 'São Miguel do Tocantins', 27),
(21, 'São Felix do Tocantins', 27),
(22, 'São Bento do Tocantins', 27),
(23, 'Santa Terezinha do Tocantins', 27),
(24, 'Santa Tereza do Tocantins', 27),
(25, 'Santa Rosa do Tocantins', 27),
(26, 'Santa Rita do Tocantins', 27),
(27, 'Santa Maria do Tocantins', 27),
(28, 'Santa Fé do Araguaia', 27),
(29, 'Sandolândia', 27),
(30, 'Sampaio', 27),
(31, 'Rio Sono', 27),
(32, 'Rio dos Bois', 27),
(33, 'Rio da Conceição', 27),
(34, 'Riachinho', 27),
(35, 'Recursolândia', 27),
(36, 'Pugmil', 27),
(37, 'Príncipe', 27),
(38, 'Presidente Kennedy', 27),
(39, 'Praia Norte', 27),
(40, 'Porto Nacional', 27),
(41, 'Porto Lemos', 27),
(42, 'Porto Alegre do Tocantins', 27),
(43, 'Porãozinho', 27),
(44, 'Pontes', 27),
(45, 'Ponte Alta do Tocantins', 27),
(46, 'Ponte Alta do Bom Jesus', 27),
(47, 'Pium', 27),
(48, 'Piraquê', 27),
(49, 'Pindorama do Tocantins', 27),
(50, 'Pilões', 27),
(51, 'Pequizeiro', 27),
(53, 'Peixe', 27),
(54, 'Pedro Ludovico', 27),
(55, 'Pedro Afonso', 27),
(56, 'Pé da Serra', 27),
(57, 'Pau D\'arco', 27),
(58, 'Paraná', 27),
(59, 'Paraíso do Tocantins', 27),
(60, 'Palmeirópolis', 27),
(61, 'Palmeirante', 27),
(62, 'Palmas', 27),
(63, 'Oliveira de Fátima', 27),
(64, 'Novo Jardim', 27),
(65, 'Novo Horizonte', 27),
(66, 'Novo Alegre', 27),
(67, 'Novo Acordo', 27),
(68, 'Nova Rosalândia', 27),
(69, 'Nova Olinda', 27),
(70, 'Nazaré', 27),
(71, 'Natividade', 27),
(72, 'Natal', 27),
(73, 'Muricilândia', 27),
(74, 'Mosquito', 27),
(75, 'Monte Santo do Tocantins', 27),
(76, 'Monte Lindo', 27),
(77, 'Monte do Carmo', 27),
(78, 'Miranorte', 27),
(79, 'Mirandópolis', 27),
(80, 'Miracema do Tocantins', 27),
(81, 'Maurilândia do Tocantins', 27),
(82, 'Mateiros', 27),
(83, 'Marianópolis do Tocantins', 27),
(84, 'Luzinópolis', 27),
(85, 'Lizarda', 27),
(86, 'Lavandeira', 27),
(87, 'Lajeado', 27),
(88, 'Lagoa do Tocantins', 27),
(89, 'Lagoa da Confusão', 27),
(90, 'Jussara', 27),
(91, 'Juarina', 27),
(92, 'Jaú do Tocantins', 27),
(93, 'Itaporã do Tocantins', 27),
(94, 'Itapiratins', 27),
(95, 'Itaguatins', 27),
(96, 'Itacaja', 27),
(97, 'Ipueiras', 27),
(98, 'Ilha Barreira Branca', 27),
(99, 'Gurupi', 27),
(100, 'Guarai', 27),
(101, 'Goiatins', 27),
(102, 'Goianorte', 27),
(103, 'Fortaleza do Tabocão', 27),
(104, 'Formoso do Araguaia', 27),
(105, 'Filadelfia', 27),
(106, 'Figueirópolis', 27),
(107, 'Fátima', 27),
(108, 'Esperantina', 27),
(109, 'Escondido', 27),
(110, 'Duere', 27),
(111, 'Dois Irmãos do Tocantins', 27),
(112, 'Divinópolis do Tocantins', 27),
(113, 'Dianópolis', 27),
(114, 'Darcinópolis', 27),
(115, 'Crixás do Tocantins', 27),
(116, 'Crixas', 27),
(117, 'Cristalândia', 27),
(118, 'Craolândia', 27),
(119, 'Couto de Magalhães', 27),
(120, 'Correinha', 27),
(121, 'Conceição do Tocantins', 27),
(122, 'Combinado', 27),
(123, 'Colméia', 27),
(124, 'Colinas do Tocantins', 27),
(125, 'Cocalinho', 27),
(126, 'Cocalândia', 27),
(127, 'Chapada da Natividade', 27),
(128, 'Chapada da Areia', 27),
(129, 'Centenario', 27),
(130, 'Caseara', 27),
(131, 'Cartucho', 27),
(132, 'Carrasco Bonito', 27),
(133, 'Carmolândia', 27),
(134, 'Cariri do Tocantins', 27),
(135, 'Cana Brava', 27),
(136, 'Campos Lindos', 27),
(137, 'Cachoeirinha', 27),
(138, 'Buriti do Tocantins', 27),
(139, 'Brejinho de Nazaré', 27),
(140, 'Brasilândia do Tocantins', 27),
(141, 'Brasilândia', 27),
(142, 'Bom Jesus do Tocantins', 27),
(143, 'Bernardo Sayão', 27),
(144, 'Barrolândia', 27),
(145, 'Barra do Ouro', 27),
(146, 'Barra do Grota', 27),
(147, 'Bandeirantes do Tocantins', 27),
(148, 'Babaculândia', 27),
(149, 'Axixa do Tocantins', 27),
(150, 'Aurora do Tocantins', 27),
(151, 'Augustinópolis', 27),
(152, 'Arraias', 27),
(153, 'Arapoema', 27),
(154, 'Araguatins', 27),
(155, 'Araguana', 27),
(156, 'Araguaina', 27),
(157, 'Araguaçu', 27),
(158, 'Araguacema', 27),
(159, 'Aragominas', 27),
(160, 'Aragacui', 27),
(161, 'Apinaje', 27),
(162, 'Aparecida do Rio Negro', 27),
(163, 'Angico', 27),
(164, 'Ananas', 27),
(165, 'Anajanópolis', 27),
(166, 'Alvorada', 27),
(167, 'Almas', 27),
(168, 'Aliança do Tocantins', 27),
(169, 'Aguiarnópolis', 27),
(170, 'Abreulândia', 27),
(171, 'Zacarias', 26),
(172, 'Votuporanga', 26),
(173, 'Votorantim', 26),
(174, 'Vitoriana', 26),
(175, 'Vitória Brasil', 26),
(176, 'Vista Alegre do Alto', 26),
(177, 'Viradouro', 26),
(178, 'Vinhedo', 26),
(179, 'Vila Xavier', 26),
(180, 'Vila Nery', 26),
(181, 'Vila Dirce', 26),
(182, 'Vicentinópolis', 26),
(183, 'Vicente de Carvalho', 26),
(184, 'Vera Cruz', 26),
(185, 'Venda Branca', 26),
(186, 'Várzea Paulista', 26),
(187, 'Varpa', 26),
(188, 'Vargem Grande Paulista', 26),
(189, 'Vargem Grande do Sul', 26),
(190, 'Vargem', 26),
(191, 'Vangloria', 26),
(192, 'Valparaíso', 26),
(193, 'Valinhos', 26),
(194, 'Valentim Gentil', 26),
(195, 'Vale Formoso', 26),
(196, 'Utinga', 26),
(197, 'Ururaí', 26),
(198, 'Urupês', 26),
(199, 'Uru', 26),
(200, 'Urania', 26),
(201, 'Universo', 26),
(202, 'União Paulista', 26),
(203, 'Uchoa', 26),
(204, 'Ubirajara', 26),
(205, 'Ubatuba', 26),
(206, 'Ubarana', 26),
(207, 'Turvinia', 26),
(208, 'Turmalina', 26),
(209, 'Turiuba', 26),
(210, 'Turiba do Sul', 26),
(211, 'Tupi Paulista', 26),
(212, 'Tupi', 26),
(213, 'Tupa', 26),
(214, 'Tujuguaba', 26),
(215, 'Tuiuti', 26),
(216, 'Três Vendas', 26),
(217, 'Três Pontes', 26),
(218, 'Três Fronteiras', 26),
(219, 'Três Aliancas', 26),
(220, 'Tremembe', 26),
(221, 'Trabiju', 26),
(222, 'Torrinha', 26),
(223, 'Torre de Pedra', 26),
(224, 'Toledo', 26),
(225, 'Timburi', 26),
(226, 'Tiete', 26),
(227, 'Tibirica do Paranapanema', 26),
(228, 'Tibirica', 26),
(229, 'Terra Roxa', 26),
(230, 'Terra Nova D\'oeste', 26),
(231, 'Termas de Ibira', 26),
(232, 'Teodoro Sampaio', 26),
(233, 'Tejupa', 26),
(234, 'Tecainda', 26),
(235, 'Taubate', 26),
(236, 'Tatui', 26),
(237, 'Taruma', 26),
(238, 'Tarabai', 26),
(239, 'Taquarivai', 26),
(240, 'Taquarituba', 26),
(241, 'Taquaritinga', 26),
(242, 'Taquaral', 26),
(243, 'Tapiratiba', 26),
(244, 'Tapirai', 26),
(245, 'Tapinas', 26),
(246, 'Tanabi', 26),
(247, 'Tambau', 26),
(248, 'Talhado', 26),
(249, 'Taiuva', 26),
(250, 'Taiacupeba', 26),
(251, 'Taiacu', 26),
(252, 'Taguaí', 26),
(253, 'Taciba', 26),
(254, 'Taboão da Serra', 26),
(255, 'Tabatinga', 26),
(256, 'Tabapua', 26),
(257, 'Tabajara', 26),
(258, 'Suzano', 26),
(259, 'Suzanapolis', 26),
(260, 'Sussuí', 26),
(261, 'Sumaré', 26),
(262, 'Suinana', 26),
(263, 'Sud Mennucci', 26),
(264, 'Sousas', 26),
(265, 'Sorocaba', 26),
(266, 'Solemar', 26),
(267, 'Sodrélia', 26),
(268, 'Socorro', 26),
(269, 'Simonsen', 26),
(270, 'Simões', 26),
(271, 'Silveiras', 26),
(272, 'Silvania', 26),
(273, 'Severinia', 26),
(274, 'Sete Barras', 26),
(275, 'Sertãozinho', 26),
(276, 'Serrana', 26),
(277, 'Serra Negra', 26),
(278, 'Serra Azul', 26),
(279, 'Sebastianópolis do Sul', 26),
(280, 'Sarutaia', 26),
(281, 'Sarapui', 26),
(282, 'Sapezal', 26),
(283, 'São Vicente', 26),
(284, 'São Simão', 26),
(285, 'São Silvestre de Jacareí', 26),
(286, 'São Sebastião da Serra', 26),
(287, 'São Sebastião da Grama', 26),
(288, 'São Sebastião', 26),
(289, 'São Roque da Fartura', 26),
(290, 'São Roque', 26),
(291, 'São Pedro do Turvo', 26),
(292, 'São Pedro', 26),
(293, 'São Paulo', 26),
(294, 'São Miguel Arcanjo', 26),
(295, 'São Martinho D\'oeste', 26),
(296, 'São Manuel', 26),
(297, 'São Luiz do Guaricanga', 26),
(298, 'São Luis do Paraitinga', 26),
(299, 'São Lourenco do Turvo', 26),
(300, 'São Lourenco da Serra', 26),
(301, 'São José dos Campos', 26),
(302, 'São José do Rio Preto', 26),
(303, 'São José do Rio Pardo', 26),
(304, 'São José do Barreiro', 26),
(305, 'São José das Laranjeiras', 26),
(306, 'São José da Bela Vista', 26),
(307, 'São Joaquim da Barra', 26),
(308, 'São João Novo', 26),
(309, 'São João do Pau D\'alho', 26),
(310, 'São João do Marinheiro', 26),
(311, 'São João de Itaguaçú', 26),
(312, 'São João de Iracema', 26),
(313, 'São João das Duas Pontes', 26),
(314, 'São João da Boa Vista', 26),
(315, 'São Francisco Xavier', 26),
(316, 'São Francisco da Praia', 26),
(317, 'São Francisco', 26),
(318, 'São Carlos', 26),
(319, 'São Caetano do Sul', 26),
(320, 'São Berto', 26),
(321, 'São Bernardo do Campo', 26),
(322, 'São Bento do Sapucai', 26),
(323, 'São Benedito das Areias', 26),
(324, 'São Benedito da Cachoeirinha', 26),
(325, 'Santos', 26),
(326, 'Santópolis do Águapei', 26),
(327, 'Santo Expedito', 26),
(328, 'Santo Antonio Paulista', 26),
(329, 'Santo Antonio do Pinhal', 26),
(330, 'Santo Antonio do Paranapanema', 26),
(331, 'Santo Antonio do Jardim', 26),
(332, 'Santo Antonio do Aracangua', 26),
(333, 'Santo Antonio de Posse', 26),
(334, 'Santo Antonio da Estiva', 26),
(335, 'Santo Antonio da Alegria', 26),
(336, 'Santo André', 26),
(337, 'Santo Anastacio', 26),
(338, 'Santelmo', 26),
(339, 'Santana de Parnaiba', 26),
(340, 'Santana da Ponte Pensa', 26),
(341, 'Santa Teresinha de Piracicaba', 26),
(342, 'Santa Salete', 26),
(343, 'Santa Rosa de Viterbo', 26),
(344, 'Santa Rita do Ribeira', 26),
(345, 'Santa Rita do Passa Quatro', 26),
(346, 'Santa Rita D\'oeste', 26),
(347, 'Santa Mercedes', 26),
(348, 'Santa Maria do Gurupa', 26),
(349, 'Santa Maria da Serra', 26),
(350, 'Santa Margarida Paulista', 26),
(351, 'Santa Lucia', 26),
(352, 'Santa Isabel do Marinheiro', 26),
(353, 'Santa Isabel', 26),
(354, 'Santa Gertrudes', 26),
(355, 'Santa Fé do Sul', 26),
(356, 'Santa Eudoxia', 26),
(357, 'Santa Ernestina', 26),
(358, 'Santa Cruz dos Lopes', 26),
(359, 'Santa Cruz do Rio Pardo', 26),
(360, 'Santa Cruz das Palmeiras', 26),
(361, 'Santa Cruz da Estrela', 26),
(362, 'Santa Cruz da Esperança', 26),
(363, 'Santa Cruz da Conceição', 26),
(364, 'Santa Clara D\'oeste', 26),
(365, 'Santa Branca', 26),
(366, 'Santa Barbara D\'oeste', 26),
(367, 'Santa America', 26),
(368, 'Santa Albertina', 26),
(369, 'Santa Adelia', 26),
(370, 'Sandovalina', 26),
(371, 'Salto Grande', 26),
(372, 'Salto do Avanhandava', 26),
(373, 'Salto de Pirapora', 26),
(374, 'Salto', 26),
(375, 'Saltinho', 26),
(376, 'Salmourão', 26),
(377, 'Salesópolis', 26),
(378, 'Sales Oliveira', 26),
(379, 'Sales', 26),
(380, 'Sagres', 26),
(381, 'Sabino', 26),
(382, 'Sabauna', 26),
(383, 'Ruilândia', 26),
(384, 'Rubineia', 26),
(385, 'Rubião Junior', 26),
(386, 'Rubiacea', 26),
(387, 'Roseira', 26),
(388, 'Rosana', 26),
(389, 'Rosalia', 26),
(390, 'Roberto', 26),
(391, 'Riversul', 26),
(392, 'Riolândia', 26),
(393, 'Rio Grande da Serra', 26),
(394, 'Rio das Pedras', 26),
(395, 'Rio Claro', 26),
(396, 'Rinópolis', 26),
(397, 'Rincão', 26),
(398, 'Rifaina', 26),
(399, 'Ribeiro dos Santos', 26),
(400, 'Ribeiro do Vale', 26),
(401, 'Ribeirão Preto', 26),
(402, 'Ribeirão Pires', 26),
(403, 'Ribeirão Grande', 26),
(404, 'Ribeirão dos Indios', 26),
(405, 'Ribeirão do Sul', 26),
(406, 'Ribeirão Corrente', 26),
(407, 'Ribeirão Branco', 26),
(408, 'Ribeirão Bonito', 26),
(409, 'Ribeira', 26),
(410, 'Riacho Grande', 26),
(411, 'Restinga', 26),
(412, 'Registro', 26),
(413, 'Reginópolis', 26),
(414, 'Regente Feijo', 26),
(415, 'Redenção da Serra', 26),
(416, 'Rechan', 26),
(417, 'Rancharia', 26),
(418, 'Rafard', 26),
(419, 'Quiririm', 26),
(420, 'Quintana', 26),
(421, 'Queluz', 26),
(422, 'Queiroz', 26),
(423, 'Quata', 26),
(424, 'Quadra', 26),
(425, 'Prudencio E Moraes', 26),
(426, 'Promissão', 26),
(427, 'Primavera', 26),
(428, 'Presidente Venceslau', 26),
(429, 'Presidente Prudente', 26),
(430, 'Presidente Epitacio', 26),
(431, 'Presidente Bernardes', 26),
(432, 'Presidente Alves', 26),
(433, 'Pratania', 26),
(434, 'Praia Grande', 26),
(435, 'Pradópolis', 26),
(436, 'Pradinia', 26),
(437, 'Pracinha', 26),
(438, 'Potunduva', 26),
(439, 'Potirendaba', 26),
(440, 'Potim', 26),
(441, 'Porto Novo', 26),
(442, 'Porto Ferreira', 26),
(443, 'Porto Feliz', 26),
(444, 'Porangaba', 26),
(445, 'Populina', 26),
(446, 'Pontes Gestal', 26),
(447, 'Pontalinda', 26),
(448, 'Pontal', 26),
(449, 'Pongai', 26),
(450, 'Pompeia', 26),
(451, 'Polvilho', 26),
(452, 'Poloni', 26),
(453, 'Poá', 26),
(454, 'Platina', 26),
(455, 'Planalto do Sul', 26),
(457, 'Planalto', 26),
(458, 'Pitangueiras', 26),
(459, 'Piratininga', 26),
(460, 'Pirassununga', 26),
(461, 'Pirapozinho', 26),
(462, 'Pirapora do Bom Jesus', 26),
(463, 'Pirapitingui', 26),
(464, 'Pirangi', 26),
(465, 'Piramboia', 26),
(466, 'Pirajui', 26),
(467, 'Piraju', 26),
(468, 'Piracicaba', 26),
(469, 'Piracaia', 26),
(470, 'Piquete', 26),
(471, 'Piquerobi', 26),
(472, 'Pioneiros', 26),
(473, 'Pinheiros', 26),
(474, 'Pinhalzinho', 26),
(475, 'Pindorama', 26),
(476, 'Pindamonhangaba', 26),
(477, 'Pilar do Sul', 26),
(478, 'Piedade', 26),
(479, 'Picinguaba', 26),
(480, 'Piacatu', 26),
(481, 'Peruibe', 26),
(482, 'Pereiras', 26),
(483, 'Pereira Barreto', 26),
(484, 'Penapolis', 26),
(485, 'Pedro de Toledo', 26),
(486, 'Pedro Barros', 26),
(487, 'Pedrinhas Paulista', 26),
(488, 'Pedreira', 26),
(489, 'Pedregulho', 26),
(490, 'Pedranópolis', 26),
(491, 'Pedra Branca de Itarare', 26),
(492, 'Pedra Bela', 26),
(493, 'Pederneiras', 26),
(494, 'Paulópolis', 26),
(495, 'Paulo de Faria', 26),
(496, 'Paulistania', 26),
(497, 'Paulinia', 26),
(498, 'Pauliceia', 26),
(499, 'Patrocinio Paulista', 26),
(500, 'Paruru', 26),
(501, 'Parque Meia Lua', 26),
(502, 'Parnaso', 26),
(503, 'Parisi', 26),
(504, 'Pariquera-Açú', 26),
(505, 'Pardinho', 26),
(506, 'Parapua', 26),
(507, 'Paranapua', 26),
(508, 'Paranapiacaba', 26),
(509, 'Paranapanema', 26),
(510, 'Paranabi', 26),
(511, 'Paraisoândia', 26),
(512, 'Paraiso', 26),
(513, 'Paraibuna', 26),
(514, 'Paraguaçú Paulista', 26),
(515, 'Panorama', 26),
(516, 'Palmital', 26),
(517, 'Palmeiras de São Paulo', 26),
(518, 'Palmeira D\'oeste', 26),
(519, 'Palmares Paulista', 26),
(520, 'Palestina', 26),
(521, 'Padre Nobrega', 26),
(522, 'Pacaembu', 26),
(523, 'Ouroeste', 26),
(524, 'Ouro Verde', 26),
(525, 'Ouro Fino Paulista', 26),
(526, 'Ourinhos', 26),
(527, 'Osvaldo Cruz', 26),
(528, 'Oscar Bressane', 26),
(529, 'Osasco', 26),
(530, 'Orlândia', 26),
(531, 'Orindiuva', 26),
(532, 'Oriente', 26),
(533, 'Onda Verde', 26),
(534, 'Onda Branca', 26),
(535, 'Oliveira Barros', 26),
(536, 'Olimpia', 26),
(537, 'Oleo', 26),
(538, 'Ocaucu', 26),
(539, 'Oasis', 26),
(540, 'Nuporanga', 26),
(541, 'Novo Horizonte', 26),
(542, 'Novo Cravinhos', 26),
(543, 'Novais', 26),
(544, 'Nova Veneza', 26),
(545, 'Nova Patria', 26),
(546, 'Nova Odessa', 26),
(547, 'Nova Luzitania', 26),
(548, 'Nova Itapirema', 26),
(549, 'Nova Independencia', 26),
(550, 'Nova Guataporanga', 26),
(551, 'Nova Granada', 26),
(552, 'Nova Europa', 26),
(553, 'Nova Castilho', 26),
(554, 'Nova Canaa Paulista', 26),
(555, 'Nova Campina', 26),
(556, 'Nova Aparecida', 26),
(557, 'Nova America', 26),
(558, 'Nova Alianca', 26),
(559, 'Nova Alexandria', 26),
(560, 'Nossa Senhora do Remedio', 26),
(561, 'Nogueira', 26),
(562, 'Nipoa', 26),
(563, 'Nhandeara', 26),
(564, 'Neves Paulista', 26),
(565, 'Nazaré Paulista', 26),
(566, 'Natividade da Serra', 26),
(567, 'Narandiba', 26),
(568, 'Nantes', 26),
(569, 'Murutinga do Sul', 26),
(570, 'Mourão', 26),
(571, 'Motuca', 26),
(572, 'Mostardas', 26),
(573, 'Morungaba', 26),
(574, 'Morro do Alto', 26),
(575, 'Morro Agudo', 26),
(576, 'Moreira Cesar', 26),
(577, 'Monteiro Lobato', 26),
(578, 'Monte Verde Paulista', 26),
(579, 'Monte Mor', 26),
(580, 'Monte Castelo', 26),
(581, 'Monte Cabrão', 26),
(582, 'Monte Azul Paulista', 26),
(583, 'Monte Aprazivel', 26),
(584, 'Monte Alto', 26),
(585, 'Monte Alegre do Sul', 26),
(586, 'Montalvão', 26),
(587, 'Mongagua', 26),
(588, 'Monções', 26),
(589, 'Mombuca', 26),
(590, 'Mogi-Mirim', 26),
(591, 'Mogi-Guacu', 26),
(592, 'Mogi das Cruzes', 26),
(593, 'Mococa', 26),
(594, 'Mirassolândia', 26),
(595, 'Mirassol', 26),
(596, 'Mirante do Paranapanema', 26),
(597, 'Mirandópolis', 26),
(598, 'Miraluz', 26),
(599, 'Miracatu', 26),
(600, 'Mira Estrela', 26),
(601, 'Mineiros do Tiete', 26),
(602, 'Miguelópolis', 26),
(603, 'Mesópolis', 26),
(604, 'Meridiano', 26),
(605, 'Mendonca', 26),
(606, 'Mauá', 26),
(607, 'Matão', 26),
(608, 'Martinópolis', 26),
(609, 'Martinho Prado Junior', 26),
(610, 'Martim Francisco', 26),
(611, 'Maristela', 26),
(612, 'Marinópolis', 26),
(613, 'Marilia', 26),
(614, 'Mariapolis', 26),
(615, 'Maresias', 26),
(616, 'Marcondesia', 26),
(617, 'Marapoama', 26),
(618, 'Maracai', 26),
(619, 'Maraba Paulista', 26),
(620, 'Mangaratu', 26),
(621, 'Manduri', 26),
(622, 'Major Prado', 26),
(623, 'Mairipora', 26),
(624, 'Mairinque', 26),
(625, 'Mailasqui', 26),
(626, 'Magda', 26),
(627, 'Macucos', 26),
(628, 'Macedonia', 26),
(629, 'Macaubal', 26),
(630, 'Macatuba', 26),
(631, 'Lutecia', 26),
(632, 'Lusitania', 26),
(633, 'Lupercio', 26),
(634, 'Luiziania', 26),
(635, 'Luis Antonio', 26),
(636, 'Lucianópolis', 26),
(637, 'Lucelia', 26),
(638, 'Louveira', 26),
(639, 'Lourdes', 26),
(640, 'Lorena', 26),
(641, 'Lobo', 26),
(642, 'Lins', 26),
(643, 'Lindoia', 26),
(644, 'Limeira', 26),
(645, 'Lencois Paulista', 26),
(646, 'Leme', 26),
(647, 'Lavrinhas', 26),
(648, 'Lavinia', 26),
(649, 'Lauro Penteado', 26),
(650, 'Laras', 26),
(651, 'Laranjal Paulista', 26),
(652, 'Lagoinha', 26),
(653, 'Lagoa Branca', 26),
(654, 'Lagoa Azul', 26),
(655, 'Lacio', 26),
(656, 'Jurupema', 26),
(657, 'Jurupeba', 26),
(658, 'Juruce', 26),
(659, 'Juritis', 26),
(660, 'Juquitiba', 26),
(661, 'Juquiratiba', 26),
(662, 'Juquia', 26),
(663, 'Junqueirópolis', 26),
(664, 'Junqueira', 26),
(665, 'Jundiapeba', 26),
(666, 'Jundiaí', 26),
(667, 'Jumirim', 26),
(668, 'Julio Mesquita', 26),
(669, 'Juliania', 26),
(670, 'José Bonifacio', 26),
(671, 'Jordanesia', 26),
(672, 'Joaquim Egidio', 26),
(673, 'João Ramalho', 26),
(674, 'Joanópolis', 26),
(675, 'Jeriquara', 26),
(676, 'Jau', 26),
(677, 'Jatoba', 26),
(678, 'Jarinu', 26),
(679, 'Jardinópolis', 26),
(680, 'Jardim Silveira', 26),
(681, 'Jardim Santa Luzia', 26),
(682, 'Jardim Presidente Dutra', 26),
(683, 'Jardim Belval', 26),
(684, 'Jandira', 26),
(685, 'Jambeiro', 26),
(686, 'Jamaica', 26),
(687, 'Jales', 26),
(688, 'Jaguariuna', 26),
(689, 'Jafa', 26),
(690, 'Jacupiranga', 26),
(691, 'Jacuba', 26),
(692, 'Jacipora', 26),
(693, 'Jaci', 26),
(694, 'Jacareí', 26),
(695, 'Jacare', 26),
(696, 'Jaboticabal', 26),
(697, 'Jaborandi', 26),
(698, 'Iubatinga', 26),
(699, 'Ituverava', 26),
(700, 'Itupeva', 26),
(701, 'Itú', 26),
(702, 'Itororo do Paranapanema', 26),
(703, 'Itobi', 26),
(704, 'Itirapua', 26),
(705, 'Itirapina', 26),
(706, 'Itatinga', 26),
(707, 'Itatiba', 26),
(708, 'Itariri', 26),
(709, 'Itarare', 26),
(710, 'Itaqueri da Serra', 26),
(711, 'Itaquaquecetuba', 26),
(712, 'Itapura', 26),
(713, 'Itapui', 26),
(714, 'Itaporanga', 26),
(715, 'Itapolis', 26),
(716, 'Itapirapua Paulista', 26),
(717, 'Itapira', 26),
(718, 'Itapevi', 26),
(719, 'Itapeva', 26),
(720, 'Itapeuna', 26),
(721, 'Itapetininga', 26),
(722, 'Itapecerica da Serra', 26),
(723, 'Itaoca', 26),
(724, 'Itanhaem', 26),
(725, 'Itaju', 26),
(726, 'Itajobi', 26),
(727, 'Itaiuba', 26),
(728, 'Itai', 26),
(729, 'Itaboa', 26),
(730, 'Itabera', 26),
(731, 'Irapuru', 26),
(732, 'Irapua', 26),
(733, 'Irape', 26),
(734, 'Iracemapolis', 26),
(735, 'Ipua', 26),
(736, 'Iporanga', 26),
(737, 'Ipigua', 26),
(738, 'Ipeuna', 26),
(739, 'Ipero', 26),
(740, 'Ipaussu', 26),
(741, 'Inubia Paulista', 26),
(742, 'Ingas', 26),
(743, 'Indiapora', 26),
(744, 'Indiana', 26),
(745, 'Indaiatuba', 26),
(746, 'Indaia do Águapei', 26),
(747, 'Ilhabela', 26),
(748, 'Ilha Solteira', 26),
(749, 'Ilha Diana', 26),
(750, 'Ilha Comprida', 26),
(751, 'Iguape', 26),
(752, 'Igarata', 26),
(753, 'Igarapava', 26),
(754, 'Igarai', 26),
(755, 'Igaracu do Tiete', 26),
(756, 'Igacaba', 26),
(757, 'Iepe', 26),
(758, 'Ida Iolanda', 26),
(759, 'Icem', 26),
(760, 'Ibiuna', 26),
(761, 'Ibitu', 26),
(762, 'Ibitiuva', 26),
(763, 'Ibitiruna', 26),
(764, 'Ibitinga', 26),
(765, 'Ibirarema', 26),
(766, 'Ibira', 26),
(767, 'Ibiporanga', 26),
(768, 'Ibate', 26),
(769, 'Iaras', 26),
(770, 'Iacri', 26),
(771, 'Iacanga', 26),
(772, 'Hortolândia', 26),
(773, 'Holambra Ii', 26),
(774, 'Holambra', 26),
(775, 'Herculândia', 26),
(776, 'Guzolândia', 26),
(777, 'Guatapara', 26),
(778, 'Guarulhos', 26),
(779, 'Guaruja', 26),
(780, 'Guarizinho', 26),
(781, 'Guariroba', 26),
(782, 'Guariba', 26),
(783, 'Guarei', 26),
(784, 'Guaratingueta', 26),
(785, 'Guararema', 26),
(786, 'Guararapes', 26),
(787, 'Guarapua', 26),
(788, 'Guarapiranga', 26),
(789, 'Guaranta', 26),
(790, 'Guarani D\'oeste', 26),
(791, 'Guaraciaba D\'oeste', 26),
(792, 'Guaraci', 26),
(793, 'Guaracai', 26),
(794, 'Guara', 26),
(795, 'Guapiranga', 26),
(796, 'Guapiara', 26),
(797, 'Guapiacu', 26),
(798, 'Guamium', 26),
(799, 'Guaira', 26),
(800, 'Guaimbe', 26),
(801, 'Guaicara', 26),
(802, 'Guaianas', 26),
(803, 'Guachos', 26),
(804, 'Gramadinho', 26),
(805, 'Glicerio', 26),
(806, 'Getulina', 26),
(807, 'General Salgado', 26),
(808, 'Gavião Peixoto', 26),
(809, 'Gastão Vidigal', 26),
(810, 'Gardenia', 26),
(811, 'Garca', 26),
(812, 'Galia', 26),
(813, 'Gabriel Monteiro', 26),
(814, 'Frutal do Campo', 26),
(815, 'Franco da Rocha', 26),
(816, 'Francisco Morato', 26),
(817, 'Franca', 26),
(818, 'Florinea', 26),
(819, 'Florida Paulista', 26),
(820, 'Floresta do Sul', 26),
(821, 'Floreal', 26),
(822, 'Flora Rica', 26),
(823, 'Ferraz de Vasconcelos', 26),
(824, 'Fernão', 26),
(825, 'Fernandópolis', 26),
(826, 'Fernando Prestes', 26),
(827, 'Fazenda Velha', 26),
(828, 'Fatima Paulista', 26),
(829, 'Fatima', 26),
(830, 'Fartura', 26),
(831, 'Eugenio de Melo', 26),
(832, 'Euclides da Cunha Paulista', 26),
(833, 'Estrela do Norte', 26),
(834, 'Estrela D\'oeste', 26),
(835, 'Estiva Gerbi', 26),
(836, 'Espirito Santo do Turvo', 26),
(837, 'Espirito Santo do Pinhal', 26),
(838, 'Espigão', 26),
(839, 'Esperança D\'oeste', 26),
(840, 'Esmeralda', 26),
(841, 'Engenheiro Schmidt', 26),
(842, 'Engenheiro Maia', 26),
(843, 'Engenheiro Coelho', 26),
(844, 'Engenheiro Balduino', 26),
(845, 'Eneida', 26),
(846, 'Emilianópolis', 26),
(847, 'Embu-Guacu', 26),
(848, 'Embu', 26),
(849, 'Embauba', 26),
(850, 'Elisiario', 26),
(851, 'Elias Fausto', 26),
(852, 'Eleuterio', 26),
(853, 'Eldorado', 26),
(854, 'Echapora', 26),
(855, 'Duplo Ceu', 26),
(856, 'Dumont', 26),
(857, 'Duartina', 26),
(858, 'Dracena', 26),
(859, 'Dourado', 26),
(860, 'Domelia', 26),
(861, 'Dolcinópolis', 26),
(862, 'Dois Corregos', 26),
(863, 'Dobrada', 26),
(864, 'Divinolândia', 26),
(865, 'Dirceu', 26),
(866, 'Dirce Reis', 26),
(867, 'Diadema', 26),
(868, 'Descalvado', 26),
(869, 'Dalas', 26),
(870, 'Curupa', 26),
(871, 'Cunha', 26),
(872, 'Cuiaba Paulista', 26),
(873, 'Cubatão', 26),
(874, 'Cruzeiro', 26),
(875, 'Cruzalia', 26),
(876, 'Cruz das Posses', 26),
(877, 'Cristais Paulista', 26),
(878, 'Cravinhos', 26),
(879, 'Cotia', 26),
(880, 'Costa Machado', 26),
(881, 'Cosmorama', 26),
(882, 'Cosmópolis', 26),
(883, 'Corumbatai', 26),
(884, 'Corrego Rico', 26),
(885, 'Corredeira', 26),
(886, 'Coronel Macedo', 26),
(887, 'Coronel Goulart', 26),
(888, 'Coroados', 26),
(889, 'Cordeirópolis', 26),
(890, 'Conchas', 26),
(891, 'Conchal', 26),
(892, 'Conceição de Monte Alegre', 26),
(893, 'Colombia', 26),
(894, 'Colina', 26),
(895, 'Cocaes', 26),
(896, 'Clementina', 26),
(897, 'Clarinia', 26),
(898, 'Cipo-Guacu', 26),
(899, 'Chavantes', 26),
(900, 'Charqueada', 26),
(901, 'Cezar de Souza', 26),
(902, 'Cesario Lange', 26),
(903, 'Cerquilho', 26),
(904, 'Cerqueira Cesar', 26),
(905, 'Cedral', 26),
(906, 'Caucaia do Alto', 26),
(907, 'Catucaba', 26),
(908, 'Catigua', 26),
(909, 'Catanduva', 26),
(910, 'Castilho', 26),
(911, 'Cassia dos Coqueiros', 26),
(912, 'Casa Branca', 26),
(913, 'Caruara', 26),
(915, 'Cardoso', 26),
(916, 'Cardeal', 26),
(917, 'Carapicuiba', 26),
(918, 'Caraguatatuba', 26),
(919, 'Capuava', 26),
(920, 'Caporanga', 26),
(921, 'Capivari da Mata', 26),
(922, 'Capivari', 26),
(923, 'Capela do Alto', 26),
(924, 'Capão Bonito', 26),
(925, 'Canitar', 26),
(926, 'Canguera', 26),
(927, 'Candido Rodrigues', 26),
(928, 'Candido Mota', 26),
(929, 'Candia', 26),
(930, 'Canas', 26),
(931, 'Cananeia', 26),
(932, 'Campos Novos Paulista', 26),
(933, 'Campos do Jordão', 26),
(934, 'Campos de Cunha', 26),
(935, 'Campo Limpo Paulista', 26),
(936, 'Campinas', 26),
(937, 'Campinal', 26),
(938, 'Campina do Monte Alegre', 26),
(939, 'Campina de Fora', 26),
(940, 'Campestrinho', 26),
(941, 'Cambaratiba', 26),
(942, 'Cambaquara', 26),
(943, 'Cajuru', 26),
(944, 'Cajobi', 26),
(945, 'Cajati', 26),
(946, 'Cajamar', 26),
(947, 'Caiua', 26),
(948, 'Caieiras', 26),
(949, 'Caibura', 26),
(950, 'Caiabu', 26),
(951, 'Cafesópolis', 26),
(952, 'Cafelândia', 26),
(953, 'Caconde', 26),
(954, 'Cachoeira Paulista', 26),
(955, 'Cachoeira de Emas', 26),
(956, 'Cacapava', 26),
(957, 'Cabreuva', 26),
(958, 'Cabralia Paulista', 26),
(959, 'Buritizal', 26),
(960, 'Buritama', 26),
(961, 'Buri', 26),
(962, 'Bueno de Andrada', 26),
(963, 'Brotas', 26),
(964, 'Brodowski', 26),
(965, 'Brejo Alegre', 26),
(966, 'Brauna', 26),
(967, 'Brasitania', 26),
(968, 'Bras Cubas', 26),
(969, 'Bragança Paulista', 26),
(970, 'Braco', 26),
(971, 'Botujuru', 26),
(972, 'Botucatu', 26),
(973, 'Botelho', 26),
(974, 'Botafogo', 26),
(975, 'Borebi', 26),
(976, 'Borborema', 26),
(977, 'Boraceia', 26),
(978, 'Bora', 26),
(979, 'Bonfim Paulista', 26),
(980, 'Bom Sucesso de Itarare', 26),
(981, 'Bom Retiro da Esperança', 26),
(982, 'Bom Jesus dos Perdoes', 26),
(983, 'Bom Fim do Bom Jesus', 26),
(984, 'Boituva', 26),
(985, 'Bofete', 26),
(986, 'Bocaina', 26),
(987, 'Boa Vista Paulista', 26),
(988, 'Boa Vista dos Andradas', 26),
(989, 'Boa Esperança do Sul', 26),
(990, 'Biritiba-Ussu', 26),
(991, 'Biritiba-Mirim', 26),
(992, 'Birigui', 26),
(993, 'Bilac', 26),
(994, 'Bertioga', 26),
(995, 'Bernardino de Campos', 26),
(996, 'Bento de Abreu', 26),
(997, 'Bela Vista São-Carlense', 26),
(998, 'Bela Floresta', 26),
(999, 'Bebedouro', 26),
(1000, 'Bauru', 26),
(1001, 'Batista Botelho', 26),
(1002, 'Batatuba', 26),
(1003, 'Batatais', 26),
(1004, 'Bastos', 26),
(1005, 'Barueri', 26),
(1006, 'Barrinha', 26),
(1007, 'Barretos', 26),
(1008, 'Barrania', 26),
(1009, 'Barra Dourada', 26),
(1010, 'BARRA do TURVO', 26),
(1011, 'BARRA do CHAPEU', 26),
(1012, 'Barra Bonita', 26),
(1013, 'Bariri', 26),
(1014, 'Barbosa', 26),
(1015, 'Barão de Geraldo', 26),
(1016, 'Barão de Antonina', 26),
(1017, 'Barão Ataliba Nogueira', 26),
(1018, 'Bandeirantes D\'oeste', 26),
(1019, 'Bananal', 26),
(1020, 'Balsamo', 26),
(1021, 'Balbinos', 26),
(1022, 'Bairro Alto', 26),
(1023, 'Baguaçú', 26),
(1024, 'Bady Bassitt', 26),
(1025, 'Bacuriti', 26),
(1026, 'Bacaetava', 26),
(1027, 'Avencas', 26),
(1028, 'Avare', 26),
(1029, 'Avanhandava', 26),
(1030, 'Avai', 26),
(1031, 'Auriflama', 26),
(1032, 'Atlantida', 26),
(1033, 'Atibaia', 26),
(1034, 'Assistencia', 26),
(1035, 'Assis', 26),
(1036, 'Aspasia', 26),
(1037, 'Aruja', 26),
(1038, 'Artur Nogueira', 26),
(1039, 'Artemis', 26),
(1040, 'Ariri', 26),
(1041, 'Ariranha', 26),
(1042, 'Areiópolis', 26),
(1043, 'Areias', 26),
(1044, 'Arealva', 26),
(1045, 'Arco-Iris', 26),
(1046, 'Arcadas', 26),
(1047, 'Araxas', 26),
(1048, 'Araras', 26),
(1049, 'Araraquara', 26),
(1050, 'Arapei', 26),
(1051, 'Arandu', 26),
(1052, 'Aramina', 26),
(1053, 'Aracoiaba da Serra', 26),
(1054, 'Aracatuba', 26),
(1055, 'Aracariguama', 26),
(1056, 'Aracaiba', 26),
(1057, 'Aracacu', 26),
(1058, 'Arabela', 26),
(1059, 'Apiai-Mirim', 26),
(1060, 'Apiai', 26),
(1061, 'Aparecida do Bonito', 26),
(1062, 'Aparecida de São Manuel', 26),
(1063, 'Aparecida de Monte Alto', 26),
(1064, 'Aparecida D\'oeste', 26),
(1065, 'Aparecida', 26),
(1067, 'Anhumas', 26),
(1068, 'Anhembi', 26),
(1069, 'Angatuba', 26),
(1070, 'Andradina', 26),
(1071, 'Andes', 26),
(1072, 'Anapolis', 26),
(1073, 'Analândia', 26),
(1074, 'Ana Dias', 26),
(1075, 'Amparo', 26),
(1076, 'Americo de Campos', 26),
(1077, 'Americo Brasiliense', 26),
(1078, 'Americana', 26),
(1079, 'Ameliópolis', 26),
(1080, 'Amandaba', 26),
(1081, 'Amadeu Amaral', 26),
(1082, 'Alvinlândia', 26),
(1083, 'Alvaro de Carvalho', 26),
(1084, 'Alvares Machado', 26),
(1085, 'Alvares Florence', 26),
(1086, 'Aluminio', 26),
(1087, 'Alto Pora', 26),
(1088, 'Alto Alegre', 26),
(1089, 'Altinópolis', 26),
(1090, 'Altair', 26),
(1091, 'Alfredo Marcondes', 26),
(1092, 'Alfredo Guedes', 26),
(1093, 'Aldeia de Carapicuiba', 26),
(1094, 'Aldeia', 26),
(1095, 'Alberto Moreira', 26),
(1096, 'Alambari', 26),
(1097, 'Ajapi', 26),
(1098, 'Agulha', 26),
(1099, 'Agudos', 26),
(1100, 'Águas de São Pedro', 26),
(1101, 'Águas de Santa Barbara', 26),
(1102, 'Águas de Lindoia', 26),
(1103, 'Águas da Prata', 26),
(1104, 'Águai', 26),
(1105, 'Água Vermelha', 26),
(1106, 'Agisse', 26),
(1107, 'Adolfo', 26),
(1108, 'Adamantina', 26),
(1109, 'Umbauba', 25),
(1110, 'TOMAR do GERU', 25),
(1111, 'Tobias Barreto', 25),
(1112, 'Telha', 25),
(1113, 'Siriri', 25),
(1114, 'Simão Dias', 25),
(1115, 'São Miguel do Aleixo', 25),
(1116, 'São Mateus da Palestina', 25),
(1117, 'São José', 25),
(1118, 'São Francisco', 25),
(1119, 'São Domingos', 25),
(1120, 'São Cristovão', 25),
(1121, 'Santo Amaro das Brotas', 25),
(1122, 'Santana do São Francisco', 25),
(1123, 'Santa Rosa de Lima', 25),
(1124, 'Santa Luzia do Itanhy', 25),
(1125, 'Samambaia', 25),
(1126, 'Salgado', 25),
(1127, 'Rosario do Catete', 25),
(1128, 'Ribeirópolis', 25),
(1129, 'Riachuelo', 25),
(1130, 'Riachão do Dantas', 25),
(1131, 'Propria', 25),
(1132, 'Porto da Folha', 25),
(1133, 'Poço Verde', 25),
(1134, 'Poço Redondo', 25),
(1135, 'Pirambu', 25),
(1136, 'Pinhão', 25),
(1137, 'Pedrinhas', 25),
(1138, 'Pedras', 25),
(1139, 'Pedra Mole', 25),
(1140, 'Palmares', 25),
(1141, 'Pacatuba', 25),
(1142, 'Nossa Senhora do Socorro', 25),
(1143, 'Nossa Senhora de Lourdes', 25),
(1144, 'Nossa Senhora das Dores', 25),
(1145, 'Nossa Senhora da Gloria', 25),
(1146, 'Nossa Senhora Aparecida', 25),
(1147, 'Neópolis', 25),
(1148, 'Muribeca', 25),
(1149, 'Mosqueiro', 25),
(1150, 'Monte Alegre de Sergipe', 25),
(1151, 'Moita Bonita', 25),
(1152, 'Miranda', 25),
(1153, 'Maruim', 25),
(1154, 'Malhador', 25),
(1155, 'Malhada dos Bois', 25),
(1156, 'Macambira', 25),
(1157, 'Laranjeiras', 25),
(1158, 'Lagoa Funda', 25),
(1159, 'Lagarto', 25),
(1160, 'Japoata', 25),
(1161, 'Japaratuba', 25),
(1162, 'Itaporanga D\'ajuda', 25),
(1163, 'Itabi', 25),
(1164, 'Itabaianinha', 25),
(1165, 'Itabaiana', 25),
(1166, 'Indiaroba', 25),
(1167, 'Ilha das Flores', 25),
(1168, 'Graccho Cardoso', 25),
(1169, 'General Maynard', 25),
(1170, 'Gararu', 25),
(1171, 'Frei Paulo', 25),
(1172, 'Feira Nova', 25),
(1173, 'Estancia', 25),
(1174, 'Divina Pastora', 25),
(1175, 'Cumbe', 25),
(1176, 'Cristinapolis', 25),
(1177, 'Cedro de São João', 25),
(1178, 'Carmópolis', 25),
(1179, 'Carira', 25),
(1180, 'Capela', 25),
(1181, 'Caninde de São Francisco', 25),
(1182, 'Canhoba', 25),
(1183, 'Campo do Brito', 25),
(1184, 'Brejo Grande', 25),
(1185, 'Boquim', 25),
(1186, 'Barracas', 25),
(1187, 'Barra dos Coqueiros', 25),
(1189, 'Areia Branca', 25),
(1190, 'Araua', 25),
(1191, 'Aracaju', 25),
(1192, 'Aquidaba', 25),
(1193, 'Amparo de São Francisco', 25),
(1194, 'Altos Verdes', 25),
(1195, 'Zortea', 24),
(1196, 'Xaxim', 24),
(1197, 'Xavantina', 24),
(1198, 'Xanxere', 24),
(1199, 'Witmarsum', 24),
(1200, 'Vitor Meireles', 24),
(1201, 'Vila Nova', 24),
(1202, 'Vila Milani', 24),
(1203, 'Vila de Volta Grande', 24),
(1204, 'Vila Conceição', 24),
(1205, 'Videira', 24),
(1206, 'Vidal Ramos', 24),
(1207, 'Vargem do Cedro', 24),
(1208, 'Vargem Bonita', 24),
(1209, 'Vargem', 24),
(1210, 'Vargeão', 24),
(1211, 'Urussanga', 24),
(1212, 'Urupema', 24),
(1213, 'Uruguai', 24),
(1214, 'Urubici', 24),
(1215, 'União do Oeste', 24),
(1216, 'Turvo', 24),
(1217, 'Tupitinga', 24),
(1218, 'Tunapolis', 24),
(1219, 'Tubarão', 24),
(1220, 'Trombudo Central', 24),
(1221, 'Treze Tilias', 24),
(1222, 'Treze de Maio', 24),
(1223, 'Treviso', 24),
(1224, 'Três Barras', 24),
(1225, 'Timbo Grande', 24),
(1226, 'Timbo', 24),
(1227, 'Timbe do Sul', 24),
(1228, 'Tijucas', 24),
(1229, 'Tigrinhos', 24),
(1230, 'Tigipio', 24),
(1231, 'Taquaras', 24),
(1232, 'Taquara Verde', 24),
(1233, 'Tangara', 24),
(1234, 'Taio', 24),
(1235, 'Sul Brasil', 24),
(1236, 'Sorocaba do Sul', 24),
(1237, 'Sombrio', 24),
(1238, 'Siderópolis', 24),
(1239, 'Sertão do Maruim', 24),
(1240, 'Serra Alta', 24),
(1241, 'Sede Oldemburg', 24),
(1242, 'Seara', 24),
(1243, 'Schroeder', 24),
(1244, 'Saudades', 24),
(1245, 'Sapiranga', 24),
(1246, 'São Sebastião do Sul', 24),
(1247, 'São Sebastião do Arvoredo', 24),
(1248, 'São Roque', 24),
(1249, 'São Pedro Tobias', 24),
(1250, 'São Pedro de Alcantara', 24),
(1251, 'São Miguel da Serra', 24),
(1252, 'São Miguel da Boa Vista', 24),
(1253, 'São Miguel D\'oeste', 24),
(1254, 'São Martinho', 24),
(1255, 'São Ludgero', 24),
(1256, 'São Lourenco do Oeste', 24),
(1257, 'São Leonardo', 24),
(1258, 'São José do Laranjal', 24),
(1259, 'São José do Cerrito', 24),
(1260, 'São José do Cedro', 24),
(1261, 'São José', 24),
(1262, 'São Joaquim', 24),
(1263, 'São João do Sul', 24),
(1264, 'São João do Rio Vermelho', 24),
(1265, 'São João do Oeste', 24),
(1266, 'São João do Itaperiu', 24),
(1267, 'São João Batista', 24),
(1268, 'São Gabriel', 24),
(1269, 'São Francisco do Sul', 24),
(1270, 'São Domingos', 24),
(1271, 'São Defende', 24),
(1272, 'São Cristovão Sul', 24),
(1273, 'São Cristovão', 24),
(1274, 'São Carlos', 24),
(1275, 'São Bonifacio', 24),
(1276, 'São Bernardino', 24),
(1277, 'São Bento do Sul', 24),
(1278, 'São Bento Baixo', 24),
(1279, 'Santo Antonio de Lisboa', 24),
(1280, 'Santo Amaro da Imperatriz', 24),
(1281, 'Santiago do Sul', 24),
(1282, 'Santa Terezinha do Salto', 24),
(1283, 'Santa Terezinha do Progresso', 24),
(1284, 'Santa Terezinha', 24),
(1285, 'Santa Rosa do Sul', 24),
(1286, 'Santa Rosa de Lima', 24),
(1287, 'Santa Maria', 24),
(1289, 'Santa Lucia', 24),
(1290, 'Santa Izabel', 24),
(1292, 'Santa Helena', 24),
(1293, 'Santa Cruz do Timbo', 24),
(1294, 'Santa Cecilia', 24),
(1295, 'Sangão', 24),
(1296, 'Sanga da Toca', 24),
(1297, 'Salto Veloso', 24),
(1298, 'Saltinho', 24),
(1299, 'Salete', 24),
(1300, 'Sai', 24),
(1301, 'Romelândia', 24),
(1302, 'Rodeio', 24),
(1303, 'Riqueza', 24),
(1304, 'Rio Rufino', 24),
(1305, 'Rio Preto do Sul', 24),
(1306, 'Rio Negrinho', 24),
(1307, 'Rio Maina', 24),
(1308, 'Rio Fortuna', 24),
(1309, 'Rio dos Cedros', 24),
(1310, 'Rio dos Bugres', 24),
(1311, 'Rio do Sul', 24),
(1312, 'Rio do Oeste', 24),
(1313, 'Rio do Campo', 24),
(1314, 'Rio das Furnas', 24),
(1315, 'Rio das Antas', 24),
(1316, 'Rio da Luz', 24),
(1317, 'Rio da Anta', 24),
(1318, 'Rio D\'una', 24),
(1319, 'Rio Bonito', 24),
(1320, 'Rio Antinha', 24),
(1321, 'Ribeirão Pequeno', 24),
(1322, 'Ribeirão da Ilha', 24),
(1323, 'Residencia Fuck', 24),
(1324, 'Ratones', 24),
(1325, 'Rancho Queimado', 24),
(1326, 'Quilometro Doze', 24),
(1327, 'Quilombo', 24),
(1328, 'Quarta Linha', 24),
(1329, 'Princesa', 24),
(1330, 'Presidente Nereu', 24),
(1331, 'Presidente Kennedy', 24),
(1332, 'Presidente Juscelino', 24),
(1333, 'Presidente Getulio', 24),
(1334, 'Presidente Castelo Branco', 24),
(1335, 'Prata', 24),
(1336, 'Praia Grande', 24),
(1337, 'Pouso Redondo', 24),
(1338, 'Porto União', 24),
(1339, 'Porto Belo', 24),
(1340, 'Ponte Serrada', 24),
(1341, 'Ponte Alta do Norte', 24),
(1342, 'Ponte Alta', 24),
(1343, 'Pomerode', 24),
(1344, 'Poço Preto', 24),
(1345, 'Planalto Alegre', 24),
(1346, 'Planalto', 24),
(1347, 'Piratuba', 24),
(1348, 'Pirabeiraba', 24),
(1349, 'Pinheiros', 24),
(1350, 'Pinheiro Preto', 24),
(1351, 'Pinheiral', 24),
(1352, 'Pinhalzinho', 24),
(1353, 'Pindotiba', 24),
(1354, 'Piçarras', 24),
(1355, 'Petrolândia', 24),
(1356, 'Pescaria Brava', 24),
(1357, 'Peritiba', 24),
(1358, 'Perico', 24),
(1359, 'Penha', 24),
(1360, 'Pedras Grandes', 24),
(1361, 'Paulo Lopes', 24),
(1362, 'Paula Pereira', 24),
(1363, 'Passos Maia', 24),
(1364, 'Passo Manso', 24),
(1365, 'Passo de Torres', 24),
(1366, 'Paraiso', 24),
(1367, 'Papanduva', 24),
(1368, 'Pantano do Sul', 24),
(1369, 'Palmitos', 24),
(1370, 'Palmeira', 24),
(1371, 'Palma Sola', 24),
(1372, 'Palhoca', 24),
(1373, 'Painel', 24),
(1374, 'Paial', 24),
(1376, 'Ouro Verde', 24),
(1377, 'Ouro', 24),
(1378, 'Otacilio Costa', 24),
(1379, 'Orleans', 24),
(1380, 'Novo Horizonte', 24),
(1381, 'Nova Veneza', 24),
(1382, 'Nova Trento', 24),
(1383, 'Nova Teutonia', 24),
(1384, 'Nova Petrópolis', 24),
(1385, 'Nova Itaberaba', 24),
(1386, 'Nova Guarita', 24),
(1387, 'Nova Erechim', 24),
(1388, 'Nova Cultura', 24),
(1389, 'Nossa Senhora de Caravaggio', 24),
(1390, 'Navegantes', 24),
(1391, 'Morro Grande', 24),
(1392, 'Morro do Meio', 24),
(1393, 'Morro da Fumaca', 24),
(1394, 'Morro Chato', 24),
(1395, 'Monte Castelo', 24),
(1396, 'Monte Carlo', 24),
(1397, 'Monte Alegre', 24),
(1398, 'Mondai', 24),
(1399, 'Modelo', 24),
(1400, 'Mirim Doce', 24),
(1401, 'Mirim', 24),
(1402, 'Mirador', 24),
(1403, 'Meleiro', 24),
(1404, 'Matos Costa', 24),
(1405, 'Massaranduba', 24),
(1406, 'Marombas Bossardi', 24),
(1407, 'Marombas', 24),
(1408, 'Mariflor', 24),
(1409, 'Marema', 24),
(1410, 'Marechal Bormann', 24),
(1411, 'Marcilio Dias', 24),
(1412, 'Maravilha', 24),
(1413, 'Marata', 24),
(1414, 'Marari', 24),
(1415, 'Maracaja', 24),
(1416, 'Major Vieira', 24),
(1417, 'Major Gercino', 24),
(1418, 'Mafra', 24),
(1419, 'Macieira', 24),
(1420, 'Machados', 24),
(1421, 'Luzerna', 24),
(1422, 'Luiz Alves', 24),
(1423, 'Lourdes', 24),
(1424, 'Lontras', 24),
(1425, 'Linha das Palmeiras', 24),
(1426, 'Lindoia do Sul', 24),
(1427, 'Leoberto Leal', 24),
(1428, 'Lebon Regis', 24),
(1429, 'Leão', 24),
(1430, 'Lauro Muller', 24),
(1431, 'Laurentino', 24),
(1432, 'Lajeado Grande', 24),
(1433, 'Laguna', 24),
(1434, 'Lagoa da Estiva', 24),
(1435, 'Lagoa', 24),
(1436, 'Lages', 24),
(1437, 'Lacerdópolis', 24),
(1438, 'Jupia', 24),
(1439, 'José Boiteux', 24),
(1440, 'Joinville', 24),
(1441, 'Joacaba', 24),
(1442, 'Jardinópolis', 24),
(1443, 'Jaragua do Sul', 24),
(1444, 'Jaguaruna', 24),
(1445, 'Jacinto Machado', 24),
(1446, 'Jabora', 24),
(1447, 'Ituporanga', 24),
(1448, 'Itoupava', 24),
(1449, 'Itapocu', 24),
(1450, 'Itapoa', 24),
(1451, 'Itapiranga', 24),
(1452, 'Itapema', 24),
(1453, 'Itajuba', 24),
(1454, 'Itajai', 24),
(1455, 'Itaiópolis', 24),
(1456, 'Itaio', 24),
(1457, 'Ita', 24),
(1458, 'Irineópolis', 24),
(1459, 'Irati', 24),
(1460, 'Iraputa', 24),
(1461, 'Irani', 24),
(1462, 'Irakitan', 24),
(1463, 'Iraceminha', 24),
(1464, 'Ipumirim', 24),
(1465, 'Ipuacu', 24),
(1466, 'Ipora do Oeste', 24),
(1467, 'Ipomeia', 24),
(1468, 'Ipira', 24),
(1469, 'Iomere', 24),
(1470, 'Invernada', 24),
(1471, 'Ingleses do Rio Vermelho', 24),
(1472, 'Indios', 24),
(1473, 'Indaial', 24),
(1474, 'Imbuia', 24),
(1475, 'Imbituba', 24),
(1476, 'Imarui', 24),
(1477, 'Ilhota', 24),
(1478, 'Icara', 24),
(1479, 'Ibirama', 24),
(1480, 'Ibicui', 24),
(1481, 'Ibicare', 24),
(1482, 'Ibiam', 24),
(1483, 'Herval D\'oeste', 24),
(1484, 'Herciliópolis', 24),
(1485, 'Hercilio Luz', 24),
(1486, 'Guatambu', 24),
(1487, 'Guata', 24),
(1488, 'Guaruja do Sul', 24),
(1489, 'Guaramirim', 24),
(1490, 'Guaraciaba', 24),
(1491, 'Guaporanga', 24),
(1492, 'Guabiruba', 24),
(1493, 'Gravatal', 24),
(1494, 'Grapia', 24),
(1495, 'Grão Para', 24),
(1496, 'Governador Celso Ramos', 24),
(1497, 'Goio-En', 24),
(1498, 'Gaspar', 24),
(1499, 'Garuva', 24),
(1500, 'Garopaba', 24),
(1501, 'Garcia', 24),
(1502, 'Galvão', 24),
(1503, 'Frei Rogerio', 24),
(1504, 'Frederico Wastner', 24),
(1505, 'Fraiburgo', 24),
(1506, 'Fragosos', 24),
(1507, 'Forquilhinha', 24),
(1508, 'Formosa do Sul', 24),
(1509, 'Florianópolis', 24),
(1510, 'Flor do Sertão', 24),
(1511, 'Figueira', 24),
(1512, 'Felipe Schmidt', 24),
(1513, 'Fazenda Zandavalli', 24),
(1514, 'Faxinal dos Guedes', 24),
(1515, 'Estação Cocal', 24),
(1516, 'Espinilho', 24),
(1517, 'Erval Velho', 24),
(1518, 'Ermo', 24),
(1519, 'Entre Rios', 24),
(1520, 'Enseada de Brito', 24),
(1521, 'Engenho Velho', 24),
(1522, 'Doutor Pedrinho', 24),
(1523, 'Dona Emma', 24),
(1524, 'Dionisio Cerqueira', 24),
(1525, 'Descanso', 24),
(1526, 'Dalbergia', 24),
(1527, 'Dal Pai', 24),
(1528, 'Curitibanos', 24),
(1529, 'Cunhatai', 24),
(1530, 'Cunha Pora', 24),
(1531, 'Criciuma', 24),
(1532, 'Corupa', 24),
(1533, 'Correia Pinto', 24),
(1534, 'Coronel Martins', 24),
(1535, 'Coronel Freitas', 24),
(1536, 'Cordilheira Alta', 24),
(1537, 'Concordia', 24),
(1538, 'Colonia Santana', 24),
(1539, 'Colonia Santa Tereza', 24),
(1540, 'Cocal do Sul', 24),
(1541, 'Claraiba', 24),
(1542, 'Chapeco', 24),
(1543, 'Chapadão do Lageado', 24),
(1544, 'Cerro Negro', 24),
(1545, 'Celso Ramos', 24),
(1546, 'Cedro Alto', 24),
(1547, 'Caxambu do Sul', 24),
(1548, 'Catuira', 24),
(1549, 'Catanduvas', 24),
(1550, 'Caraiba', 24),
(1551, 'Capivari de Baixo', 24),
(1552, 'Capinzal', 24),
(1553, 'Capão Alto', 24),
(1554, 'Canoinhas', 24),
(1555, 'Canoas', 24),
(1556, 'Canelinha', 24),
(1557, 'Canasvieiras', 24),
(1558, 'Campos Novos', 24),
(1559, 'Campo Ere', 24),
(1560, 'Campo Belo do Sul', 24),
(1561, 'Campo Alegre', 24),
(1562, 'Campinas', 24),
(1563, 'Campeche', 24),
(1564, 'Cambuinzal', 24),
(1565, 'Camboriu', 24),
(1566, 'Calmon', 24),
(1567, 'Caibi', 24),
(1568, 'Cachoeira do Bom Jesus', 24),
(1569, 'Cachoeira de Fatima', 24),
(1570, 'Cacador', 24),
(1571, 'Brusque', 24),
(1572, 'Brunópolis', 24),
(1573, 'Braco do Trombudo', 24),
(1574, 'Braço do Norte', 24),
(1575, 'Botuvera', 24),
(1576, 'Bombinhas', 24),
(1577, 'Bom Sucesso', 24),
(1578, 'Bom Retiro', 24),
(1579, 'Bom Jesus do Oeste', 24),
(1580, 'Bom Jesus', 24),
(1581, 'Bom Jardim da Serra', 24),
(1582, 'Boiteuxburgo', 24),
(1583, 'Bocaina do Sul', 24),
(1584, 'Blumenau', 24),
(1585, 'Biguaçú', 24),
(1586, 'Benedito Novo', 24),
(1587, 'Belmonte', 24),
(1588, 'Bela Vista do Toldo', 24),
(1589, 'Bela Vista do Sul', 24),
(1590, 'Bela Vista', 24),
(1591, 'Bateias de Baixo', 24),
(1592, 'Barro Branco', 24),
(1593, 'Barreiros', 24),
(1594, 'Barra Velha', 24),
(1595, 'Barra Grande', 24),
(1596, 'Barra Fria', 24),
(1597, 'Barra da Prata', 24),
(1598, 'Barra da Lagoa', 24),
(1599, 'Barra Clara', 24),
(1600, 'Barra Bonita', 24),
(1601, 'Bandeirante', 24),
(1602, 'Balneario Morro dos Conventos', 24),
(1603, 'Balneario Gaivota', 24),
(1604, 'Balneario Camboriu', 24),
(1605, 'Balneario Barra do Sul', 24),
(1606, 'Balneario Arroio do Silva', 24),
(1607, 'Baia Alta', 24),
(1608, 'Azambuja', 24),
(1609, 'Aurora', 24),
(1610, 'Aterrado Torto', 24),
(1611, 'Atalanta', 24),
(1612, 'Ascurra', 24),
(1613, 'Arvoredo', 24),
(1614, 'Arroio Trinta', 24),
(1615, 'Arnópolis', 24),
(1616, 'Armazem', 24),
(1617, 'Ararangua', 24),
(1618, 'Araquari', 24),
(1619, 'Arabuta', 24),
(1620, 'Apiuna', 24),
(1621, 'Antonio Carlos', 24),
(1622, 'Anta Gorda', 24),
(1623, 'Anitapolis', 24),
(1624, 'Anita Garibaldi', 24),
(1625, 'Angelina', 24),
(1626, 'Anchieta', 24),
(1627, 'Alto da Serra', 24),
(1628, 'Alto Bela Vista', 24),
(1629, 'Alto Alegre', 24),
(1630, 'Alfredo Wagner', 24),
(1631, 'Aiure', 24),
(1632, 'Aguti', 24),
(1633, 'Águas Mornas', 24),
(1634, 'Águas Frias', 24),
(1635, 'Águas de Chapeco', 24),
(1636, 'Águas Claras', 24),
(1637, 'Águas Brancas', 24),
(1638, 'Água Doce', 24),
(1639, 'Agronomica', 24),
(1640, 'Agrolândia', 24),
(1641, 'Abelardo Luz', 24),
(1642, 'Abdon Batista', 24),
(1643, 'Xingu', 23),
(1644, 'Xangri-La', 23),
(1645, 'Xadrez', 23),
(1646, 'Volta Grande', 23),
(1647, 'Volta Fechada', 23),
(1648, 'Volta Alegre', 23),
(1649, 'Vitoria das Missões', 23),
(1650, 'Vitória', 23),
(1651, 'Vista Gaucha', 23),
(1652, 'Vista Alegre do Prata', 23),
(1654, 'Vista Alegre', 23),
(1655, 'Vila Turvo', 23),
(1656, 'Vila Seca', 23),
(1657, 'Vila Rica', 23),
(1658, 'Vila Nova do Sul', 23),
(1659, 'Vila Maria', 23),
(1660, 'Vila Laranjeira', 23),
(1661, 'Vila Langaro', 23),
(1662, 'Vila Flores', 23),
(1663, 'Vila Cruz', 23),
(1664, 'Vila Bender', 23),
(1665, 'Victor Graeff', 23),
(1666, 'Vicente Dutra', 23),
(1667, 'Viamão', 23),
(1668, 'Viadutos', 23),
(1669, 'Vespasiano Correa', 23),
(1670, 'Vertentes', 23),
(1671, 'Veranópolis', 23),
(1672, 'Vera Cruz', 23),
(1673, 'Venancio Aires', 23),
(1674, 'Vanini', 23),
(1675, 'Vale Verde', 23),
(1676, 'Vale Veneto', 23),
(1677, 'Vale Real', 23),
(1678, 'Vale do Sol', 23),
(1679, 'Vale do Rio Cai', 23),
(1680, 'Valdastico', 23),
(1681, 'Vacaria', 23),
(1682, 'Vacacai', 23),
(1683, 'Uruguaiana', 23),
(1684, 'Unistalda', 23),
(1685, 'União da Serra', 23),
(1686, 'Umbu', 23),
(1687, 'Ubiretama', 23),
(1688, 'Turvinho', 23),
(1689, 'Turucu', 23),
(1690, 'Tupinamba', 23),
(1691, 'Tupi Silveira', 23),
(1692, 'Tuparendi', 23),
(1693, 'Tupantuba', 23),
(1694, 'Tupandi', 23),
(1695, 'Tupancy Ou Vila Block', 23),
(1696, 'Tupancireta', 23),
(1697, 'Tupanci do Sul', 23),
(1698, 'Tunel Verde', 23),
(1699, 'Tunas', 23),
(1700, 'Tuiuti', 23),
(1701, 'Tucunduva', 23),
(1702, 'Tronqueiras', 23),
(1703, 'Triunfo', 23),
(1704, 'Trindade do Sul', 23),
(1705, 'Três Vendas', 23),
(1706, 'Três Passos', 23),
(1707, 'Três Palmeiras', 23),
(1708, 'Três Forquilhas', 23),
(1709, 'Três de Maio', 23),
(1710, 'Três Coroas', 23),
(1711, 'Três Cachoeiras', 23),
(1712, 'Três Barras', 23),
(1713, 'Três Arroios', 23),
(1714, 'Trentin', 23),
(1715, 'Travesseiro', 23),
(1716, 'Tramandai', 23),
(1717, 'Touro Passo', 23),
(1718, 'Torrinhas', 23),
(1719, 'Torres', 23),
(1720, 'Torquato Severo', 23),
(1721, 'Toroqua', 23),
(1722, 'Toropi', 23),
(1723, 'Tiradentes do Sul', 23),
(1724, 'Timbauva', 23),
(1725, 'Tiaraju', 23),
(1726, 'Teutonia', 23),
(1727, 'Tesouras', 23),
(1728, 'Terra de Areia', 23),
(1729, 'Tenente Portela', 23),
(1730, 'Tavares', 23),
(1731, 'Taquarucu do Sul', 23),
(1732, 'Taquarichim', 23),
(1733, 'Taquari', 23),
(1734, 'Taquara', 23),
(1735, 'Tapes', 23),
(1737, 'Tapera', 23),
(1738, 'Tapejara', 23),
(1739, 'Tanque', 23),
(1740, 'Tamandua', 23),
(1741, 'Tainhas', 23),
(1742, 'Taim', 23),
(1743, 'Tabajara', 23),
(1744, 'Tabai', 23),
(1745, 'Suspiro', 23),
(1746, 'Souza Ramos', 23),
(1747, 'Soledade', 23),
(1748, 'Sobradinho', 23),
(1749, 'Sitio Gabriel', 23),
(1750, 'Sirio', 23),
(1751, 'Sinimbu', 23),
(1752, 'Silveira Martins', 23),
(1753, 'Silveira', 23),
(1754, 'Silva Jardim', 23),
(1755, 'Severiano de Almeida', 23),
(1756, 'Sete Lagoas', 23),
(1759, 'Sete de Setembro', 23),
(1760, 'Sertãozinho', 23),
(1761, 'Sertão Santana', 23),
(1762, 'Sertão', 23),
(1763, 'Serrinha', 23),
(1764, 'Serra dos Gregorios', 23),
(1765, 'Serio', 23),
(1766, 'Serafina Correa', 23),
(1767, 'Serafim Schmidt', 23),
(1768, 'Sentinela do Sul', 23),
(1769, 'Senador Salgado Filho', 23),
(1770, 'Selbach', 23),
(1771, 'Seival', 23),
(1773, 'Segredo', 23),
(1774, 'Sede Nova', 23),
(1775, 'Sede Aurora', 23),
(1776, 'Seca', 23),
(1777, 'Seberi', 23),
(1778, 'Scharlau', 23),
(1779, 'Sarandi', 23),
(1780, 'Sapucaia do Sul', 23),
(1781, 'Sapiranga', 23),
(1782, 'São Vicente do Sul', 23),
(1783, 'São Vendelino', 23),
(1784, 'São Valerio do Sul', 23),
(1785, 'São Valentim do Sul', 23),
(1787, 'São Valentim', 23),
(1788, 'São Simão', 23),
(1789, 'São Sepe', 23),
(1790, 'São Sebastião do Cai', 23),
(1792, 'São Sebastião', 23),
(1793, 'São Roque', 23),
(1794, 'São Pedro do Sul', 23),
(1795, 'São Pedro do Iraxim', 23),
(1796, 'São Pedro do Butia', 23),
(1797, 'São Pedro da Serra', 23),
(1799, 'São Pedro', 23),
(1800, 'São Paulo das Missões', 23),
(1801, 'São Paulo', 23),
(1802, 'São Nicolau', 23),
(1803, 'São Miguel das Missões', 23),
(1804, 'São Miguel', 23),
(1805, 'São Martinho da Serra', 23),
(1806, 'São Martinho', 23),
(1808, 'São Marcos', 23),
(1809, 'São Manuel', 23),
(1810, 'São Luiz Gonzaga', 23),
(1811, 'São Luiz', 23),
(1812, 'São Luis Rei', 23),
(1813, 'São Lourenco do Sul', 23),
(1814, 'São Lourenco das Missões', 23),
(1815, 'São Leopoldo', 23),
(1816, 'São José dos Ausentes', 23),
(1817, 'São José do Ouro', 23),
(1818, 'São José do Norte', 23),
(1819, 'São José do Inhacora', 23),
(1820, 'São José do Hortencio', 23),
(1821, 'São José do Herval', 23),
(1822, 'São José do Centro', 23),
(1823, 'São José de Castro', 23),
(1824, 'São José das Missões', 23),
(1825, 'São José da Gloria', 23),
(1827, 'São José', 23),
(1828, 'São Jorge', 23),
(1829, 'São João do Polesine', 23),
(1830, 'São João da Urtiga', 23),
(1831, 'São João Bosco', 23),
(1832, 'São João Batista', 23),
(1833, 'São João', 23),
(1834, 'São Jeronimo', 23),
(1835, 'São Gabriel', 23),
(1836, 'São Francisco de Paula', 23),
(1837, 'São Francisco de Assis', 23),
(1838, 'São Francisco', 23),
(1839, 'São Domingos do Sul', 23),
(1840, 'São Carlos', 23),
(1841, 'São Borja', 23),
(1842, 'São Bom Jesus', 23),
(1843, 'São Bento', 23),
(1844, 'Santo Inacio', 23),
(1845, 'Santo Expedito do Sul', 23),
(1846, 'Santo Cristo', 23),
(1847, 'Santo Augusto', 23),
(1848, 'Santo Antonio do Planalto', 23),
(1849, 'Santo Antonio do Palma', 23),
(1850, 'Santo Antonio do Bom Retiro', 23),
(1851, 'Santo Antonio de Castro', 23),
(1852, 'Santo Antonio das Missões', 23),
(1853, 'Santo Antonio da Patrulha', 23),
(1856, 'Santo Antonio', 23),
(1857, 'Santo Angelo', 23),
(1858, 'Santo Amaro do Sul', 23),
(1859, 'Santiago', 23),
(1860, 'Santana do Livramento', 23),
(1861, 'Santana da Boa Vista', 23),
(1864, 'Santana', 23),
(1865, 'Santa Vitoria do Palmar', 23),
(1867, 'Santa Tereza', 23),
(1868, 'Santa Teresinha', 23),
(1869, 'Santa Silvana', 23),
(1871, 'Santa Rosa', 23),
(1872, 'Santa Rita do Sul', 23),
(1873, 'Santa Maria do Herval', 23),
(1874, 'Santa Maria', 23),
(1875, 'Santa Luzia', 23),
(1876, 'Santa Luiza', 23),
(1877, 'Santa Lucia do Piai', 23),
(1878, 'Santa Lucia', 23),
(1879, 'Santa Izabel do Sul', 23),
(1880, 'Santa Ines', 23),
(1881, 'Santa Flora', 23),
(1882, 'Santa Cruz do Sul', 23),
(1883, 'Santa Cruz da Concordia', 23),
(1884, 'Santa Cruz', 23),
(1885, 'Santa Cristina', 23),
(1886, 'Santa Clara do Sul', 23),
(1887, 'Santa Clara do Ingai', 23),
(1888, 'Santa Cecilia', 23),
(1889, 'Santa Catarina', 23),
(1890, 'Santa Barbara do Sul', 23),
(1892, 'Santa Barbara', 23),
(1893, 'Sant Auta', 23),
(1894, 'Sananduva', 23),
(1895, 'Salvador do Sul', 23),
(1896, 'Salvador das Missões', 23),
(1897, 'Salto do Jacui', 23),
(1898, 'Salto', 23),
(1900, 'Saltinho', 23),
(1901, 'Saldanha Marinho', 23),
(1902, 'Saica', 23),
(1903, 'Sagrada Familia', 23),
(1904, 'Rosario do Sul', 23),
(1905, 'Rosario', 23),
(1906, 'Roque Gonzales', 23),
(1907, 'Rondinha', 23),
(1908, 'Ronda Alta', 23),
(1909, 'Rolantinho da Figueira', 23),
(1910, 'Rolante', 23),
(1911, 'Rolador', 23),
(1912, 'Rodeio Bonito', 23),
(1913, 'Roca Sales', 23),
(1914, 'Riozinho', 23),
(1915, 'Rio Toldo', 23),
(1916, 'Rio Tigre', 23),
(1917, 'Rio Telha', 23),
(1918, 'Rio Pardo', 23),
(1919, 'Rio Pardinho', 23),
(1920, 'Rio Grande', 23),
(1921, 'Rio dos Indios', 23),
(1922, 'Rio da Ilha', 23),
(1923, 'Rio Branco', 23),
(1924, 'Rio Azul', 23),
(1925, 'Rincão Vermelho', 23),
(1926, 'Rincão dos Mendes', 23),
(1927, 'Rincão dos Kroeff', 23),
(1928, 'Rincão Doce', 23),
(1929, 'Rincão do Segredo', 23),
(1930, 'Rincão do Meio', 23),
(1931, 'Rincão do Cristovão Pereira', 23),
(1932, 'Rincão Del Rei', 23),
(1933, 'Rincão de São Pedro', 23),
(1935, 'Restinga Seca', 23),
(1936, 'Relvado', 23),
(1937, 'Refugiado', 23),
(1938, 'Redentora', 23),
(1939, 'Rancho Velho', 23),
(1940, 'Quiteria', 23),
(1941, 'Quinze de Novembro', 23),
(1942, 'Quintão', 23),
(1943, 'Quinta', 23),
(1944, 'Quilombo', 23),
(1945, 'Quevedos', 23),
(1946, 'Quatro Irmãos', 23),
(1947, 'Quaraim', 23),
(1948, 'Quarai', 23),
(1949, 'Putinga', 23),
(1950, 'Pulador', 23),
(1951, 'Protasio Alves', 23),
(1955, 'Progresso', 23),
(1956, 'Presidente Lucena', 23),
(1957, 'Pratos', 23),
(1958, 'Pranchada', 23),
(1959, 'Povoado Tozzo', 23),
(1960, 'Povo Novo', 23),
(1961, 'Pouso Novo', 23),
(1962, 'Porto Xavier', 23),
(1963, 'Porto Vera Cruz', 23),
(1964, 'Porto Maua', 23),
(1965, 'Porto Lucena', 23),
(1966, 'Porto Batista', 23),
(1967, 'Porto Alegre', 23),
(1968, 'Portão', 23),
(1969, 'Ponte Preta', 23),
(1970, 'Pontão', 23),
(1971, 'Polo Petroquimico de Triunfo', 23),
(1972, 'Poligono do Erval', 23),
(1973, 'Poço das Antas', 23),
(1974, 'Plano Alto', 23),
(1976, 'Planalto', 23),
(1977, 'Pitanga', 23),
(1978, 'Piratini', 23),
(1979, 'Pirapo', 23),
(1980, 'Pirai', 23),
(1981, 'Pinto Bandeira', 23),
(1982, 'Pinheiro Marcado', 23),
(1984, 'Pinheiro Machado', 23),
(1985, 'Pinheirinho do Vale', 23),
(1987, 'Pinhalzinho', 23),
(1988, 'Pinhal Grande', 23),
(1989, 'Pinhal da Serra', 23),
(1990, 'Pinhal Alto', 23),
(1994, 'Pinhal', 23),
(1995, 'Picada Cafe', 23),
(1996, 'Pelotas', 23),
(1997, 'Pejucara', 23),
(1998, 'Pedro Paiva', 23),
(1999, 'Pedro Osorio', 23),
(2000, 'Pedro Garcia', 23),
(2001, 'Pedreiras', 23),
(2002, 'Pedras Altas', 23),
(2003, 'Paverama', 23),
(2004, 'Pavão', 23),
(2005, 'Paulo Bento', 23),
(2006, 'Passo Raso', 23),
(2007, 'Passo Novo', 23),
(2008, 'Passo Fundo', 23),
(2009, 'Passo do Sobrado', 23),
(2010, 'Passo do Sabão', 23),
(2011, 'Passo do Adão', 23),
(2012, 'Passo das Pedras', 23),
(2013, 'Passo da Caveira', 23),
(2014, 'Passo da Areia', 23),
(2015, 'Passo Burmann', 23),
(2016, 'Passinhos', 23),
(2017, 'Passa Sete', 23),
(2018, 'Parobe', 23),
(2019, 'Pareci Novo', 23),
(2020, 'Paraiso do Sul', 23),
(2021, 'Parai', 23),
(2022, 'Pantano Grande', 23),
(2023, 'Panambi', 23),
(2024, 'Pampeiro', 23),
(2025, 'Palmitinho', 23),
(2026, 'Palmeira das Missões', 23),
(2027, 'Palmas', 23),
(2028, 'Palmares do Sul', 23),
(2029, 'Paim Filho', 23),
(2030, 'Padre Gonzales', 23),
(2031, 'Padilha', 23),
(2032, 'Pacheca', 23),
(2033, 'Otavio Rocha', 23),
(2034, 'Osvaldo Kroeff', 23),
(2035, 'Osvaldo Cruz', 23),
(2036, 'Osorio', 23),
(2037, 'Oralina', 23),
(2038, 'Oliva', 23),
(2039, 'Novo Tiradentes', 23),
(2040, 'Novo Planalto', 23),
(2041, 'Novo Machado', 23);
INSERT INTO `cidade` (`id`, `nome`, `estado_id`) VALUES
(2042, 'Novo Horizonte', 23),
(2043, 'Novo Hamburgo', 23),
(2044, 'Novo Cabrais', 23),
(2045, 'Novo Barreiro', 23),
(2046, 'Nova Sardenha', 23),
(2047, 'Nova Santa Rita', 23),
(2048, 'Nova Roma do Sul', 23),
(2049, 'Nova Ramada', 23),
(2050, 'Nova Prata', 23),
(2051, 'Nova Petrópolis', 23),
(2052, 'Nova Palma', 23),
(2053, 'Nova Padua', 23),
(2054, 'Nova Milano', 23),
(2055, 'Nova Hartz', 23),
(2056, 'Nova Esperança do Sul', 23),
(2057, 'Nova Candelaria', 23),
(2058, 'Nova Brescia', 23),
(2059, 'Nova Boa Vista', 23),
(2060, 'Nova Bassano', 23),
(2061, 'Nova Araca', 23),
(2062, 'Nova Alvorada', 23),
(2063, 'Nossa Senhora da Conceição', 23),
(2064, 'Nossa Senhora Aparecida', 23),
(2065, 'Nonoai', 23),
(2066, 'Nicolau Vergueiro', 23),
(2067, 'Nazaré', 23),
(2068, 'Não-Me-Toque', 23),
(2069, 'Muliterno', 23),
(2070, 'Muitos Capões', 23),
(2071, 'Mucum', 23),
(2072, 'Mostardas', 23),
(2073, 'Morungava', 23),
(2074, 'Morro Reuter', 23),
(2075, 'Morro Redondo', 23),
(2076, 'Morro Azul', 23),
(2077, 'Morro Alto', 23),
(2078, 'Morrinhos do Sul', 23),
(2079, 'Morrinhos', 23),
(2080, 'Mormaco', 23),
(2081, 'Montenegro', 23),
(2082, 'Monte Bonito', 23),
(2083, 'Monte Belo do Sul', 23),
(2084, 'Monte Alverne', 23),
(2085, 'Monte Alegre dos Campos', 23),
(2087, 'Monte Alegre', 23),
(2088, 'Montauri', 23),
(2090, 'Mirim', 23),
(2091, 'Miraguaia', 23),
(2092, 'Miraguai', 23),
(2093, 'Minas do Leão', 23),
(2094, 'Medianeira', 23),
(2095, 'Maximiliano de Almeida', 23),
(2097, 'Maua', 23),
(2098, 'Mato Queimado', 23),
(2099, 'Mato Leitão', 23),
(2100, 'Mato Grande', 23),
(2101, 'Mato Castelhano', 23),
(2102, 'Matarazzo', 23),
(2103, 'Mata', 23),
(2104, 'Marques de Souza', 23),
(2105, 'Mariapolis', 23),
(2106, 'Mariante', 23),
(2107, 'Mariano Moro', 23),
(2108, 'Mariana Pimentel', 23),
(2109, 'Marcorama', 23),
(2110, 'Marcelino Ramos', 23),
(2111, 'Marau', 23),
(2112, 'Marata', 23),
(2113, 'Maquine', 23),
(2114, 'Manoel Viana', 23),
(2115, 'Mangueiras', 23),
(2116, 'Manchinha', 23),
(2117, 'Mampituba', 23),
(2118, 'Magisterio', 23),
(2119, 'Machadinho', 23),
(2120, 'Macambara', 23),
(2121, 'Loreto', 23),
(2122, 'Linha Vitoria', 23),
(2123, 'Linha Nova', 23),
(2124, 'Linha Comprida', 23),
(2125, 'Lindolfo Collor', 23),
(2126, 'Liberato Salzano', 23),
(2127, 'Leonel Rocha', 23),
(2128, 'Lavras do Sul', 23),
(2129, 'Lava-Pes', 23),
(2130, 'Laranjeira', 23),
(2131, 'Lara', 23),
(2133, 'Lajeado Grande', 23),
(2134, 'Lajeado do Bugre', 23),
(2135, 'Lajeado Cerne', 23),
(2137, 'Lajeado Bonito', 23),
(2138, 'Lajeado', 23),
(2139, 'Lagoão', 23),
(2140, 'Lagoa Vermelha', 23),
(2141, 'Lagoa dos Três Cantos', 23),
(2142, 'Lagoa Bonita', 23),
(2143, 'Julio de Castilhos', 23),
(2144, 'Jua', 23),
(2145, 'José Otavio', 23),
(2146, 'Joia', 23),
(2147, 'Joca Tavares', 23),
(2148, 'João Rodrigues', 23),
(2149, 'João Arregui', 23),
(2150, 'Jazidas Ou Capela São Vicente', 23),
(2151, 'Jari', 23),
(2152, 'Jaquirana', 23),
(2153, 'Jansen', 23),
(2154, 'Jaguari', 23),
(2155, 'Jaguarete', 23),
(2156, 'Jaguarão', 23),
(2157, 'Jacutinga', 23),
(2158, 'Jacuizinho', 23),
(2159, 'Jaboticaba', 23),
(2160, 'Ivoti', 23),
(2161, 'Ivora', 23),
(2162, 'Ivai', 23),
(2163, 'Ituim', 23),
(2164, 'Itauba', 23),
(2165, 'Itatiba do Sul', 23),
(2166, 'Itati', 23),
(2167, 'Itaqui', 23),
(2169, 'Itapuca', 23),
(2170, 'Itapua', 23),
(2171, 'Itão', 23),
(2172, 'Itaimbezinho', 23),
(2173, 'Itai', 23),
(2175, 'Itacurubi', 23),
(2176, 'Itacolomi', 23),
(2177, 'Itaara', 23),
(2178, 'Irui', 23),
(2179, 'Irai', 23),
(2180, 'Ipuacu', 23),
(2181, 'Ipiranga do Sul', 23),
(2182, 'Ipiranga', 23),
(2183, 'Ipe', 23),
(2184, 'Inhacora', 23),
(2185, 'Independencia', 23),
(2186, 'Imigrante', 23),
(2187, 'Imbe', 23),
(2188, 'Ilópolis', 23),
(2189, 'Ilha dos Marinheiros', 23),
(2190, 'Ijui', 23),
(2191, 'Ijucapirama', 23),
(2193, 'Igrejinha', 23),
(2194, 'Ibiruba', 23),
(2195, 'Ibirapuita', 23),
(2196, 'Ibiraiaras', 23),
(2197, 'Ibiaca', 23),
(2198, 'Ibare', 23),
(2199, 'Ibarama', 23),
(2200, 'Humaita', 23),
(2201, 'Hulha Negra', 23),
(2202, 'Horizontina', 23),
(2203, 'Hidraulica', 23),
(2204, 'Herveiras', 23),
(2205, 'Herval', 23),
(2206, 'Harmonia', 23),
(2207, 'Guassupi', 23),
(2208, 'Guarani das Missões', 23),
(2209, 'Guapore', 23),
(2210, 'Guajuviras', 23),
(2211, 'Guaíba', 23),
(2212, 'Guabiju', 23),
(2213, 'Gravatai', 23),
(2214, 'Gramado Xavier', 23),
(2215, 'Gramado São Pedro', 23),
(2216, 'Gramado dos Loureiros', 23),
(2217, 'Gramado', 23),
(2218, 'Goio-En', 23),
(2219, 'Glorinha', 23),
(2220, 'Gloria', 23),
(2221, 'Girua', 23),
(2222, 'Getulio Vargas', 23),
(2223, 'Gentil', 23),
(2224, 'General Camara', 23),
(2225, 'Gaurama', 23),
(2226, 'Garruchos', 23),
(2227, 'Garibaldina', 23),
(2228, 'Garibaldi', 23),
(2229, 'Freire', 23),
(2230, 'Frei Sebastião', 23),
(2231, 'Frederico Westphalen', 23),
(2232, 'Fortaleza dos Valos', 23),
(2233, 'Forquetinha', 23),
(2234, 'Forninho', 23),
(2235, 'Formosa', 23),
(2236, 'Formigueiro', 23),
(2237, 'Fontoura Xavier', 23),
(2238, 'Florida', 23),
(2239, 'Floriano Peixoto', 23),
(2241, 'Floresta', 23),
(2242, 'Flores da Cunha', 23),
(2243, 'Ferreira', 23),
(2244, 'Feliz', 23),
(2245, 'Fazenda Vilanova', 23),
(2246, 'Fazenda Souza', 23),
(2247, 'Fazenda Fialho', 23),
(2248, 'Faxinalzinho', 23),
(2249, 'Faxinal do Soturno', 23),
(2250, 'Faxinal', 23),
(2251, 'Farroupilha', 23),
(2252, 'Farrapos', 23),
(2253, 'Farinhas', 23),
(2254, 'Faria Lemos', 23),
(2255, 'Fão', 23),
(2256, 'Fagundes Varela', 23),
(2257, 'Evangelista', 23),
(2258, 'Eugenio de Castro', 23),
(2259, 'Estrela Velha', 23),
(2261, 'Estrela', 23),
(2262, 'Estreito', 23),
(2263, 'Esteira', 23),
(2264, 'Esteio', 23),
(2265, 'Estancia Velha', 23),
(2266, 'Estancia Grande', 23),
(2267, 'Estação', 23),
(2268, 'Esquina Piratini', 23),
(2269, 'Esquina Ipiranga', 23),
(2271, 'Esquina Gaucha', 23),
(2272, 'Esquina Bom Sucesso', 23),
(2273, 'Esquina Araujo', 23),
(2274, 'Espumoso', 23),
(2275, 'Espirito Santo', 23),
(2276, 'Espinilho Grande', 23),
(2277, 'Espigão Alto', 23),
(2278, 'Espigão', 23),
(2279, 'Esperança do Sul', 23),
(2280, 'Esmeralda', 23),
(2281, 'Erveiras', 23),
(2282, 'Erval Seco', 23),
(2283, 'Erval Grande', 23),
(2284, 'Ernesto Alves', 23),
(2285, 'Ernestina', 23),
(2286, 'Erechim', 23),
(2287, 'Erebango', 23),
(2288, 'Entrepelado', 23),
(2289, 'Entre-Ijuis', 23),
(2290, 'Entre Rios do Sul', 23),
(2291, 'Engenho Velho', 23),
(2292, 'Encruzilhada do Sul', 23),
(2293, 'Encruzilhada', 23),
(2294, 'Encantado', 23),
(2295, 'Eletra', 23),
(2296, 'Eldorado do Sul', 23),
(2297, 'Doutor Ricardo', 23),
(2298, 'Doutor Mauricio Cardoso', 23),
(2299, 'Doutor Edgardo Pereira Velho', 23),
(2300, 'Doutor Bozano', 23),
(2301, 'Dourado', 23),
(2302, 'Dona Otilia', 23),
(2303, 'Dona Francisca', 23),
(2304, 'Dom Pedro de Alcantara', 23),
(2305, 'Dom Pedrito', 23),
(2307, 'Dom Feliciano', 23),
(2308, 'Dom Diogo', 23),
(2309, 'Dois Lajeados', 23),
(2310, 'Dois Irmãos das Missões', 23),
(2311, 'Dois Irmãos', 23),
(2312, 'Divino', 23),
(2313, 'Dilermando de Aguiar', 23),
(2314, 'Dezesseis de Novembro', 23),
(2315, 'Derrubadas', 23),
(2316, 'Deposito', 23),
(2317, 'Deodoro', 23),
(2318, 'Delfina', 23),
(2319, 'David Canabarro', 23),
(2320, 'Dario Lassance', 23),
(2323, 'Daltro Filho', 23),
(2324, 'Curumim', 23),
(2325, 'Curral Alto', 23),
(2326, 'Cruzeiro do Sul', 23),
(2327, 'Cruzeiro', 23),
(2328, 'Cruz Altense', 23),
(2329, 'Cruz Alta', 23),
(2330, 'Criuva', 23),
(2331, 'Cristal do Sul', 23),
(2332, 'Cristal', 23),
(2333, 'Crissiumal', 23),
(2334, 'Cr-1', 23),
(2335, 'Coxilha Grande', 23),
(2336, 'Coxilha', 23),
(2337, 'Cotipora', 23),
(2338, 'Costão', 23),
(2339, 'Costa da Cadeia', 23),
(2340, 'Cortado', 23),
(2341, 'Coronel Teixeira', 23),
(2342, 'Coronel Pilar', 23),
(2343, 'Coronel Finzito', 23),
(2344, 'Coronel Bicaco', 23),
(2345, 'Coronel Barros', 23),
(2346, 'Coroados', 23),
(2347, 'Cordilheira', 23),
(2348, 'Coqueiros do Sul', 23),
(2349, 'Coqueiro Baixo', 23),
(2350, 'Constantina', 23),
(2351, 'Consolata', 23),
(2352, 'Condor', 23),
(2353, 'Comandai', 23),
(2354, 'Colorado', 23),
(2355, 'Coloninha', 23),
(2356, 'Colonia Z-3', 23),
(2357, 'Colonia São João', 23),
(2358, 'Colonia Nova', 23),
(2359, 'Colonia Municipal', 23),
(2360, 'Colonia Medeiros', 23),
(2361, 'Colonia das Almas', 23),
(2362, 'Colinas', 23),
(2363, 'Coimbra', 23),
(2364, 'Clemente Argolo', 23),
(2365, 'Clara', 23),
(2366, 'Ciriaco', 23),
(2367, 'Cinquentenario', 23),
(2368, 'Cidreira', 23),
(2369, 'Chuvisca', 23),
(2370, 'Chui', 23),
(2371, 'Chorão', 23),
(2372, 'Chimarrão', 23),
(2373, 'Chicoloma', 23),
(2374, 'Chiapetta', 23),
(2375, 'Charrua', 23),
(2376, 'Charqueadas', 23),
(2378, 'Chapada', 23),
(2379, 'Cerro Largo', 23),
(2380, 'Cerro Grande do Sul', 23),
(2381, 'Cerro Grande', 23),
(2382, 'Cerro do Roque', 23),
(2383, 'Cerro do Martins', 23),
(2384, 'Cerro Claro', 23),
(2385, 'Cerro Branco', 23),
(2386, 'Cerro Alto', 23),
(2387, 'Cerrito do Ouro Ou Vila do Cerrito', 23),
(2388, 'Cerrito Alegre', 23),
(2389, 'Cerrito', 23),
(2390, 'Centro Linha Brasil', 23),
(2392, 'Centenario', 23),
(2393, 'Cedro Marcado', 23),
(2394, 'Cazuza Ferreira', 23),
(2395, 'Caxias do Sul', 23),
(2396, 'Cavera', 23),
(2397, 'Cavajureta', 23),
(2398, 'Catuipe', 23),
(2399, 'Castelinho', 23),
(2400, 'Caseiros', 23),
(2402, 'Cascata', 23),
(2403, 'Casca', 23),
(2404, 'Carovi', 23),
(2405, 'Carlos Gomes', 23),
(2406, 'Carlos Barbosa', 23),
(2407, 'Carazinho', 23),
(2408, 'Caraja Seival', 23),
(2409, 'Caraa', 23),
(2410, 'Capoeira Grande', 23),
(2411, 'Capo-Ere', 23),
(2412, 'Capivarita', 23),
(2413, 'Capivari do Sul', 23),
(2414, 'Capitão', 23),
(2415, 'Capinzal', 23),
(2416, 'Capela Velha', 23),
(2417, 'Capela de Santana', 23),
(2418, 'Capão do Leão', 23),
(2419, 'Capão do Cipo', 23),
(2420, 'Capão do Cedro', 23),
(2421, 'Capão da Porteira', 23),
(2422, 'Capão da Canoa', 23),
(2423, 'Capão Comprido', 23),
(2425, 'Capão Bonito', 23),
(2426, 'Capane', 23),
(2427, 'Canudos', 23),
(2428, 'Canoas', 23),
(2429, 'Canhembora', 23),
(2430, 'Cangucu', 23),
(2431, 'Canela', 23),
(2432, 'Candiota', 23),
(2433, 'Candido Godoi', 23),
(2434, 'Candido Freire', 23),
(2435, 'Candelaria', 23),
(2436, 'Campos Borges', 23),
(2437, 'Campo Vicente', 23),
(2438, 'Campo Seco', 23),
(2439, 'Campo Santo', 23),
(2441, 'Campo Novo', 23),
(2442, 'Campo do Meio', 23),
(2443, 'Campo Branco', 23),
(2444, 'Campo Bom', 23),
(2445, 'Campinas do Sul', 23),
(2446, 'Campinas', 23),
(2447, 'Campina Redonda', 23),
(2448, 'Campina das Missões', 23),
(2449, 'Campestre da Serra', 23),
(2450, 'Campestre Baixo', 23),
(2451, 'Camobi', 23),
(2452, 'Cambara do Sul', 23),
(2453, 'Camargo', 23),
(2454, 'Camaqua', 23),
(2455, 'Caicara', 23),
(2456, 'Caibate', 23),
(2457, 'Cadorna', 23),
(2458, 'Cacique Doble', 23),
(2459, 'Cachoeirinha', 23),
(2460, 'Cachoeira do Sul', 23),
(2461, 'Cacequi', 23),
(2462, 'Cacapava do Sul', 23),
(2463, 'Butias', 23),
(2464, 'Butia', 23),
(2465, 'Buriti', 23),
(2466, 'Brochier', 23),
(2467, 'Braga', 23),
(2468, 'Botucarai', 23),
(2469, 'Bossoroca', 23),
(2470, 'Borore', 23),
(2471, 'Boqueirão do Leão', 23),
(2473, 'Boqueirão', 23),
(2474, 'Bonito', 23),
(2475, 'Bom Retiro do Sul', 23),
(2476, 'Bom Retiro do Guaiba', 23),
(2477, 'Bom Retiro', 23),
(2478, 'Bom Progresso', 23),
(2479, 'Bom Principio', 23),
(2480, 'Bom Jesus', 23),
(2481, 'Bom Jardim', 23),
(2482, 'Bojuru', 23),
(2483, 'Boi Preto', 23),
(2484, 'Boca do Monte', 23),
(2485, 'Boa Vista do Sul', 23),
(2486, 'Boa Vista do Incra', 23),
(2487, 'Boa Vista do Cadeado', 23),
(2488, 'Boa Vista do Burica', 23),
(2489, 'Boa Vista das Missões', 23),
(2492, 'Boa Vista', 23),
(2493, 'Boa Esperança', 23),
(2494, 'Bexiga', 23),
(2495, 'Bento Gonçalves', 23),
(2496, 'Benjamin Constant do Sul', 23),
(2497, 'Beluno', 23),
(2501, 'Bela Vista', 23),
(2502, 'Basilio', 23),
(2503, 'Barros Cassal', 23),
(2505, 'Barro Vermelho', 23),
(2506, 'Barro Preto', 23),
(2507, 'Barreiro', 23),
(2508, 'Barreirinho', 23),
(2509, 'Barracão', 23),
(2510, 'Barra Funda', 23),
(2511, 'Barra do Rio Azul', 23),
(2512, 'Barra do Ribeiro', 23),
(2513, 'Barra do Quarai', 23),
(2514, 'Barra do Ouro', 23),
(2515, 'Barra do Guarita', 23),
(2516, 'Barão do Triunfo', 23),
(2517, 'Barão de Cotegipe', 23),
(2518, 'Barão', 23),
(2519, 'Banhado do Colegio', 23),
(2520, 'Balneario Pinhal', 23),
(2521, 'Baliza', 23),
(2522, 'Bage', 23),
(2523, 'Bacupari', 23),
(2524, 'Azevedo Sodre', 23),
(2525, 'Avelino Paranhos', 23),
(2526, 'Aurea', 23),
(2527, 'Augusto Pestana', 23),
(2528, 'Atiacu', 23),
(2529, 'Atafona', 23),
(2530, 'Arvorezinha', 23),
(2531, 'Arvore So', 23),
(2534, 'Arroio Grande', 23),
(2535, 'Arroio dos Ratos', 23),
(2536, 'Arroio do Tigre', 23),
(2537, 'Arroio do So', 23),
(2538, 'Arroio do Sal', 23),
(2539, 'Arroio do Padre', 23),
(2540, 'Arroio do Meio', 23),
(2541, 'Arroio Canoas', 23),
(2542, 'Arco-Iris', 23),
(2543, 'Arco Verde', 23),
(2544, 'Aratiba', 23),
(2545, 'Ararica', 23),
(2546, 'Arambare', 23),
(2547, 'Antonio Prado', 23),
(2548, 'Antonio Kerpel', 23),
(2549, 'Anta Gorda', 23),
(2550, 'Andre da Rocha', 23),
(2551, 'Ametista do Sul', 23),
(2552, 'Amaral Ferrador', 23),
(2553, 'Alvorada', 23),
(2554, 'Alto Uruguai', 23),
(2555, 'Alto Recreio', 23),
(2556, 'Alto Paredão', 23),
(2557, 'Alto Feliz', 23),
(2558, 'Alto da União', 23),
(2560, 'Alto Alegre', 23),
(2561, 'Alpestre', 23),
(2562, 'Almirante Tamandare', 23),
(2563, 'Alfredo Brenner', 23),
(2564, 'Alegria', 23),
(2565, 'Alegrete', 23),
(2566, 'Alecrim', 23),
(2567, 'Albardão', 23),
(2568, 'Ajuricaba', 23),
(2569, 'Agudo', 23),
(2570, 'Águas Claras', 23),
(2571, 'Água Santa', 23),
(2572, 'Afonso Rodrigues', 23),
(2573, 'Acegua', 23),
(2574, 'Uiramuta', 22),
(2575, 'São Luiz', 22),
(2576, 'São João da Baliza', 22),
(2577, 'Rorainópolis', 22),
(2578, 'Pacaraima', 22),
(2579, 'Normandia', 22),
(2580, 'Mucajai', 22),
(2581, 'Iracema', 22),
(2582, 'Caroebe', 22),
(2583, 'Caracarai', 22),
(2584, 'Canta', 22),
(2585, 'Bonfim', 22),
(2586, 'Boa Vista', 22),
(2587, 'Amajari', 22),
(2588, 'Alto Alegre', 22),
(2589, 'Vista Alegre do Abuna', 21),
(2590, 'Vilhena', 21),
(2591, 'Vila Extrema', 21),
(2592, 'Vale do Paraiso', 21),
(2593, 'Vale do Anari', 21),
(2594, 'Urupa', 21),
(2595, 'Theobroma', 21),
(2596, 'Teixeirópolis', 21),
(2597, 'Tabajara', 21),
(2598, 'Seringueiras', 21),
(2599, 'São Miguel do Guapore', 21),
(2600, 'São Francisco do Guapore', 21),
(2601, 'São Felipe D\'oeste', 21),
(2602, 'Santa Luzia do Oeste', 21),
(2603, 'Rolim de Moura', 21),
(2604, 'Riozinho', 21),
(2605, 'Rio Crespo', 21),
(2606, 'Principe da Beira', 21),
(2607, 'Primavera de Rondonia', 21),
(2608, 'Presidente Medici', 21),
(2609, 'Porto Velho', 21),
(2610, 'Pimenteiras do Oeste', 21),
(2611, 'Pimenta Bueno', 21),
(2612, 'Pedras Negras', 21),
(2613, 'Parecis', 21),
(2614, 'Ouro Preto do Oeste', 21),
(2615, 'Novo Horizonte do Oeste', 21),
(2616, 'Nova Vida', 21),
(2617, 'Nova União', 21),
(2618, 'Nova Mamore', 21),
(2619, 'Nova Brasilândia D\'oeste', 21),
(2620, 'Monte Negro', 21),
(2621, 'Mirante da Serra', 21),
(2622, 'Ministro Andreazza', 21),
(2623, 'Marco Rondon', 21),
(2624, 'Machadinho D\'oeste', 21),
(2625, 'Ji-Parana', 21),
(2626, 'Jaru', 21),
(2627, 'Jamari', 21),
(2628, 'Jaci Parana', 21),
(2629, 'Guajara-Mirim', 21),
(2630, 'Governador Jorge Teixeira', 21),
(2631, 'Espigão D\'oeste', 21),
(2632, 'Cujubim', 21),
(2633, 'Costa Marques', 21),
(2634, 'Corumbiara', 21),
(2635, 'Colorado do Oeste', 21),
(2636, 'Chupinguaia', 21),
(2637, 'Cerejeiras', 21),
(2638, 'Castanheiras', 21),
(2639, 'Candeias do Jamari', 21),
(2640, 'Campo Novo de Rondonia', 21),
(2641, 'Calama', 21),
(2642, 'Cacoal', 21),
(2643, 'Cacaulândia', 21),
(2644, 'Cabixi', 21),
(2645, 'Buritis', 21),
(2646, 'Ariquemes', 21),
(2647, 'Alvorada do Oeste', 21),
(2648, 'Alto Paraiso', 21),
(2649, 'Alta Floresta do Oeste', 21),
(2650, 'Alta Alegre dos Parecis', 21),
(2651, 'Abuna', 21),
(2652, 'Vila Flor', 20),
(2653, 'Vicosa', 20),
(2654, 'Vera Cruz', 20),
(2655, 'Venha-Ver', 20),
(2656, 'Varzea', 20),
(2657, 'Upanema', 20),
(2658, 'Umarizal', 20),
(2659, 'Triunfo Potiguar', 20),
(2660, 'Trairi', 20),
(2661, 'Touros', 20),
(2662, 'Timbauba dos Batistas', 20),
(2663, 'Tibau do Sul', 20),
(2664, 'Tibau', 20),
(2665, 'Tenente Laurentino Cruz', 20),
(2666, 'Tenente Ananias', 20),
(2667, 'Tangara', 20),
(2668, 'Taipu', 20),
(2669, 'Taboleiro Grande', 20),
(2670, 'Sitio Novo', 20),
(2671, 'Severiano Melo', 20),
(2672, 'Serrinha dos Pintos', 20),
(2673, 'Serrinha', 20),
(2674, 'Serra Negra do Norte', 20),
(2675, 'Serra do Mel', 20),
(2676, 'Serra de São Bento', 20),
(2677, 'Serra da Tapuia', 20),
(2678, 'Serra Caiada', 20),
(2679, 'Senador Georgino Avelino', 20),
(2680, 'Senador Eloi de Souza', 20),
(2681, 'São Vicente', 20),
(2682, 'São Tome', 20),
(2683, 'São Rafael', 20),
(2684, 'São Pedro', 20),
(2685, 'São Paulo do Potengi', 20),
(2686, 'São Miguel de Touros', 20),
(2687, 'São Miguel', 20),
(2688, 'São José do Serido', 20),
(2689, 'São José do Campestre', 20),
(2690, 'São José de Mipibu', 20),
(2691, 'São José da Passagem', 20),
(2692, 'São João do Sabugi', 20),
(2693, 'São Goncalo do Amarante', 20),
(2694, 'São Geraldo', 20),
(2695, 'São Francisco do Oeste', 20),
(2696, 'São Fernando', 20),
(2697, 'São Bernardo', 20),
(2698, 'São Bento do Trairi', 20),
(2699, 'São Bento do Norte', 20),
(2700, 'Santo Antonio do Potengi', 20),
(2701, 'Santo Antonio', 20),
(2702, 'Santana do Serido', 20),
(2703, 'Santana do Matos', 20),
(2704, 'Santa Teresa', 20),
(2705, 'Santa Maria', 20),
(2706, 'Santa Fe', 20),
(2707, 'Santa Cruz', 20),
(2708, 'Salva Vida', 20),
(2709, 'Ruy Barbosa', 20),
(2710, 'Rosario', 20),
(2711, 'Rodolfo Fernandes', 20),
(2712, 'Rio do Fogo', 20),
(2713, 'Riachuelo', 20),
(2714, 'Riacho de Santana', 20),
(2715, 'Riacho da Cruz', 20),
(2716, 'Rafael Godeiro', 20),
(2717, 'Rafael Fernandes', 20),
(2718, 'Pureza', 20),
(2719, 'Porto do Mangue', 20),
(2720, 'Portalegre', 20),
(2721, 'Poço Branco', 20),
(2722, 'Pilões', 20),
(2723, 'Pendencias', 20),
(2724, 'Pedro Velho', 20),
(2725, 'Pedro Avelino', 20),
(2726, 'Pedra Preta', 20),
(2727, 'Pedra Grande', 20),
(2728, 'Pau dos Ferros', 20),
(2729, 'Patu', 20),
(2730, 'Passagem', 20),
(2731, 'Passa E Fica', 20),
(2732, 'Parnamirim', 20),
(2733, 'Parelhas', 20),
(2734, 'Parazinho', 20),
(2735, 'Parana', 20),
(2736, 'Ouro Branco', 20),
(2737, 'Olho-D\'agua do Borges', 20),
(2738, 'Nova Cruz', 20),
(2739, 'Nisia Floresta', 20),
(2740, 'Natal', 20),
(2741, 'Mossoro', 20),
(2742, 'Monte das Gameleiras', 20),
(2743, 'Monte Alegre', 20),
(2744, 'Montanhas', 20),
(2745, 'Messias Targino', 20),
(2746, 'Maxaranguape', 20),
(2747, 'Mata de São Braz', 20),
(2748, 'Martins', 20),
(2749, 'Marcelino Vieira', 20),
(2750, 'Major Sales', 20),
(2751, 'Major Felipe', 20),
(2752, 'Macau', 20),
(2753, 'Macaiba', 20),
(2754, 'Luis Gomes', 20),
(2755, 'Lucrecia', 20),
(2756, 'Lajes Pintadas', 20),
(2757, 'Lajes', 20),
(2758, 'Lagoa Salgada', 20),
(2759, 'Lagoa Nova', 20),
(2760, 'Lagoa de Velhos', 20),
(2761, 'Lagoa de Pedras', 20),
(2762, 'Lagoa D\'anta', 20),
(2763, 'Jundia de Cima', 20),
(2764, 'Jucurutu', 20),
(2765, 'José da Penha', 20),
(2766, 'João Dias', 20),
(2767, 'João Camara', 20),
(2768, 'Jardim do Serido', 20),
(2769, 'Jardim de Piranhas', 20),
(2770, 'Jardim de Angicos', 20),
(2771, 'Japi', 20),
(2772, 'Janduis', 20),
(2773, 'Jandaira', 20),
(2774, 'Jacana', 20),
(2775, 'Itau', 20),
(2776, 'Itaja', 20),
(2777, 'Ipueira', 20),
(2778, 'Ipiranga', 20),
(2779, 'Ipanguaçú', 20),
(2780, 'Igreja Nova', 20),
(2781, 'Ielmo Marinho', 20),
(2782, 'Guamare', 20),
(2783, 'Grossos', 20),
(2784, 'Governador Dix-Sept Rosado', 20),
(2785, 'Goianinha', 20),
(2786, 'Gameleira', 20),
(2787, 'Galinhos', 20),
(2788, 'Frutuoso Gomes', 20),
(2789, 'Francisco Dantas', 20),
(2790, 'Florania', 20),
(2791, 'Firmamento', 20),
(2792, 'Fernando Pedroza', 20),
(2793, 'Felipe Guerra', 20),
(2794, 'Extremoz', 20),
(2795, 'Espirito Santo do Oeste', 20),
(2796, 'Espirito Santo', 20),
(2797, 'Equador', 20),
(2798, 'Encanto', 20),
(2799, 'Doutor Severiano', 20),
(2800, 'Currais Novos', 20),
(2801, 'Cruzeta', 20),
(2802, 'Corrego de São Mateus', 20),
(2803, 'Coronel João Pessoa', 20),
(2804, 'Coronel Ezequiel', 20),
(2805, 'Cerro Cora', 20),
(2806, 'Ceara-Mirim', 20),
(2807, 'Carnaubais', 20),
(2808, 'Carnauba dos Dantas', 20),
(2809, 'Caraubas', 20),
(2810, 'Canguaretama', 20),
(2811, 'Campo Redondo', 20),
(2812, 'Campo Grande', 20),
(2813, 'Caico', 20),
(2814, 'Caicara do Rio do Vento', 20),
(2815, 'Caicara do Norte', 20),
(2816, 'Brejinho', 20),
(2817, 'Bom Jesus', 20),
(2818, 'Bodo', 20),
(2819, 'Boa Saude', 20),
(2820, 'Bento Fernandes', 20),
(2821, 'Belo Horizonte', 20),
(2822, 'Barcelona', 20),
(2823, 'Barauna', 20),
(2824, 'Barão de Serra Branca', 20),
(2825, 'Baia Formosa', 20),
(2826, 'Ares', 20),
(2827, 'Areia Branca', 20),
(2828, 'Apodi', 20),
(2829, 'Antonio Martins', 20),
(2830, 'Angicos', 20),
(2831, 'Alto do Rodrigues', 20),
(2832, 'Almino Afonso', 20),
(2833, 'Alexandria', 20),
(2834, 'Água Nova', 20),
(2835, 'Afonso Bezerra', 20),
(2836, 'Acu', 20),
(2837, 'Acari', 20),
(2838, 'Xerem', 19),
(2839, 'Werneck', 19),
(2840, 'Volta Redonda', 19),
(2841, 'Visconde de Imbe', 19),
(2842, 'Vila Nova de Campos', 19),
(2843, 'Vila Muriqui', 19),
(2844, 'Vila do Frade', 19),
(2845, 'Vila da Grama', 19),
(2846, 'Venda das Pedras', 19),
(2847, 'Venda das Flores', 19),
(2848, 'Vassouras', 19),
(2849, 'Varre-Sai', 19),
(2850, 'Vargem Alegre', 19),
(2851, 'Valenca', 19),
(2852, 'Valão do Barro', 19),
(2853, 'Triunfo', 19),
(2854, 'Três Rios', 19),
(2855, 'Três Irmãos', 19),
(2856, 'Travessão', 19),
(2857, 'Trajano de Morais', 19),
(2858, 'Tocos', 19),
(2859, 'Teresópolis', 19),
(2860, 'Tarituba', 19),
(2861, 'Tapera', 19),
(2862, 'Tangua', 19),
(2863, 'Tamoios', 19),
(2864, 'Taboas', 19),
(2865, 'Surui', 19),
(2866, 'Sumidouro', 19),
(2867, 'Subaio', 19),
(2868, 'Sossego', 19),
(2869, 'Sodrelândia', 19),
(2870, 'Silva Jardim', 19),
(2871, 'Sete Pontes', 19),
(2872, 'Serrinha', 19),
(2873, 'Seropedica', 19),
(2874, 'Sebastião de Lacerda', 19),
(2875, 'Saracuruna', 19),
(2876, 'Saquarema', 19),
(2877, 'Sapucaia', 19),
(2878, 'São Vicente de Paula', 19),
(2879, 'São Sebastião dos Ferreiros', 19),
(2880, 'São Sebastião do Paraiba', 19),
(2881, 'São Sebastião do Alto', 19),
(2882, 'São Sebastião de Campos', 19),
(2883, 'São Pedro da Aldeia', 19),
(2884, 'São Mateus', 19),
(2885, 'São José do Vale do Rio Preto', 19),
(2886, 'São José do Turvo', 19),
(2887, 'São José do Ribeirão', 19),
(2888, 'São José de Uba', 19),
(2889, 'São Joaquim', 19),
(2890, 'São João Marcos', 19),
(2891, 'São João do Paraiso', 19),
(2892, 'São João de Meriti', 19),
(2893, 'São João da Barra', 19),
(2894, 'São Gonçalo', 19),
(2895, 'São Francisco de Itabapoana', 19),
(2896, 'São Fidelis', 19),
(2897, 'Santo Eduardo', 19),
(2898, 'Santo Antonio do Imbe', 19),
(2899, 'Santo Antonio de Padua', 19),
(2900, 'Santo Amaro de Campos', 19),
(2901, 'Santo Aleixo', 19),
(2902, 'Santanesia', 19),
(2903, 'Santa Rita da Floresta', 19),
(2904, 'Santa Maria Madalena', 19),
(2905, 'Santa Maria', 19),
(2906, 'Santa Isabel do Rio Preto', 19),
(2907, 'Santa Isabel', 19),
(2908, 'Santa Cruz da Serra', 19),
(2909, 'Santa Cruz', 19),
(2910, 'Santa Clara', 19),
(2911, 'Sana', 19),
(2912, 'Sampaio Correia', 19),
(2913, 'Sambaetiba', 19),
(2914, 'Salutaris', 19),
(2915, 'Sacra Familia do Tingua', 19),
(2916, 'Rosal', 19),
(2917, 'Riograndina', 19),
(2918, 'Rio de Janeiro', 19),
(2919, 'Rio das Ostras', 19),
(2920, 'Rio das Flores', 19),
(2921, 'Rio Claro', 19),
(2922, 'Rio Bonito', 19),
(2923, 'Ribeirão de São Joaquim', 19),
(2924, 'Rialto', 19),
(2925, 'Retiro do Muriae', 19),
(2926, 'Resende', 19),
(2927, 'Renascenca', 19),
(2928, 'Raposo', 19),
(2929, 'Quissama', 19),
(2930, 'Queimados', 19),
(2931, 'Quatis', 19),
(2932, 'Quarteis', 19),
(2933, 'Purilândia', 19),
(2934, 'Pureza', 19),
(2935, 'Praia de Aracatiba', 19),
(2936, 'Posse', 19),
(2937, 'Porto Velho do Cunha', 19),
(2938, 'Porto Real', 19),
(2939, 'Porto das Caixas', 19),
(2940, 'Portela', 19),
(2941, 'Porciuncula', 19),
(2942, 'Pirapetinga de Bom Jesus', 19),
(2943, 'Pirangai', 19),
(2944, 'Pirai', 19),
(2945, 'Pipeiras', 19),
(2946, 'Pinheiral', 19),
(2947, 'Pião', 19),
(2948, 'Piabeta', 19),
(2949, 'Petrópolis', 19),
(2950, 'Pentagna', 19),
(2951, 'Penedo', 19),
(2952, 'Pedro do Rio', 19),
(2953, 'Pedra Selada', 19),
(2954, 'Paty do Alferes', 19),
(2955, 'Passa Tres', 19),
(2956, 'Parati Mirim', 19),
(2957, 'Paraty', 19),
(2958, 'Parapeuna', 19),
(2959, 'Paraoquena', 19),
(2960, 'Paraiso do Tobias', 19),
(2961, 'Paraiba do Sul', 19),
(2962, 'Paracambi', 19),
(2963, 'Paquequer Pequeno', 19),
(2964, 'Papucaia', 19),
(2965, 'Ourania', 19),
(2966, 'Olinda', 19),
(2967, 'Nova Iguaçu', 19),
(2968, 'Nova Friburgo', 19),
(2969, 'Nossa Senhora do Amparo', 19),
(2970, 'Nossa Senhora da Penha', 19),
(2971, 'Nossa Senhora da Aparecida', 19),
(2972, 'Niterói', 19),
(2973, 'Nilópolis', 19),
(2974, 'Nhunguaçú', 19),
(2975, 'Neves', 19),
(2976, 'Natividade', 19),
(2977, 'Mussurepe', 19),
(2978, 'Morro Grande', 19),
(2979, 'Morro do Coco', 19),
(2980, 'Morangaba', 19),
(2981, 'Monumento', 19),
(2982, 'Monte Verde', 19),
(2983, 'Monte Alegre', 19),
(2984, 'Monjolo', 19),
(2985, 'Monera', 19),
(2986, 'Miracema', 19),
(2987, 'Miguel Pereira', 19),
(2988, 'Mesquita', 19),
(2989, 'Mendes', 19),
(2990, 'Marica', 19),
(2991, 'Marangatu', 19),
(2992, 'Manuel Duarte', 19),
(2993, 'Manoel Ribeiro', 19),
(2994, 'Maniva', 19),
(2995, 'Mangaratiba', 19),
(2996, 'Mambucaba', 19),
(2997, 'Mage', 19),
(2998, 'Macuco', 19),
(2999, 'Macae', 19),
(3000, 'Macabuzinho', 19),
(3001, 'Lumiar', 19),
(3002, 'Lidice', 19),
(3003, 'Laranjais', 19),
(3004, 'Laje do Muriae', 19),
(3005, 'Japuiba', 19),
(3006, 'Japeri', 19),
(3007, 'Jamapara', 19),
(3008, 'Jaguarembe', 19),
(3009, 'Jacuecanga', 19),
(3010, 'Itatiaia', 19),
(3011, 'Itaperuna', 19),
(3012, 'Itaocara', 19),
(3013, 'Itambi', 19),
(3014, 'Italva', 19),
(3015, 'Itajara', 19),
(3016, 'Itaipu', 19),
(3017, 'Itaipava', 19),
(3018, 'Itaguaí', 19),
(3019, 'Itacurussa', 19),
(3020, 'Itaborai', 19),
(3021, 'Itabapoana', 19),
(3022, 'Ipuca', 19),
(3023, 'Ipiiba', 19),
(3024, 'Ipiabas', 19),
(3025, 'Inoa', 19),
(3026, 'Inhomirim', 19),
(3027, 'Inconfidencia', 19),
(3028, 'Imbarie', 19),
(3029, 'Iguaba Grande', 19),
(3030, 'Ibituporanga', 19),
(3031, 'Ibitioca', 19),
(3032, 'Ibitiguaçú', 19),
(3033, 'Guia de Pacobaiba', 19),
(3034, 'Guapimirim', 19),
(3035, 'Governador Portela', 19),
(3036, 'Goitacazes', 19),
(3037, 'Glicerio', 19),
(3038, 'Getulândia', 19),
(3039, 'Gaviões', 19),
(3040, 'Funil', 19),
(3041, 'Fumaca', 19),
(3042, 'Floriano', 19),
(3043, 'Falcão', 19),
(3044, 'Euclidelândia', 19),
(3045, 'Estrada Nova', 19),
(3046, 'Engenheiro Pedreira', 19),
(3047, 'Engenheiro Paulo de Frontin', 19),
(3048, 'Engenheiro Passos', 19),
(3049, 'Duque de Caxias', 19),
(3050, 'Duas Barras', 19),
(3051, 'Doutor Loreti', 19),
(3052, 'Doutor Elias', 19),
(3053, 'Dores de Macabu', 19),
(3054, 'Dorandia', 19),
(3055, 'Cunhambebe', 19),
(3056, 'Correntezas', 19),
(3057, 'Corrego do Ouro', 19),
(3058, 'Corrego da Prata', 19),
(3059, 'Correas', 19),
(3060, 'Coroa Grande', 19),
(3061, 'Cordeiro', 19),
(3062, 'Conservatoria', 19),
(3063, 'Conselheiro Paulino', 19),
(3064, 'Conrado', 19),
(3065, 'Conceição de Macabu', 19),
(3066, 'Conceição de Jacarei', 19),
(3067, 'Comendador Venancio', 19),
(3068, 'Comendador Levy Gasparian', 19),
(3069, 'Colonia', 19),
(3070, 'Coelho da Rocha', 19),
(3071, 'Cava', 19),
(3072, 'Casimiro de Abreu', 19),
(3073, 'Cascatinha', 19),
(3074, 'Carmo', 19),
(3075, 'Cardoso Moreira', 19),
(3076, 'Carapebus', 19),
(3077, 'Carabucu', 19),
(3078, 'Cantagalo', 19),
(3079, 'Campos Elyseos', 19),
(3080, 'Campos dos Goytacazes', 19),
(3081, 'Campo do Coelho', 19),
(3082, 'Cambuci', 19),
(3083, 'Cambiasca', 19),
(3084, 'Calheiros', 19),
(3085, 'Cachoeiros', 19),
(3086, 'Cachoeiras de Macacu', 19),
(3087, 'Cabucu', 19),
(3088, 'Cabo Frio', 19),
(3089, 'Bom Jesus do Querendo', 19),
(3090, 'Bom Jesus do Itabapoana', 19),
(3091, 'Bom Jardim', 19),
(3092, 'Boa Ventura', 19),
(3093, 'Boa Sorte', 19),
(3094, 'Boa Esperança', 19),
(3095, 'Bemposta', 19),
(3096, 'Belford Roxo', 19),
(3097, 'Barra Seca', 19),
(3098, 'Barra Mansa', 19),
(3099, 'Barra do Piraí', 19),
(3100, 'Barra de São João', 19),
(3101, 'Barra de Macae', 19),
(3102, 'Barra Alegre', 19),
(3103, 'Barcelos', 19),
(3104, 'Barão de Juparana', 19),
(3105, 'Banquete', 19),
(3106, 'Baltazar', 19),
(3107, 'Bacaxa', 19),
(3108, 'Avelar', 19),
(3109, 'Arrozal', 19),
(3110, 'Arraial do Cabo', 19),
(3111, 'Armação de Buzios', 19),
(3112, 'Areal', 19),
(3113, 'Araruama', 19),
(3114, 'Aperibe', 19),
(3115, 'Anta', 19),
(3116, 'Angra dos Reis', 19),
(3117, 'Andrade Pinto', 19),
(3118, 'Amparo', 19),
(3119, 'Agulhas Negras', 19),
(3120, 'Afonso Arinos', 19),
(3121, 'Abraão', 19),
(3122, 'Abarracamento', 19),
(3123, '4o. Centenario', 18),
(3124, 'Yolanda', 18),
(3125, 'Xaxim', 18),
(3126, 'Xambre', 18),
(3127, 'Wenceslau Braz', 18),
(3128, 'Warta', 18),
(3129, 'Vitorino', 18),
(3130, 'Vitória', 18),
(3131, 'Vista Bonita', 18),
(3133, 'Vista Alegre', 18),
(3134, 'Virmond', 18),
(3135, 'Vila Velha', 18),
(3136, 'Vila Silva Jardim', 18),
(3137, 'Vila Roberto Brzezinski', 18),
(3138, 'Vila Rica do Ivai', 18),
(3139, 'Vila Reis', 18),
(3140, 'Vila Paraiso', 18),
(3141, 'Vila Nova de Florenca', 18),
(3143, 'Vila Nova', 18),
(3144, 'Vila Guay', 18),
(3145, 'Vila Gandhi', 18),
(3146, 'Vila Florida', 18),
(3147, 'Vila dos Roldos', 18),
(3148, 'Vila Diniz', 18),
(3149, 'Vila Alta', 18),
(3150, 'Vidigal', 18),
(3151, 'Vida Nova', 18),
(3152, 'Vere', 18),
(3153, 'Vera Guarani', 18),
(3154, 'Vera Cruz do Oeste', 18),
(3155, 'Ventania', 18),
(3156, 'Vassoural', 18),
(3157, 'Vargeado', 18),
(3158, 'Valerio', 18),
(3159, 'Valentins', 18),
(3160, 'Uvaia', 18),
(3161, 'Usina', 18),
(3162, 'Urai', 18),
(3163, 'Uniflor', 18),
(3164, 'União do Oeste', 18),
(3165, 'União da Vitoria', 18),
(3166, 'União', 18),
(3167, 'Umuarama', 18),
(3168, 'Ubirata', 18),
(3169, 'Ubauna', 18),
(3170, 'Ubaldino Taques', 18),
(3171, 'Turvo', 18),
(3172, 'Tupinamba', 18),
(3173, 'Tupassi', 18),
(3174, 'Tuneiras do Oeste', 18),
(3175, 'Tunas do Parana', 18),
(3176, 'Tronco', 18),
(3177, 'Triolândia', 18),
(3178, 'Trindade', 18),
(3179, 'Triangulo', 18),
(3180, 'Três Placas', 18),
(3181, 'Três Pinheiros', 18),
(3182, 'Três Lagoas', 18),
(3183, 'Três Corregos', 18),
(3184, 'Três Capões', 18),
(3185, 'Três Bocas', 18),
(3186, 'Três Bicos', 18),
(3187, 'Três Barras do Parana', 18),
(3188, 'Tranqueira', 18),
(3189, 'Tomazina', 18),
(3190, 'Tomaz Coelho', 18),
(3191, 'Toledo', 18),
(3193, 'Tiradentes', 18),
(3194, 'Tindiquera', 18),
(3195, 'Timbu Velho', 18),
(3197, 'Tijuco Preto', 18),
(3198, 'Tijucas do Sul', 18),
(3199, 'Tibagi', 18),
(3200, 'Terra Roxa', 18),
(3201, 'Terra Rica', 18),
(3202, 'Terra Nova', 18),
(3203, 'Terra Boa', 18),
(3204, 'Tereza Cristina', 18),
(3205, 'Tereza Breda', 18),
(3206, 'Teolândia', 18),
(3207, 'Telemaco Borba', 18),
(3208, 'Teixeira Soares', 18),
(3209, 'Taquaruna', 18),
(3210, 'Taquari dos Russos', 18),
(3211, 'Taquari dos Polacos', 18),
(3212, 'Taquara', 18),
(3213, 'Tapui', 18),
(3214, 'Tapira', 18),
(3215, 'Tapejara', 18),
(3216, 'Tanque Grande', 18),
(3217, 'Tamboara', 18),
(3218, 'Tambarutaca', 18),
(3219, 'Tamarana', 18),
(3220, 'Taipa', 18),
(3221, 'Sutis', 18),
(3222, 'Sussui', 18),
(3223, 'Sumare', 18),
(3224, 'Sulina', 18),
(3225, 'Socorro', 18),
(3226, 'Socavão', 18),
(3227, 'Siqueira Campos', 18),
(3228, 'Siqueira Belo', 18),
(3229, 'Silvolândia', 18),
(3230, 'Sete Saltos de Cima', 18),
(3232, 'Sertãozinho', 18),
(3233, 'Sertanópolis', 18),
(3234, 'Sertaneja', 18),
(3237, 'Serrinha', 18),
(3238, 'Serraria Klas', 18),
(3239, 'Serranopolis do Iguaçú', 18),
(3240, 'Serra Negra', 18),
(3241, 'Serra dos Dourados', 18),
(3242, 'Senhor Bom Jesus dos Gramados', 18),
(3243, 'Senges', 18),
(3244, 'Selva', 18),
(3246, 'Sede Progresso', 18),
(3247, 'Sede Nova Sant\'ana', 18),
(3248, 'Sede Chaparral', 18),
(3249, 'Sede Alvorada', 18),
(3250, 'Saudade do Iguaçú', 18),
(3252, 'Sarandi', 18),
(3253, 'Sapopema', 18),
(3254, 'Sape', 18),
(3255, 'São Vicente', 18),
(3256, 'São Valentim', 18),
(3257, 'São Tome', 18),
(3258, 'São Silvestre', 18),
(3259, 'São Sebastião da Amoreira', 18),
(3264, 'São Sebastião', 18),
(3265, 'São Salvador', 18),
(3266, 'São Roque do Pinhal', 18),
(3269, 'São Roque', 18),
(3270, 'São Pio X', 18),
(3271, 'São Pedro Lopei', 18),
(3272, 'São Pedro do Parana', 18),
(3273, 'São Pedro do Ivai', 18),
(3274, 'São Pedro do Iguaçú', 18),
(3275, 'São Pedro do Florido', 18),
(3280, 'São Pedro', 18),
(3281, 'São Paulo', 18),
(3282, 'São Miguel do Iguaçú', 18),
(3283, 'São Miguel do Cambui', 18),
(3286, 'São Miguel', 18),
(3287, 'São Mateus do Sul', 18),
(3288, 'São Martinho', 18),
(3290, 'São Marcos', 18),
(3291, 'São Manoel do Parana', 18),
(3292, 'São Luiz do Puruna', 18),
(3300, 'São Luiz', 18),
(3302, 'São Lourenco', 18),
(3303, 'São Leonardo', 18),
(3304, 'São Judas Tadeu', 18),
(3305, 'São José dos Pinhais', 18),
(3306, 'São José do Ivai', 18),
(3307, 'São José do Itavo', 18),
(3308, 'São José do Iguaçú', 18),
(3309, 'São José das Palmeiras', 18),
(3310, 'São José da Boa Vista', 18),
(3312, 'São José', 18),
(3313, 'São Jorge do Patrocinio', 18),
(3314, 'São Jorge do Ivai', 18),
(3315, 'São Jorge D\'oeste', 18),
(3316, 'São Joaquim do Pontal', 18),
(3318, 'São Joaquim', 18),
(3319, 'São João do Triunfo', 18),
(3320, 'São João do Pinhal', 18),
(3321, 'São João do Ivai', 18),
(3322, 'São João do Caiua', 18),
(3323, 'São João da Boa Vista', 18),
(3324, 'São João D\'oeste', 18),
(3328, 'São João', 18),
(3329, 'São Jeronimo da Serra', 18),
(3330, 'São Gotardo', 18),
(3332, 'São Gabriel', 18),
(3333, 'São Francisco de Sales', 18),
(3334, 'São Francisco de Imbau', 18),
(3337, 'São Francisco', 18),
(3340, 'São Domingos', 18),
(3342, 'São Cristovão', 18),
(3343, 'São Clemente', 18),
(3344, 'São Cirilo', 18),
(3345, 'São Carlos do Ivai', 18),
(3346, 'São Camilo', 18),
(3348, 'São Braz', 18),
(3349, 'São Bento', 18),
(3350, 'Santo Rei', 18),
(3351, 'Santo Inacio', 18),
(3352, 'Santo Antonio do Sudoeste', 18),
(3353, 'Santo Antonio do Paraiso', 18),
(3354, 'Santo Antonio do Palmital', 18),
(3355, 'Santo Antonio do Iratim', 18),
(3356, 'Santo Antonio do Caiua', 18),
(3357, 'Santo Antonio da Platina', 18),
(3359, 'Santo Antonio', 18),
(3360, 'Santana do Itarare', 18),
(3361, 'Santana', 18),
(3362, 'Santa Zelia', 18),
(3363, 'Santa Terezinha de Itaipu', 18),
(3364, 'Santa Tereza do Oeste', 18),
(3365, 'Santa Rosa', 18),
(3366, 'Santa Rita do Oeste', 18),
(3368, 'Santa Rita', 18),
(3370, 'Santa Quiteria', 18),
(3371, 'Santa Monica', 18),
(3372, 'Santa Mariana', 18),
(3373, 'Santa Maria do Rio do Peixe', 18),
(3374, 'Santa Maria do Oeste', 18),
(3375, 'Santa Maria', 18),
(3377, 'Santa Margarida', 18),
(3378, 'Santa Luzia da Alvorada', 18),
(3379, 'Santa Lurdes', 18),
(3380, 'Santa Lucia', 18),
(3381, 'Santa Izabel do Oeste', 18),
(3382, 'Santa Isabel do Ivai', 18),
(3383, 'Santa Ines', 18),
(3384, 'Santa Helena', 18),
(3385, 'Santa Fé do Pirapo', 18),
(3386, 'Santa Fe', 18),
(3387, 'Santa Esmeralda', 18),
(3388, 'Santa Eliza', 18),
(3389, 'Santa Cruz de Monte Castelo', 18),
(3390, 'Santa Clara', 18),
(3391, 'Santa Cecilia do Pavão', 18),
(3392, 'Santa Amelia', 18),
(3393, 'Samambaia', 18),
(3394, 'Salto Portão', 18),
(3395, 'Salto do Lontra', 18),
(3396, 'Salto do Itarare', 18),
(3397, 'Saltinho do Oeste', 18),
(3398, 'Salles de Oliveira', 18),
(3399, 'Salgado Filho', 18),
(3400, 'Sagrada Familia', 18),
(3401, 'Sabaudia', 18),
(3402, 'Rosario do Ivai', 18),
(3403, 'Rondon', 18),
(3404, 'Rondinha', 18),
(3405, 'Roncador', 18),
(3406, 'Romeópolis', 18),
(3407, 'Rolândia', 18),
(3409, 'Roca Velha', 18),
(3410, 'Roberto Silveira', 18),
(3411, 'Rio Verde', 18),
(3412, 'Rio Saudade', 18),
(3413, 'Rio Saltinho', 18),
(3414, 'Rio Quatorze', 18),
(3415, 'Rio Pinheiro', 18),
(3417, 'Rio Novo', 18),
(3418, 'Rio Negro', 18),
(3419, 'Rio do Salto', 18),
(3420, 'Rio do Mato', 18),
(3421, 'Rio das Pombas', 18),
(3423, 'Rio das Pedras', 18),
(3424, 'Rio das Mortes', 18),
(3425, 'Rio das Antas', 18),
(3427, 'Rio da Prata', 18),
(3428, 'Rio Claro do Sul', 18),
(3429, 'Rio Branco do Sul', 18),
(3430, 'Rio Branco do Ivai', 18),
(3431, 'Rio Bonito do Iguaçú', 18),
(3432, 'Rio Bonito', 18),
(3433, 'Rio Bom', 18),
(3434, 'Rio Azul', 18),
(3435, 'Rio Abaixo', 18),
(3436, 'Ribeirão do Pinheiro', 18),
(3437, 'Ribeirão do Pinhal', 18),
(3438, 'Ribeirão Claro', 18),
(3439, 'Ribeirão Bonito', 18),
(3440, 'Retiro Grande', 18),
(3441, 'Retiro', 18),
(3442, 'Reserva do Iguaçú', 18),
(3443, 'Reserva', 18),
(3444, 'Renascenca', 18),
(3445, 'Reianópolis', 18),
(3446, 'Região dos Valos', 18),
(3447, 'Reboucas', 18),
(3448, 'Realeza', 18),
(3449, 'Rancho Alegre D\'oeste', 18),
(3450, 'Rancho Alegre', 18),
(3451, 'Ramilândia', 18),
(3452, 'Quitandinha', 18),
(3453, 'Quinzópolis', 18),
(3454, 'Quinta do Sol', 18),
(3455, 'Querencia do Norte', 18),
(3456, 'Queimados', 18),
(3457, 'Quedas do Iguaçú', 18),
(3458, 'Quebra Freio', 18),
(3459, 'Quatro Pontes', 18),
(3460, 'Quatro Barras', 18),
(3461, 'Quatigua', 18),
(3462, 'Pulinópolis', 18),
(3463, 'Prudentópolis', 18),
(3464, 'Progresso', 18),
(3465, 'Primeiro de Maio', 18),
(3466, 'Presidente Kennedy', 18),
(3467, 'Presidente Castelo Branco', 18),
(3468, 'Prata Um', 18),
(3469, 'Prata', 18),
(3470, 'Pranchita', 18),
(3471, 'Prado Ferreira', 18),
(3472, 'Porto Vitoria', 18),
(3473, 'Porto São José', 18),
(3474, 'Porto São Carlos', 18),
(3475, 'Porto Santana', 18),
(3476, 'Porto San Juan', 18),
(3477, 'Porto Rico', 18),
(3478, 'Porto Mendes', 18),
(3479, 'Porto Meira', 18),
(3480, 'Porto de Cima', 18),
(3481, 'Porto Camargo', 18),
(3482, 'Porto Brasilio', 18),
(3483, 'Porto Belo', 18),
(3484, 'Porto Barreiro', 18),
(3485, 'Porto Amazonas', 18),
(3486, 'Porteira Preta', 18),
(3487, 'Portão', 18),
(3488, 'Porecatu', 18),
(3489, 'Pontal do Parana', 18),
(3490, 'Ponta Grossa', 18),
(3491, 'Ponta do Pasto', 18),
(3492, 'Poema', 18),
(3494, 'Pocinho', 18),
(3495, 'Planalto', 18),
(3496, 'Planaltina do Parana', 18),
(3497, 'Pitangui', 18),
(3498, 'Pitangueiras', 18),
(3499, 'Pitanga', 18),
(3500, 'Piriquitos', 18),
(3501, 'Piraquara', 18),
(3502, 'Pirapo', 18),
(3503, 'Pirai do Sul', 18),
(3504, 'Piracema', 18),
(3505, 'Piquirivai', 18),
(3506, 'Pinheiro', 18),
(3507, 'Pinhão', 18),
(3512, 'Pinhalzinho', 18),
(3513, 'Pinhalão', 18),
(3514, 'Pinhal Preto', 18),
(3515, 'Pinhal do São Bento', 18),
(3516, 'Pinhais', 18),
(3517, 'Pinare', 18),
(3518, 'Pien', 18),
(3519, 'Piassuguera', 18),
(3520, 'Perola Independente', 18),
(3521, 'Perola do Oeste', 18),
(3522, 'Perola', 18),
(3523, 'Perobal', 18),
(3524, 'Pelado', 18),
(3525, 'Pedro Lustosa', 18),
(3526, 'Pedras', 18),
(3527, 'Pedra Branca do Araraquara', 18),
(3528, 'Peabiru', 18),
(3529, 'Paulo Frontin', 18),
(3530, 'Paulistania', 18),
(3531, 'Paula Freitas', 18),
(3532, 'Pau D\'alho do Sul', 18),
(3533, 'Patos Velhos', 18),
(3534, 'Pato Branco', 18),
(3535, 'Pato Bragado', 18),
(3536, 'Passo Liso', 18),
(3537, 'Passo Fundo', 18),
(3538, 'Passo dos Pupos', 18),
(3539, 'Passo da Ilha', 18),
(3540, 'Passa Una', 18),
(3541, 'Paranavai', 18),
(3542, 'Paranapoema', 18),
(3543, 'Paranagua', 18),
(3544, 'Paranagi', 18),
(3545, 'Paranacity', 18),
(3546, 'Parana D\'oeste', 18),
(3547, 'Paraiso do Norte', 18),
(3548, 'Papagaios Novos', 18),
(3549, 'Pangare', 18),
(3550, 'Panema', 18),
(3551, 'Palotina', 18),
(3552, 'Palmitópolis', 18),
(3553, 'Palmital de São Silvestre', 18),
(3555, 'Palmital', 18),
(3556, 'Palmira', 18),
(3558, 'Palmeirinha', 18),
(3559, 'Palmeira', 18),
(3560, 'Palmas', 18),
(3562, 'Paiquere', 18),
(3563, 'Paiol Queimado', 18),
(3564, 'Paiol de Baixo', 18),
(3565, 'Paicandu', 18),
(3566, 'Padre Ponciano', 18),
(3567, 'Ouro Verde do Piquiri', 18),
(3568, 'Ouro Verde do Oeste', 18),
(3569, 'Ourizona', 18),
(3570, 'Ourilândia', 18),
(3571, 'Ortigueira', 18),
(3572, 'Oroite', 18),
(3573, 'Olho D\'agua', 18),
(3574, 'Olho Agudo', 18),
(3576, 'Olaria', 18),
(3577, 'Novo Três Passos', 18),
(3578, 'Novo Sobradinho', 18),
(3579, 'Novo Sarandi', 18),
(3580, 'Novo Jardim', 18),
(3581, 'Novo Itacolomi', 18),
(3583, 'Novo Horizonte', 18),
(3584, 'Nova Videira', 18),
(3585, 'Nova Tirol', 18),
(3586, 'Nova Tebas', 18),
(3587, 'Nova Santa Rosa', 18),
(3588, 'Nova Santa Barbara', 18),
(3589, 'Nova Riqueza', 18),
(3590, 'Nova Prata do Iguaçú', 18),
(3591, 'Nova Olimpia', 18),
(3592, 'Nova Lourdes', 18),
(3593, 'Nova Londrina', 18),
(3594, 'Nova Laranjeiras', 18),
(3595, 'Nova Fatima', 18),
(3596, 'Nova Esperança do Sudoeste', 18),
(3597, 'Nova Esperança', 18),
(3599, 'Nova Concordia', 18),
(3600, 'Nova Cantu', 18),
(3601, 'Nova Brasilia do Itarare', 18),
(3603, 'Nova Brasilia', 18),
(3604, 'Nova Bilac', 18),
(3605, 'Nova Aurora', 18),
(3606, 'Nova Amoreira', 18),
(3607, 'Nova America da Colina', 18),
(3608, 'Nova Altamira', 18),
(3609, 'Nova Alianca do Ivai', 18),
(3610, 'Nossa Senhora do Carmo', 18),
(3611, 'Nossa Senhora de Lourdes', 18),
(3612, 'Nossa Senhora das Gracas', 18),
(3613, 'Nossa Senhora da Candelaria', 18),
(3614, 'Nossa Senhora da Aparecida', 18),
(3615, 'Nossa Senhora Aparecida', 18),
(3616, 'Nordestina', 18),
(3617, 'Nilza', 18),
(3618, 'Natingui', 18),
(3619, 'Munhoz de Melo', 18),
(3620, 'Morro Ingles', 18),
(3621, 'Morro Alto', 18),
(3622, 'Morretes', 18),
(3623, 'Moreira Sales', 18),
(3624, 'Monte Real', 18),
(3625, 'Monjolinho', 18),
(3626, 'Missal', 18),
(3627, 'Miraselva', 18),
(3628, 'Mirante do Piquiri', 18),
(3629, 'Miranda', 18),
(3630, 'Mirador', 18),
(3631, 'Mercedes', 18),
(3632, 'Mendeslândia', 18),
(3633, 'Memoria', 18),
(3634, 'Meia-Lua', 18),
(3635, 'Medianeira', 18),
(3636, 'Maua da Serra', 18),
(3637, 'Mato Rico', 18),
(3638, 'Mato Queimado', 18),
(3640, 'Matinhos', 18),
(3641, 'Matelândia', 18),
(3642, 'Marumbi', 18),
(3643, 'Martins', 18),
(3644, 'Marrecas', 18),
(3645, 'Marquinho', 18),
(3646, 'Marques de Abrantes', 18),
(3647, 'Marmeleiro', 18),
(3648, 'Marmelândia', 18),
(3649, 'Mariza', 18),
(3650, 'Maristela', 18),
(3651, 'Maripa', 18),
(3652, 'Mariópolis', 18),
(3653, 'Maringa', 18),
(3654, 'Marimbondo', 18),
(3655, 'Mariluz', 18),
(3656, 'Marilu', 18),
(3657, 'Marilena', 18),
(3658, 'Marilândia do Sul', 18),
(3659, 'Mariental', 18),
(3660, 'Marialva', 18),
(3661, 'Maria Luiza', 18),
(3662, 'Maria Helena', 18),
(3663, 'Margarida', 18),
(3664, 'Marechal Candido Rondon', 18),
(3665, 'Marcionópolis', 18),
(3666, 'Marcelino', 18),
(3668, 'Maravilha', 18),
(3669, 'Marajo', 18),
(3670, 'Maracana', 18),
(3671, 'Maraba', 18),
(3672, 'Manoel Ribas', 18),
(3673, 'Mangueirinha', 18),
(3674, 'Manfrinópolis', 18),
(3675, 'Mandirituba', 18),
(3676, 'Mandiocaba', 18),
(3677, 'Mandaguari', 18),
(3678, 'Mandaguaçú', 18),
(3679, 'Mandacaia', 18),
(3680, 'Mambore', 18),
(3681, 'Malu', 18),
(3682, 'Mallet', 18),
(3683, 'Maita', 18),
(3684, 'Maira', 18),
(3685, 'Macucos', 18),
(3686, 'Macaco', 18),
(3687, 'Lupionópolis', 18),
(3688, 'Lunardelli', 18),
(3689, 'Luiziana', 18),
(3690, 'Luar', 18),
(3691, 'Lovat', 18),
(3692, 'Lopei', 18),
(3693, 'Londrina', 18),
(3694, 'Lobato', 18),
(3695, 'Loanda', 18),
(3696, 'Linha Giacomini', 18),
(3697, 'Lindoeste', 18),
(3698, 'Lidianópolis', 18),
(3699, 'Lerroville', 18),
(3700, 'Leópolis', 18),
(3702, 'Lavrinha', 18),
(3703, 'Lavra', 18),
(3704, 'Laranjeiras do Sul', 18),
(3705, 'Laranjal', 18),
(3706, 'Laranja Azeda', 18),
(3707, 'Lapa', 18),
(3708, 'Lambari', 18),
(3709, 'Lajeado Grande', 18),
(3710, 'Lajeado Bonito', 18),
(3713, 'Lajeado', 18),
(3714, 'Lagoinha', 18),
(3715, 'Lagoa Verde', 18),
(3716, 'Lagoa Seca', 18),
(3717, 'Lagoa Dourada', 18),
(3718, 'Lagoa dos Ribas', 18),
(3719, 'Lagoa Bonita', 18),
(3721, 'Lagoa', 18),
(3722, 'Km 30', 18),
(3723, 'Kalore', 18),
(3724, 'Juvinópolis', 18),
(3725, 'Jussara', 18),
(3726, 'Juranda', 18),
(3727, 'Jundiai do Sul', 18),
(3728, 'Juciara', 18),
(3729, 'José Lacerda', 18),
(3730, 'Jordãozinho', 18),
(3731, 'Joaquim Tavora', 18),
(3732, 'Joa', 18),
(3733, 'Jesuitas', 18),
(3734, 'Javacae', 18),
(3735, 'Jataizinho', 18),
(3736, 'Jardinópolis', 18),
(3737, 'Jardim Paulista', 18),
(3738, 'Jardim Paredão', 18),
(3739, 'Jardim Olinda', 18),
(3740, 'Jardim Alegre', 18),
(3741, 'Jardim', 18),
(3742, 'Jaracatia', 18),
(3743, 'Japura', 18),
(3744, 'Japira', 18),
(3745, 'Janiópolis', 18),
(3746, 'Jangada do Sul', 18),
(3747, 'Jangada', 18),
(3748, 'Jandaia do Sul', 18),
(3749, 'Jaguariaiva', 18),
(3750, 'Jaguapita', 18),
(3754, 'Jacutinga', 18),
(3755, 'Jaciaba', 18),
(3756, 'Jacarezinho', 18),
(3757, 'Jacare', 18),
(3758, 'Jaburu', 18),
(3759, 'Jaboticabal', 18),
(3760, 'Jaboti', 18),
(3761, 'Jaborandi', 18),
(3762, 'Ivatuba', 18),
(3763, 'Ivate', 18),
(3764, 'Ivaitinga', 18),
(3765, 'Ivaipora', 18),
(3766, 'Ivailândia', 18),
(3767, 'Ivai', 18),
(3768, 'Itinga', 18),
(3769, 'Itauna do Sul', 18),
(3770, 'Itaqui', 18),
(3771, 'Itaperucu', 18),
(3772, 'Itapejara D\'oeste', 18),
(3773, 'Itapara', 18),
(3774, 'Itapanhacanga', 18),
(3776, 'Itambe', 18),
(3777, 'Itambaraca', 18),
(3778, 'Itaipulândia', 18),
(3779, 'Itaiacoca', 18),
(3780, 'Itaguaje', 18),
(3781, 'Iretama', 18),
(3782, 'Irere', 18),
(3783, 'Irati', 18),
(3784, 'Irapuan', 18),
(3785, 'Iracema do Oeste', 18),
(3786, 'Ipora', 18),
(3789, 'Ipiranga', 18),
(3790, 'Iolópolis', 18),
(3791, 'Invernadinha', 18),
(3792, 'Invernada', 18),
(3793, 'Inspetor Carvalho', 18),
(3794, 'Indianópolis', 18),
(3795, 'Independencia', 18),
(3796, 'Inaja', 18),
(3797, 'Inacio Martins', 18),
(3798, 'Imbituva', 18),
(3799, 'Imbauzinho', 18),
(3800, 'Imbau', 18),
(3801, 'Ilha dos Valadares', 18),
(3802, 'Ilha do Mel', 18),
(3803, 'Iguipora', 18),
(3804, 'Iguatu', 18),
(3805, 'Iguatemi', 18),
(3806, 'Iguaracu', 18),
(3807, 'Igrejinha', 18),
(3808, 'Icatu', 18),
(3809, 'Icaraima', 18),
(3810, 'Icara', 18),
(3811, 'Ibipora', 18),
(3812, 'Ibiaci', 18),
(3813, 'Ibema', 18),
(3814, 'Ibaiti', 18),
(3815, 'Iarama', 18),
(3816, 'Honorio Serpa', 18),
(3817, 'Hidreletrica Itaipu', 18),
(3819, 'Herveira', 18),
(3820, 'Herval Grande', 18),
(3821, 'Herculândia', 18),
(3822, 'Harmonia', 18),
(3823, 'Guardamoria', 18),
(3824, 'Guaravera', 18),
(3825, 'Guarauna', 18),
(3826, 'Guaratuba', 18),
(3827, 'Guararema', 18),
(3828, 'Guaraquecaba', 18),
(3829, 'Guarapuavinha', 18),
(3830, 'Guarapuava', 18),
(3831, 'Guaraniacu', 18),
(3832, 'Guarani', 18),
(3833, 'Guaraituba', 18),
(3834, 'Guaragi', 18),
(3835, 'Guaraci', 18),
(3836, 'Guara', 18),
(3837, 'Guaporema', 18),
(3838, 'Guapore', 18),
(3839, 'Guapirama', 18),
(3840, 'Guamirim', 18),
(3841, 'Guamiranga', 18),
(3842, 'Guajuvira', 18),
(3845, 'Guairaca', 18),
(3846, 'Guaira', 18),
(3847, 'Guaipora', 18),
(3848, 'Grandes Rios', 18),
(3849, 'Graciosa', 18),
(3850, 'Goncalves Junior', 18),
(3851, 'Gois', 18),
(3852, 'Goioxim', 18),
(3853, 'Goioere', 18),
(3854, 'Godoy Moreira', 18),
(3855, 'Geremia Lunardelli', 18),
(3856, 'General Osorio', 18),
(3857, 'General Carneiro', 18),
(3859, 'Gavião', 18),
(3860, 'Gaucha', 18),
(3861, 'Gamela', 18),
(3862, 'Gamadinho', 18),
(3863, 'Fundão', 18),
(3864, 'Fueros', 18),
(3865, 'Frei Timoteo', 18),
(3866, 'Francisco Frederico Teixeira Guimaraes', 18),
(3867, 'Francisco Beltrão', 18),
(3868, 'Francisco Alves', 18),
(3869, 'Foz do Jordão', 18),
(3870, 'Foz do Iguaçú', 18),
(3871, 'Formosa do Oeste', 18),
(3872, 'Formigone', 18),
(3873, 'Fluviópolis', 18),
(3874, 'Florópolis', 18),
(3875, 'Florida', 18),
(3876, 'Floriano', 18),
(3877, 'Florestópolis', 18),
(3878, 'Floresta', 18),
(3879, 'Florai', 18),
(3880, 'Flor da Serra do Sul', 18),
(3881, 'Flor da Serra', 18),
(3882, 'Fiusas', 18),
(3883, 'Figueira do Oeste', 18),
(3884, 'Figueira', 18),
(3885, 'Ferreiras', 18),
(3886, 'Ferraria', 18),
(3887, 'Fernão Dias', 18),
(3888, 'Fernandes Pinheiro', 18),
(3889, 'Fenix', 18),
(3890, 'Felpudo', 18),
(3891, 'Fazendinha', 18),
(3892, 'Fazenda Salmo 23', 18),
(3893, 'Fazenda Rio Grande', 18),
(3894, 'Fazenda Jangada', 18),
(3895, 'Fazenda dos Barbosas', 18),
(3896, 'Fazenda do Brigadeiro', 18),
(3897, 'Faxinal Santa Cruz', 18),
(3898, 'Faxinal dos Elias', 18),
(3899, 'Faxinal do Ceu', 18),
(3900, 'Faxinal', 18),
(3901, 'Faxina', 18),
(3902, 'Farol', 18),
(3903, 'Faisqueira', 18),
(3904, 'Euzebio de Oliveira', 18),
(3905, 'Europa', 18),
(3906, 'Estação Roca Nova', 18),
(3907, 'Estação General Lucio', 18),
(3908, 'Espirito Santo', 18),
(3909, 'Espigão Alto do Iguaçú', 18),
(3910, 'Esperança Nova', 18),
(3911, 'Esperança do Norte', 18),
(3912, 'Entre Rios do Oeste', 18),
(3913, 'Entre Rios', 18),
(3914, 'Engenheiro Beltrão', 18),
(3915, 'Eneas Marques', 18),
(3917, 'Encruzilhada', 18),
(3918, 'Encantado D\'oeste', 18),
(3920, 'Emboque', 18),
(3921, 'Emboguaçú', 18),
(3922, 'Eduardo Xavier da Silva', 18),
(3923, 'Doutor Ulysses', 18),
(3924, 'Doutor Oliveira Castro', 18),
(3925, 'Doutor Ernesto', 18),
(3926, 'Doutor Camargo', 18),
(3927, 'Doutor Antonio Paranhos', 18),
(3928, 'Douradina', 18),
(3929, 'Dorizon', 18),
(3930, 'Dom Rodrigo', 18),
(3931, 'Dois Vizinhos', 18),
(3932, 'Dois Marcos', 18),
(3934, 'Dois Irmãos', 18),
(3935, 'Doce Grande', 18),
(3936, 'Diamante do Sul', 18),
(3937, 'Diamante do Norte', 18),
(3938, 'Diamante D\'oeste', 18),
(3939, 'Diamante', 18),
(3940, 'Dez de Maio', 18),
(3941, 'Despraiado', 18),
(3942, 'Despique', 18),
(3943, 'Deputado José Afonso', 18),
(3944, 'Curucaca', 18),
(3945, 'Curiuva', 18),
(3946, 'Curitiba', 18),
(3947, 'Cunhaporanga', 18),
(3948, 'Cruzmaltina', 18),
(3949, 'Cruzeiro do Sul', 18),
(3950, 'Cruzeiro do Oeste', 18),
(3951, 'Cruzeiro do Norte', 18),
(3952, 'Cruzeiro do Iguaçú', 18),
(3953, 'Cruz Machado', 18),
(3955, 'Cristo Rei', 18),
(3956, 'Coxilha Rica', 18),
(3957, 'Covo', 18),
(3958, 'Costeira', 18),
(3959, 'Corvo', 18),
(3960, 'Corumbatai do Sul', 18),
(3961, 'Correia de Freitas', 18),
(3962, 'Coronel Vivida', 18),
(3963, 'Coronel Firmino Martins', 18),
(3964, 'Coronel Domingos Soares', 18),
(3965, 'Cornelio Procopio', 18),
(3966, 'Corbelia', 18),
(3967, 'Copacabana do Norte', 18),
(3968, 'Contenda', 18),
(3969, 'Conselheiro Zacarias', 18),
(3970, 'Conselheiro Mairinck', 18),
(3971, 'Congonhinhas', 18),
(3972, 'Congonhas', 18),
(3973, 'Conciolândia', 18),
(3974, 'Conchas Velhas', 18),
(3976, 'Conceição', 18),
(3977, 'Comur', 18),
(3978, 'Colorado', 18),
(3979, 'Colonia Tapera', 18),
(3980, 'Colonia Saude', 18),
(3981, 'Colonia Sapucai', 18),
(3982, 'Colonia São José', 18),
(3983, 'Colonia Santos Andrade', 18),
(3984, 'Colonia Pereira', 18),
(3985, 'Colonia Padre Paulo', 18),
(3986, 'Colonia Murici', 18),
(3987, 'Colonia Melissa', 18),
(3988, 'Colonia Iapo', 18),
(3989, 'Colonia General Carneiro', 18),
(3990, 'Colonia Esperança', 18),
(3991, 'Colonia Dom Carlos', 18),
(3992, 'Colonia Cristina', 18),
(3993, 'Colonia Centenario', 18),
(3994, 'Colonia Castrolanda', 18),
(3995, 'Colonia Castelhanos', 18),
(3996, 'Colonia Acioli', 18),
(3997, 'Colombo', 18),
(3998, 'Coitinho', 18),
(3999, 'Clevelândia', 18),
(4000, 'Cintra Pimentel', 18),
(4001, 'Cidade Gaucha', 18),
(4002, 'Cianorte', 18),
(4003, 'Chopinzinho', 18),
(4004, 'Ceu Azul', 18),
(4005, 'Cerro Velho', 18),
(4006, 'Cerro Azul', 18),
(4007, 'Cerrado Grande', 18),
(4008, 'Cerne', 18),
(4009, 'Centro Novo', 18),
(4010, 'Centralito', 18),
(4011, 'Central Lupion', 18),
(4012, 'Centenario do Sul', 18),
(4013, 'Centenario', 18),
(4014, 'Cedro', 18),
(4015, 'Caxambu', 18),
(4016, 'Catarinenses', 18),
(4017, 'Catanduvas do Sul', 18),
(4019, 'Catanduvas', 18),
(4020, 'Castro', 18),
(4021, 'Cascavel', 18),
(4022, 'Cascatinha', 18),
(4023, 'Casa Nova', 18),
(4024, 'Carlópolis', 18),
(4025, 'Carbonera', 18),
(4026, 'Carazinho', 18),
(4027, 'Caratuva', 18),
(4028, 'Caramuru', 18),
(4029, 'Carambei', 18),
(4030, 'Caraja', 18),
(4031, 'Cara-Cara', 18),
(4032, 'Cara Pintado', 18),
(4033, 'Capoeirinha', 18),
(4034, 'Capivara', 18),
(4035, 'Capitão Leonidas Marques', 18),
(4036, 'Capão Rico', 18),
(4037, 'Capão Grande', 18),
(4038, 'Capão da Lagoa', 18),
(4039, 'Capão Bonito', 18),
(4041, 'Capão Alto', 18),
(4042, 'Capanema', 18),
(4043, 'Canzianópolis', 18),
(4044, 'Cantagalo', 18),
(4045, 'Canela', 18),
(4046, 'Candoi', 18),
(4047, 'Candido de Abreu', 18),
(4048, 'Campo Mourão', 18),
(4049, 'Campo Magro', 18),
(4050, 'Campo Largo da Roseira', 18),
(4051, 'Campo Largo', 18),
(4052, 'Campo do Tenente', 18),
(4053, 'Campo do Meio', 18),
(4054, 'Campo Bonito', 18),
(4055, 'Campinas', 18),
(4056, 'Campina Grande do Sul', 18),
(4057, 'Campina dos Furtados', 18),
(4058, 'Campina do Simão', 18),
(4059, 'Campina do Miranguava', 18),
(4060, 'Campina da Lagoa', 18),
(4063, 'Campina', 18),
(4064, 'Campestrinho', 18),
(4065, 'Cambira', 18),
(4066, 'Cambiju', 18),
(4067, 'Cambe', 18),
(4068, 'Cambara', 18),
(4069, 'Calogeras', 18),
(4070, 'California', 18),
(4071, 'Caixa Prego', 18),
(4072, 'Caita', 18),
(4073, 'Cafezal do Sul', 18),
(4074, 'Cafelândia', 18),
(4075, 'Cafeeiros', 18),
(4076, 'Cafeara', 18),
(4077, 'Caetano Mendes', 18),
(4078, 'Cadeadinho', 18),
(4080, 'Cachoeirinha', 18),
(4081, 'Cachoeira do Espirito Santo', 18),
(4082, 'Cachoeira de São José', 18),
(4083, 'Cachoeira de Cima', 18),
(4084, 'Cachoeira', 18),
(4085, 'Cacatu', 18),
(4086, 'Cabrito', 18),
(4087, 'Bulcão', 18),
(4088, 'Bugre', 18),
(4089, 'Brasilândia do Sul', 18),
(4090, 'Bragantina', 18),
(4091, 'Braganey', 18),
(4092, 'Bourbonia', 18),
(4093, 'Botuquara', 18),
(4094, 'Borrazópolis', 18),
(4095, 'Borman', 18),
(4096, 'Borda do Campo de São Sebastião', 18),
(4097, 'Borda do Campo', 18),
(4098, 'Bom Sucesso do Sul', 18),
(4100, 'Bom Sucesso', 18),
(4104, 'Bom Retiro', 18),
(4105, 'Bom Progresso', 18),
(4106, 'Bom Jesus do Sul', 18),
(4107, 'Bom Jardim do Sul', 18),
(4108, 'Bocaiuva do Sul', 18),
(4109, 'Bocaina', 18),
(4110, 'Boa Vista da Aparecida', 18),
(4115, 'Boa Vista', 18);
INSERT INTO `cidade` (`id`, `nome`, `estado_id`) VALUES
(4116, 'Boa Ventura de São Roque', 18),
(4117, 'Boa Esperança do Iguaçú', 18),
(4119, 'Boa Esperança', 18),
(4120, 'Bituruna', 18),
(4121, 'Betaras', 18),
(4122, 'Bernardelli', 18),
(4123, 'Bentópolis', 18),
(4124, 'Bela Vista do Tapiracui', 18),
(4125, 'Bela Vista do Piquiri', 18),
(4126, 'Bela Vista do Paraiso', 18),
(4127, 'Bela Vista do Ivai', 18),
(4128, 'Bela Vista do Caroba', 18),
(4130, 'Bela Vista', 18),
(4131, 'Baulândia', 18),
(4132, 'Bateias', 18),
(4135, 'Barro Preto', 18),
(4136, 'Barrinha', 18),
(4137, 'Barreiros', 18),
(4138, 'Barreiro das Frutas', 18),
(4141, 'Barreiro', 18),
(4142, 'Barras', 18),
(4143, 'Barracão', 18),
(4144, 'Barra Santa Salete', 18),
(4145, 'Barra Mansa', 18),
(4149, 'Barra Grande', 18),
(4150, 'Barra do Jacare', 18),
(4152, 'Barra Bonita', 18),
(4153, 'Barbosa Ferraz', 18),
(4154, 'Barão de Lucena', 18),
(4155, 'Banhado', 18),
(4156, 'Bandeirantes D\'oeste', 18),
(4157, 'Bandeirantes', 18),
(4158, 'Balsa Nova', 18),
(4159, 'Bairro Limoeiro', 18),
(4160, 'Bairro do Felisberto', 18),
(4161, 'Bairro Cachoeira', 18),
(4162, 'Aurora do Iguaçú', 18),
(4163, 'Atalaia', 18),
(4164, 'Astorga', 18),
(4165, 'Assis Chateaubriand', 18),
(4166, 'Assai', 18),
(4167, 'Arquimedes', 18),
(4168, 'Aroeira', 18),
(4169, 'Ariranha do Ivai', 18),
(4170, 'Aricanduva', 18),
(4171, 'Areias', 18),
(4172, 'Areia Branca dos Assis', 18),
(4173, 'Araucaria', 18),
(4174, 'Araruna', 18),
(4175, 'Ararapira', 18),
(4176, 'Arapuan', 18),
(4177, 'Arapua', 18),
(4178, 'Arapoti', 18),
(4179, 'Arapongas', 18),
(4180, 'Aranha', 18),
(4181, 'Aquidaban', 18),
(4182, 'Apucarana', 18),
(4183, 'Apiaba', 18),
(4184, 'Aparecida do Oeste', 18),
(4185, 'Anunciação', 18),
(4186, 'Antonio Olinto', 18),
(4187, 'Antonio Brandão de Oliveira', 18),
(4188, 'Antonina', 18),
(4190, 'Antas', 18),
(4191, 'Angulo', 18),
(4192, 'Angai', 18),
(4193, 'Andorinhas', 18),
(4194, 'Andira', 18),
(4195, 'Anahy', 18),
(4196, 'Ampere', 18),
(4197, 'Amorinha', 18),
(4198, 'Amapora', 18),
(4199, 'Alvorada do Sul', 18),
(4200, 'Alvorada do Iguaçú', 18),
(4201, 'Altonia', 18),
(4202, 'Alto São João', 18),
(4203, 'Alto Santa Fe', 18),
(4204, 'Alto Sabia', 18),
(4205, 'Alto Pora', 18),
(4206, 'Alto Piquiri', 18),
(4207, 'Alto Parana', 18),
(4208, 'Alto Para', 18),
(4209, 'Alto do Amparo', 18),
(4210, 'Alto Amparo', 18),
(4211, 'Alto Alegre do Iguaçú', 18),
(4213, 'Alto Alegre', 18),
(4214, 'Altaneira', 18),
(4215, 'Altamira do Parana', 18),
(4216, 'Almirante Tamandare', 18),
(4217, 'Alexandra', 18),
(4218, 'Alecrim', 18),
(4219, 'Agudos do Sul', 18),
(4220, 'Água Vermelha', 18),
(4221, 'Água Mineral', 18),
(4222, 'Água do Boi', 18),
(4223, 'Água Branca', 18),
(4224, 'Água Boa', 18),
(4225, 'Água Azul', 18),
(4226, 'Agostinho', 18),
(4227, 'Adrianópolis', 18),
(4228, 'Adhemar de Barros', 18),
(4229, 'Acungui', 18),
(4230, 'Acampamento das Minas', 18),
(4231, 'Abatia', 18),
(4232, 'Abapa', 18),
(4233, 'Wall Ferraz', 17),
(4234, 'Vila Nova do Piaui', 17),
(4235, 'Vera Mendes', 17),
(4236, 'Várzea Grande', 17),
(4237, 'Várzea Branca', 17),
(4238, 'Valenca do Piaui', 17),
(4239, 'Urucui', 17),
(4240, 'União', 17),
(4241, 'Teresina', 17),
(4242, 'Tanque do Piaui', 17),
(4243, 'Tamboril do Piaui', 17),
(4244, 'Sussuapara', 17),
(4245, 'Socorro do Piaui', 17),
(4246, 'Simplicio Mendes', 17),
(4247, 'Simões', 17),
(4248, 'Sigefredo Pacheco', 17),
(4249, 'Sebastião Leal', 17),
(4250, 'Sebastião Barros', 17),
(4251, 'São Raimundo Nonato', 17),
(4252, 'São Pedro do Piaui', 17),
(4253, 'São Miguel do Tapuio', 17),
(4254, 'São Miguel do Fidalgo', 17),
(4255, 'São Miguel da Baixa Grande', 17),
(4256, 'São Luis do Piaui', 17),
(4257, 'São Lourenco do Piaui', 17),
(4258, 'São Julião', 17),
(4259, 'São José do Piaui', 17),
(4260, 'São José do Peixe', 17),
(4261, 'São José do Divino', 17),
(4262, 'São João do Piaui', 17),
(4263, 'São João do Arraial', 17),
(4264, 'São João da Varjota', 17),
(4265, 'São João da Serra', 17),
(4266, 'São João da Fronteira', 17),
(4267, 'São João da Canabrava', 17),
(4268, 'São Goncalo do Piaui', 17),
(4269, 'São Goncalo do Gurgueia', 17),
(4270, 'São Francisco do Piaui', 17),
(4271, 'São Francisco de Assis do Piaui', 17),
(4272, 'São Felix do Piaui', 17),
(4273, 'São Braz do Piaui', 17),
(4274, 'Santo Inacio do Piaui', 17),
(4275, 'Santo Antonio dos Milagres', 17),
(4276, 'Santo Antonio de Lisboa', 17),
(4277, 'Santana do Piaui', 17),
(4278, 'Santa Rosa do Piaui', 17),
(4279, 'Santa Luz', 17),
(4280, 'Santa Filomena', 17),
(4281, 'Santa Cruz dos Milagres', 17),
(4282, 'Santa Cruz do Piaui', 17),
(4283, 'Rio Grande do Piaui', 17),
(4284, 'Ribeiro Goncalves', 17),
(4285, 'Ribeira do Piaui', 17),
(4286, 'Riacho Frio', 17),
(4287, 'Regeneração', 17),
(4288, 'Redenção do Gurgueia', 17),
(4289, 'Queimada Nova', 17),
(4290, 'Prata do Piaui', 17),
(4291, 'Porto Alegre do Piaui', 17),
(4292, 'Porto', 17),
(4293, 'Piripiri', 17),
(4294, 'Piracuruca', 17),
(4295, 'Pio Ix', 17),
(4296, 'Pimenteiras', 17),
(4297, 'Picos', 17),
(4298, 'Pedro Laurentino', 17),
(4299, 'Pedro Ii', 17),
(4300, 'Pavussu', 17),
(4301, 'Paulistana', 17),
(4302, 'Patos do Piaui', 17),
(4303, 'Passagem Franca do Piaui', 17),
(4304, 'Parnaiba', 17),
(4305, 'Parnagua', 17),
(4306, 'Paqueta', 17),
(4307, 'Palmeirais', 17),
(4308, 'Palmeira do Piaui', 17),
(4309, 'Pajeu do Piaui', 17),
(4310, 'Paes Landim', 17),
(4311, 'Padre Marcos', 17),
(4312, 'Olho D\'agua do Piaui', 17),
(4313, 'Oeiras', 17),
(4314, 'Novo Santo Antonio', 17),
(4315, 'Novo Oriente do Piaui', 17),
(4316, 'Novo Nilo', 17),
(4317, 'Nova Santa Rita', 17),
(4318, 'Nossa Senhora dos Remedios', 17),
(4319, 'Nossa Senhora de Nazaré', 17),
(4320, 'Nazaré do Piaui', 17),
(4321, 'Murici dos Portelas', 17),
(4322, 'Morro do Chapeu do Piaui', 17),
(4323, 'Morro Cabeca No Tempo', 17),
(4324, 'Monte Alegre do Piaui', 17),
(4325, 'Monsenhor Hipolito', 17),
(4326, 'Monsenhor Gil', 17),
(4327, 'Milton Brandão', 17),
(4328, 'Miguel Leão', 17),
(4329, 'Miguel Alves', 17),
(4330, 'Matias Olimpio', 17),
(4331, 'Massape do Piaui', 17),
(4332, 'Marcos Parente', 17),
(4333, 'Marcolândia', 17),
(4334, 'Manoel Emidio', 17),
(4335, 'Madeiro', 17),
(4336, 'Luzilândia', 17),
(4337, 'Luis Correia', 17),
(4338, 'Landri Sales', 17),
(4339, 'Lagoinha do Piaui', 17),
(4340, 'Lagoa do Sitio', 17),
(4341, 'Lagoa do Piaui', 17),
(4342, 'Lagoa do Barro do Piaui', 17),
(4343, 'Lagoa de São Francisco', 17),
(4344, 'Lagoa Alegre', 17),
(4345, 'Jurema', 17),
(4346, 'Julio Borges', 17),
(4347, 'Juazeiro do Piaui', 17),
(4348, 'José de Freitas', 17),
(4349, 'Joca Marques', 17),
(4350, 'Joaquim Pires', 17),
(4351, 'João Costa', 17),
(4352, 'Jerumenha', 17),
(4353, 'Jatoba do Piaui', 17),
(4354, 'Jardim do Mulato', 17),
(4355, 'Jaicos', 17),
(4356, 'Jacobina do Piaui', 17),
(4357, 'Itaueira', 17),
(4358, 'Itainópolis', 17),
(4359, 'Isaias Coelho', 17),
(4360, 'Ipiranga do Piaui', 17),
(4361, 'Inhuma', 17),
(4362, 'Ilha Grande', 17),
(4363, 'Hugo Napoleão', 17),
(4364, 'Guaribas', 17),
(4365, 'Guadalupe', 17),
(4366, 'Gilbues', 17),
(4367, 'Geminiano', 17),
(4368, 'Fronteiras', 17),
(4369, 'Francisco Santos', 17),
(4370, 'Francisco Macedo', 17),
(4371, 'Francisco Ayres', 17),
(4372, 'Francinópolis', 17),
(4373, 'Floriano', 17),
(4374, 'Floresta do Piaui', 17),
(4375, 'Flores do Piaui', 17),
(4376, 'Fartura do Piaui', 17),
(4377, 'Esperantina', 17),
(4378, 'Eliseu Martins', 17),
(4379, 'Elesbão Veloso', 17),
(4380, 'Domingos Mourão', 17),
(4381, 'Dom Inocencio', 17),
(4382, 'Dom Expedito Lopes', 17),
(4383, 'Dirceu Arcoverde', 17),
(4384, 'Demerval Lobão', 17),
(4385, 'Curralinhos', 17),
(4386, 'Curral Novo do Piaui', 17),
(4387, 'Currais', 17),
(4388, 'Curimata', 17),
(4389, 'Cristino Castro', 17),
(4390, 'Cristalândia do Piaui', 17),
(4391, 'Corrente', 17),
(4392, 'Coronel José Dias', 17),
(4393, 'Conceição do Caninde', 17),
(4394, 'Colonia do Piaui', 17),
(4395, 'Colonia do Gurgueia', 17),
(4396, 'Coivaras', 17),
(4397, 'Cocal dos Alves', 17),
(4398, 'Cocal de Telha', 17),
(4399, 'Cocal', 17),
(4400, 'Caxingo', 17),
(4401, 'Castelo do Piaui', 17),
(4402, 'Caridade do Piaui', 17),
(4403, 'Caraubas do Piaui', 17),
(4404, 'Caracol', 17),
(4405, 'Capitão Gervasio Oliveira', 17),
(4406, 'Capitão de Campos', 17),
(4407, 'Canto do Buriti', 17),
(4408, 'Canavieira', 17),
(4409, 'Campo Maior', 17),
(4410, 'Campo Largo do Piaui', 17),
(4411, 'Campo Grande do Piaui', 17),
(4412, 'Campo Alegre do Fidalgo', 17),
(4413, 'Campinas do Piaui', 17),
(4414, 'Caldeirão Grande do Piaui', 17),
(4415, 'Cajueiro da Praia', 17),
(4416, 'Cajazeiras do Piaui', 17),
(4417, 'Cabeceiras do Piaui', 17),
(4418, 'Buriti dos Montes', 17),
(4419, 'Buriti dos Lopes', 17),
(4420, 'Brejo do Piaui', 17),
(4421, 'Brasileira', 17),
(4422, 'Boqueirão do Piaui', 17),
(4423, 'Bonfim do Piaui', 17),
(4424, 'Bom Principio do Piaui', 17),
(4425, 'Bom Jesus', 17),
(4426, 'Bocaina', 17),
(4427, 'Boa Hora', 17),
(4428, 'Betania do Piaui', 17),
(4429, 'Bertolinia', 17),
(4430, 'Beneditinos', 17),
(4431, 'Belem do Piaui', 17),
(4432, 'Bela Vista do Piaui', 17),
(4433, 'Batalha', 17),
(4434, 'Barro Duro', 17),
(4435, 'Barreiras do Piaui', 17),
(4436, 'Barras', 17),
(4437, 'Barra D\'alcantara', 17),
(4438, 'Baixa Grande do Ribeiro', 17),
(4439, 'Avelino Lopes', 17),
(4440, 'Assunção do Piaui', 17),
(4441, 'Arraial', 17),
(4442, 'Aroazes', 17),
(4443, 'Antonio Almeida', 17),
(4444, 'Anisio de Abreu', 17),
(4445, 'Angical do Piaui', 17),
(4446, 'Amarante', 17),
(4447, 'Alvorada do Gurgueia', 17),
(4448, 'Altos', 17),
(4449, 'Alto Longa', 17),
(4450, 'Alegrete do Piaui', 17),
(4451, 'Alagoinha do Piaui', 17),
(4452, 'Água Branca', 17),
(4453, 'Agricolândia', 17),
(4454, 'Acaua', 17),
(4455, 'Ze Gomes', 16),
(4456, 'Xucuru', 16),
(4457, 'Xexeu', 16),
(4458, 'Volta do Moxoto', 16),
(4459, 'Vitoria de Santo Antão', 16),
(4460, 'Viração', 16),
(4461, 'Vila Nova', 16),
(4462, 'Vicencia', 16),
(4463, 'Vertentes', 16),
(4464, 'Vertente do Lerio', 16),
(4465, 'Verdejante', 16),
(4466, 'Venturosa', 16),
(4467, 'Veneza', 16),
(4468, 'Vasques', 16),
(4469, 'Urucuba', 16),
(4470, 'Urucu-Mirim', 16),
(4471, 'Urimama', 16),
(4472, 'Upatininga', 16),
(4473, 'Umburetama', 16),
(4474, 'Umas', 16),
(4475, 'Tuparetama', 16),
(4476, 'Tupaoca', 16),
(4477, 'Tupanatinga', 16),
(4478, 'Tupanaci', 16),
(4479, 'Triunfo', 16),
(4480, 'Trindade', 16),
(4481, 'Três Ladeiras', 16),
(4482, 'Trapia', 16),
(4483, 'Tracunhaem', 16),
(4484, 'Toritama', 16),
(4485, 'Timorante', 16),
(4486, 'Timbauba', 16),
(4487, 'Terra Nova', 16),
(4488, 'Terezinha', 16),
(4489, 'Tejucupapo', 16),
(4490, 'Tauapiranga', 16),
(4491, 'Tara', 16),
(4492, 'Taquaritinga do Norte', 16),
(4493, 'Tapiraim', 16),
(4494, 'Tamboata', 16),
(4495, 'Tamandare', 16),
(4496, 'Tacaratu', 16),
(4497, 'Tacaimbo', 16),
(4498, 'Tabocas', 16),
(4499, 'Tabira', 16),
(4500, 'Surubim', 16),
(4501, 'Solidão', 16),
(4502, 'Sitio dos Nunes', 16),
(4503, 'Sirinhaem', 16),
(4504, 'Siriji', 16),
(4505, 'Sertãozinho de Baixo', 16),
(4506, 'Sertania', 16),
(4507, 'Serrolândia', 16),
(4508, 'Serrita', 16),
(4509, 'Serra Talhada', 16),
(4510, 'Serra do Vento', 16),
(4511, 'Serra Branca', 16),
(4512, 'Saue', 16),
(4513, 'Sapucarana', 16),
(4514, 'São Vicente Ferrer', 16),
(4515, 'São Vicente', 16),
(4516, 'São Pedro', 16),
(4517, 'São Lourenco da Mata', 16),
(4518, 'São Lazaro', 16),
(4519, 'São José do Egito', 16),
(4520, 'São José do Belmonte', 16),
(4521, 'São José da Coroa Grande', 16),
(4522, 'São José', 16),
(4523, 'São Joaquim do Monte', 16),
(4524, 'São João', 16),
(4525, 'São Domingos', 16),
(4526, 'São Caitano', 16),
(4527, 'São Caetano do Navio', 16),
(4528, 'São Bento do Una', 16),
(4529, 'São Benedito do Sul', 16),
(4530, 'Santo Antonio dos Palmares', 16),
(4531, 'Santo Antonio das Queimadas', 16),
(4532, 'Santo Agostinho', 16),
(4533, 'Santana de São Joaquim', 16),
(4535, 'Santa Terezinha', 16),
(4536, 'Santa Rita', 16),
(4537, 'Santa Maria do Cambuca', 16),
(4538, 'Santa Maria da Boa Vista', 16),
(4539, 'Santa Filomena', 16),
(4540, 'Santa Cruz do Capibaribe', 16),
(4541, 'Santa Cruz da Baixa Verde', 16),
(4542, 'Santa Cruz', 16),
(4543, 'Sanharo', 16),
(4544, 'Salobro', 16),
(4545, 'Saloa', 16),
(4546, 'Salgueiro', 16),
(4547, 'Salgadinho', 16),
(4548, 'Saire', 16),
(4549, 'Rio Formoso', 16),
(4550, 'Rio da Barra', 16),
(4551, 'Ribeirão', 16),
(4552, 'Riacho Pequeno', 16),
(4553, 'Riacho Fechado', 16),
(4554, 'Riacho do Meio', 16),
(4555, 'Riacho das Almas', 16),
(4556, 'Recife', 16),
(4557, 'Rancharia', 16),
(4558, 'Rajada', 16),
(4559, 'Rainha Isabel', 16),
(4560, 'Quixaba', 16),
(4561, 'Quitimbu', 16),
(4562, 'Quipapa', 16),
(4563, 'Primavera', 16),
(4564, 'Praia da Conceição', 16),
(4565, 'Ponte dos Carvalhos', 16),
(4566, 'Pontas de Pedra', 16),
(4567, 'Pombos', 16),
(4568, 'Poço Fundo', 16),
(4569, 'Poço Comprido', 16),
(4570, 'Poção de Afranio', 16),
(4571, 'Poção', 16),
(4572, 'Pirituba', 16),
(4573, 'Petrolina', 16),
(4574, 'Petrolândia', 16),
(4575, 'Pesqueira', 16),
(4576, 'Perpetuo Socorro', 16),
(4577, 'Pedra', 16),
(4578, 'Paulista', 16),
(4579, 'Paudalho', 16),
(4580, 'Pau Ferro', 16),
(4581, 'Passira', 16),
(4582, 'Passagem do To', 16),
(4583, 'Parnamirim', 16),
(4584, 'Paratibe', 16),
(4585, 'Paranatama', 16),
(4586, 'Para', 16),
(4587, 'Paquevira', 16),
(4588, 'Papagaio', 16),
(4589, 'Pão de Acucar do Poção', 16),
(4590, 'Pão de Acucar', 16),
(4591, 'Panelas', 16),
(4592, 'Palmeirina', 16),
(4593, 'Palmares', 16),
(4594, 'Pajeu', 16),
(4595, 'Ouricuri', 16),
(4596, 'Oroco', 16),
(4597, 'Orobo', 16),
(4598, 'Ori', 16),
(4599, 'Oratorio', 16),
(4600, 'Olinda', 16),
(4601, 'Olho D\'agua de Dentro', 16),
(4602, 'Nova Cruz', 16),
(4603, 'Nossa Senhora do O', 16),
(4604, 'Nossa Senhora do Carmo', 16),
(4605, 'Nossa Senhora da Luz', 16),
(4606, 'Negras', 16),
(4607, 'Nazaré da Mata', 16),
(4608, 'Navarro', 16),
(4609, 'Nascente', 16),
(4610, 'Mutuca', 16),
(4611, 'Murupe', 16),
(4612, 'Mulungu', 16),
(4613, 'Moxoto', 16),
(4614, 'Moreno', 16),
(4615, 'Moreilândia', 16),
(4616, 'Morais', 16),
(4617, 'Mirandiba', 16),
(4618, 'Miracica', 16),
(4619, 'Mimoso', 16),
(4620, 'Maravilha', 16),
(4621, 'Maraial', 16),
(4622, 'Manicoba', 16),
(4623, 'Mandacaru', 16),
(4624, 'Mandacaia', 16),
(4625, 'Manari', 16),
(4626, 'Macuje', 16),
(4627, 'Machados', 16),
(4628, 'Macaparana', 16),
(4629, 'Luanda', 16),
(4630, 'Livramento do Tiuma', 16),
(4631, 'Limoeiro', 16),
(4632, 'Lajedo do Cedro', 16),
(4633, 'Lajedo', 16),
(4634, 'Laje Grande', 16),
(4635, 'Laje de São José', 16),
(4636, 'Lagoa Grande', 16),
(4637, 'Lagoa dos Gatos', 16),
(4638, 'Lagoa do Souza', 16),
(4639, 'Lagoa do Ouro', 16),
(4640, 'Lagoa do Itaenga', 16),
(4641, 'Lagoa do Carro', 16),
(4642, 'Lagoa do Barro', 16),
(4643, 'Lagoa de São José', 16),
(4644, 'Lagoa', 16),
(4645, 'Jutai', 16),
(4646, 'Jurema', 16),
(4647, 'Jupi', 16),
(4648, 'Jucati', 16),
(4649, 'Jucaral', 16),
(4650, 'José Mariano', 16),
(4651, 'José da Costa', 16),
(4652, 'Joaquim Nabuco', 16),
(4653, 'João Alfredo', 16),
(4654, 'Jenipapo', 16),
(4655, 'Jatoba', 16),
(4656, 'Jatiuca', 16),
(4657, 'Jatauba', 16),
(4658, 'Jaqueira', 16),
(4659, 'Japecanga', 16),
(4660, 'Jaboatão dos Guararapes', 16),
(4661, 'Jaboatão', 16),
(4662, 'Jabitaca', 16),
(4663, 'Iuitepora', 16),
(4664, 'Ituguaçú', 16),
(4665, 'Itaquitinga', 16),
(4666, 'Itapissuma', 16),
(4667, 'Itapetim', 16),
(4668, 'Itambe', 16),
(4669, 'Itamaraca', 16),
(4670, 'Itaiba', 16),
(4671, 'Itacuruba', 16),
(4672, 'Iratama', 16),
(4673, 'Irajai', 16),
(4674, 'Iraguaçú', 16),
(4675, 'Ipuera', 16),
(4676, 'Ipubi', 16),
(4677, 'Ipojuca', 16),
(4678, 'Ingazeira', 16),
(4679, 'Inaja', 16),
(4680, 'Iguaraci', 16),
(4681, 'Igarassu', 16),
(4682, 'Igarapeba', 16),
(4683, 'Igarapeassu', 16),
(4684, 'Igapo', 16),
(4685, 'Icaicara', 16),
(4686, 'Ibo', 16),
(4687, 'Ibitiranga', 16),
(4688, 'Ibiratinga', 16),
(4689, 'Ibiranga', 16),
(4690, 'Ibirajuba', 16),
(4691, 'Ibimirim', 16),
(4692, 'Iati', 16),
(4693, 'Iateca', 16),
(4694, 'Henrique Dias', 16),
(4695, 'Guanumbi', 16),
(4696, 'Grotão', 16),
(4697, 'Gravata do Ibiapina', 16),
(4698, 'Gravata', 16),
(4699, 'Granito', 16),
(4700, 'Goncalves Ferreira', 16),
(4701, 'Goiana', 16),
(4702, 'Gloria do Goita', 16),
(4703, 'Garanhuns', 16),
(4704, 'Gameleira', 16),
(4705, 'Frexeiras', 16),
(4706, 'Frei Miguelinho', 16),
(4707, 'Floresta', 16),
(4708, 'Flores', 16),
(4709, 'Ferreiros', 16),
(4710, 'Fernando de Noronha', 16),
(4711, 'Feitoria', 16),
(4712, 'Feira Nova', 16),
(4713, 'Fazenda Nova', 16),
(4714, 'Exu', 16),
(4715, 'Espirito Santo', 16),
(4716, 'Escada', 16),
(4717, 'Entroncamento', 16),
(4718, 'Dormentes', 16),
(4719, 'Dois Leões', 16),
(4720, 'Custodia', 16),
(4721, 'Curral Queimado', 16),
(4722, 'Cupira', 16),
(4723, 'Cumaru', 16),
(4724, 'Cuiambuca', 16),
(4725, 'Cruzes', 16),
(4726, 'Cruanji', 16),
(4727, 'Cristalia', 16),
(4728, 'Couro D\'antas', 16),
(4729, 'Cortes', 16),
(4730, 'Correntes', 16),
(4731, 'Condado', 16),
(4732, 'Conceição das Crioulas', 16),
(4734, 'Cocau', 16),
(4735, 'Clarana', 16),
(4736, 'Cimbres', 16),
(4737, 'Cha Grande', 16),
(4738, 'Cha do Rocha', 16),
(4739, 'Cha de Alegria', 16),
(4740, 'Cedro', 16),
(4741, 'Cavaleiro', 16),
(4742, 'Catole', 16),
(4743, 'Catimbau', 16),
(4744, 'Catende', 16),
(4745, 'Casinhas', 16),
(4746, 'Caruaru', 16),
(4747, 'Carqueja', 16),
(4748, 'Carpina', 16),
(4749, 'Carneiro', 16),
(4750, 'Carnaubeira da Penha', 16),
(4751, 'Carnaiba', 16),
(4752, 'Caririmirim', 16),
(4753, 'Carima', 16),
(4754, 'Carice', 16),
(4755, 'Carapotos', 16),
(4756, 'Caraibeiras', 16),
(4757, 'Caraiba', 16),
(4758, 'Capoeiras', 16),
(4759, 'Canhotinho', 16),
(4760, 'Canaa', 16),
(4761, 'Camutanga', 16),
(4762, 'Camocim de São Felix', 16),
(4763, 'Camela', 16),
(4764, 'Camaragibe', 16),
(4765, 'Calumbi', 16),
(4766, 'Caldeirões', 16),
(4767, 'Calcado', 16),
(4768, 'Caicarinha da Penha', 16),
(4769, 'Caetes', 16),
(4770, 'Cachoeirinha', 16),
(4771, 'Cachoeira do Roberto', 16),
(4772, 'Cabrobo', 16),
(4773, 'Cabo', 16),
(4774, 'Cabanas', 16),
(4775, 'Buique', 16),
(4776, 'Buenos Aires', 16),
(4777, 'Brejo da Madre de Deus', 16),
(4778, 'Brejinho', 16),
(4779, 'Brejão', 16),
(4780, 'Bonito', 16),
(4781, 'Bonfim', 16),
(4782, 'Bom Nome', 16),
(4783, 'Bom Jardim', 16),
(4784, 'Bom Conselho', 16),
(4785, 'Bodoco', 16),
(4786, 'Boas Novas', 16),
(4787, 'Bizarra', 16),
(4788, 'Bezerros', 16),
(4789, 'Betania', 16),
(4790, 'Bernardo Vieira', 16),
(4791, 'Bentivi', 16),
(4792, 'Bengalas', 16),
(4793, 'Belo Jardim', 16),
(4794, 'Belem de São Francisco', 16),
(4795, 'Belem de Maria', 16),
(4796, 'Batateira', 16),
(4797, 'Barreiros', 16),
(4798, 'Barra do Sirinhaem', 16),
(4799, 'Barra do Riachão', 16),
(4800, 'Barra do Jardim', 16),
(4801, 'Barra do Chata', 16),
(4802, 'Barra do Brejo', 16),
(4803, 'Barra de São Pedro', 16),
(4804, 'Barra de Guabiraba', 16),
(4805, 'Barra de Farias', 16),
(4806, 'Arizona', 16),
(4807, 'Aripibu', 16),
(4808, 'Arcoverde', 16),
(4809, 'Araripina', 16),
(4810, 'Aracoiaba', 16),
(4811, 'Apoti', 16),
(4812, 'Angelim', 16),
(4813, 'Ameixas', 16),
(4814, 'Amaraji', 16),
(4815, 'Altinho', 16),
(4816, 'Alianca', 16),
(4817, 'Algodões', 16),
(4818, 'Albuquerque Ne', 16),
(4819, 'Alagoinha', 16),
(4820, 'Airi', 16),
(4821, 'Águas Belas', 16),
(4822, 'Água Preta', 16),
(4823, 'Água Fria', 16),
(4824, 'Agrestina', 16),
(4825, 'Afranio', 16),
(4826, 'Afogados da Ingazeira', 16),
(4827, 'Abreu E Lima', 16),
(4828, 'Zabele', 15),
(4829, 'Vista Serrana', 15),
(4830, 'Vieirópolis', 15),
(4831, 'Vazante', 15),
(4832, 'Várzea Nova', 15),
(4833, 'Várzea Comprida', 15),
(4834, 'Varzea', 15),
(4835, 'Umbuzeiro', 15),
(4836, 'Umari', 15),
(4837, 'Uirauna', 15),
(4838, 'Triunfo', 15),
(4839, 'Tenorio', 15),
(4840, 'Teixeira', 15),
(4841, 'Tavares', 15),
(4842, 'Taperoa', 15),
(4843, 'Tambauzinho', 15),
(4844, 'Tambau', 15),
(4845, 'Tacima', 15),
(4846, 'Sume', 15),
(4847, 'Sucuru', 15),
(4848, 'Sousa', 15),
(4849, 'Sossego', 15),
(4850, 'Soledade', 15),
(4851, 'Solanea', 15),
(4852, 'Sobrado', 15),
(4853, 'Sertãozinho', 15),
(4854, 'Serraria', 15),
(4855, 'Serra Redonda', 15),
(4856, 'Serra Grande', 15),
(4857, 'Serra da Raiz', 15),
(4858, 'Serra Branca', 15),
(4859, 'Serido/São Vicente do Serido', 15),
(4860, 'Serido', 15),
(4861, 'Sape', 15),
(4862, 'São Sebastião do Umbuzeiro', 15),
(4863, 'São Sebastião de Lagoa de Roca', 15),
(4864, 'São Pedro', 15),
(4865, 'São Miguel de Taipu', 15),
(4866, 'São Mamede', 15),
(4867, 'São José dos Ramos', 15),
(4868, 'São José dos Cordeiros', 15),
(4869, 'São José do Sabugi', 15),
(4870, 'São José do Brejo do Cruz', 15),
(4871, 'São José do Bonfim', 15),
(4872, 'São José de Princesa', 15),
(4873, 'São José de Piranhas', 15),
(4874, 'São José de Marimbas', 15),
(4875, 'São José de Espinharas', 15),
(4876, 'São José de Caiana', 15),
(4877, 'São José da Mata', 15),
(4878, 'São José da Lagoa Tapada', 15),
(4879, 'São João do Tigre', 15),
(4880, 'São João do Rio do Peixe', 15),
(4881, 'São João do Cariri', 15),
(4882, 'São João Bosco', 15),
(4883, 'São Goncalo', 15),
(4884, 'São Francisco', 15),
(4885, 'São Domingos do Cariri', 15),
(4886, 'São Domingos de Pombal', 15),
(4887, 'São Bento de Pombal', 15),
(4888, 'São Bento', 15),
(4889, 'Santo André', 15),
(4890, 'Santarem', 15),
(4891, 'Santana dos Garrotes', 15),
(4892, 'Santana de Mangueira', 15),
(4893, 'Santa Terezinha', 15),
(4894, 'Santa Teresinha', 15),
(4896, 'Santa Rita', 15),
(4897, 'Santa Maria', 15),
(4898, 'Santa Luzia do Cariri', 15),
(4899, 'Santa Luzia', 15),
(4900, 'Santa Ines', 15),
(4901, 'Santa Helena', 15),
(4902, 'Santa Gertrudes', 15),
(4903, 'Santa Cruz', 15),
(4904, 'Santa Cecilia de Umbuzeiro', 15),
(4905, 'Salgado de São Felix', 15),
(4906, 'Salgadinho', 15),
(4907, 'Salema', 15),
(4908, 'Rua Nova', 15),
(4909, 'Rio Tinto', 15),
(4910, 'Ribeira', 15),
(4911, 'Riacho dos Cavalos', 15),
(4912, 'Riacho de Santo Antonio', 15),
(4913, 'Riachão do Poço', 15),
(4914, 'Riachão', 15),
(4915, 'Remigio', 15),
(4917, 'Quixaba', 15),
(4918, 'Queimadas', 15),
(4919, 'Puxinana', 15),
(4920, 'Princesa Isabel', 15),
(4921, 'Prata', 15),
(4922, 'Porteirinha de Pedra', 15),
(4923, 'Pombal', 15),
(4924, 'Poço de José de Moura', 15),
(4925, 'Poço Dantas', 15),
(4926, 'Pocinhos', 15),
(4927, 'Pitimbu', 15),
(4928, 'Pitanga de Estrada', 15),
(4929, 'Pirpirituba', 15),
(4930, 'Piraua', 15),
(4931, 'Pio X', 15),
(4932, 'Pindurão', 15),
(4933, 'Pilõezinhos', 15),
(4934, 'Pilões', 15),
(4935, 'Pilar', 15),
(4936, 'Picui', 15),
(4937, 'Pianco', 15),
(4938, 'Pereiros', 15),
(4939, 'Pelo Sinal', 15),
(4940, 'Pedro Regis', 15),
(4941, 'Pedras de Fogo', 15),
(4942, 'Pedra Lavrada', 15),
(4943, 'Pedra Branca', 15),
(4944, 'Paulista', 15),
(4945, 'Patos', 15),
(4946, 'Passagem', 15),
(4947, 'Parari', 15),
(4948, 'Ouro Velho', 15),
(4949, 'Olivedos', 15),
(4950, 'Olho D\'agua', 15),
(4951, 'Odilândia', 15),
(4952, 'Núcleo N 3', 15),
(4953, 'Núcleo N 2', 15),
(4954, 'Nova Palmeira', 15),
(4955, 'Nova Olinda', 15),
(4956, 'Nova Floresta', 15),
(4957, 'Nossa Senhora do Livramento', 15),
(4958, 'Nazarézinho', 15),
(4959, 'Nazaré', 15),
(4960, 'Natuba', 15),
(4961, 'Muquem', 15),
(4962, 'Mulungu', 15),
(4963, 'Montevideo', 15),
(4964, 'Monteiro', 15),
(4965, 'Monte Horebe', 15),
(4966, 'Montadas', 15),
(4967, 'Mogeiro', 15),
(4968, 'Melo', 15),
(4969, 'Matureia', 15),
(4970, 'Mato Grosso', 15),
(4971, 'Matinhas', 15),
(4972, 'Mataraca', 15),
(4973, 'Mata Virgem', 15),
(4974, 'Mata Limpa', 15),
(4975, 'Massaranduba', 15),
(4976, 'Marizópolis', 15),
(4977, 'Mari', 15),
(4978, 'Marcação', 15),
(4979, 'Manaira', 15),
(4980, 'Mamanguape', 15),
(4981, 'Malta', 15),
(4982, 'Maia', 15),
(4983, 'Mae D\'agua', 15),
(4984, 'Lucena', 15),
(4985, 'Logradouro', 15),
(4986, 'Livramento', 15),
(4987, 'Lerolândia', 15),
(4988, 'Lastro', 15),
(4989, 'Lagoa Seca', 15),
(4991, 'Lagoa de Dentro', 15),
(4992, 'Lagoa', 15),
(4993, 'Juru', 15),
(4994, 'Juripiranga', 15),
(4995, 'Junco do Serido', 15),
(4996, 'Juazeirinho', 15),
(4997, 'Juarez Tavora', 15),
(4998, 'João Pessoa', 15),
(4999, 'Jerico', 15),
(5000, 'Jacarau', 15),
(5001, 'Itatuba', 15),
(5002, 'Itapororoca', 15),
(5003, 'Itaporanga', 15),
(5004, 'Itajubatiba', 15),
(5005, 'Itabaiana', 15),
(5006, 'Inga', 15),
(5007, 'Imaculada', 15),
(5008, 'Igaracy', 15),
(5009, 'Ibiara', 15),
(5010, 'Gurjão', 15),
(5011, 'Gurinhem', 15),
(5012, 'Guarita', 15),
(5013, 'Guarabira', 15),
(5014, 'Galante', 15),
(5015, 'Gado Bravo', 15),
(5016, 'Frei Martinho', 15),
(5017, 'Forte Velho', 15),
(5018, 'Fazenda Nova', 15),
(5019, 'Fatima', 15),
(5020, 'Fagundes', 15),
(5021, 'Esperança', 15),
(5022, 'Engenheiro Avidos', 15),
(5023, 'Emas', 15),
(5024, 'Duas Estradas', 15),
(5025, 'Dona Ines', 15),
(5026, 'Diamante', 15),
(5027, 'Desterro', 15),
(5028, 'Damião', 15),
(5029, 'Curral Velho', 15),
(5030, 'Curral de Cima', 15),
(5031, 'Cupissura', 15),
(5032, 'Cuitegi', 15),
(5033, 'Cuite de Mamanguape', 15),
(5034, 'Cuite', 15),
(5035, 'Cubati', 15),
(5036, 'Cruz do Espirito Santo', 15),
(5037, 'Coxixola', 15),
(5038, 'Coronel Maia', 15),
(5039, 'Coremas', 15),
(5040, 'Congo', 15),
(5041, 'Conde', 15),
(5042, 'Condado', 15),
(5043, 'Conceição', 15),
(5044, 'Cepilho', 15),
(5045, 'Caturite', 15),
(5046, 'Catole do Rocha', 15),
(5047, 'Catole', 15),
(5048, 'Catingueira', 15),
(5049, 'Casserengue', 15),
(5050, 'Casinha do Homem', 15),
(5051, 'Carrapateira', 15),
(5052, 'Cardoso', 15),
(5053, 'Caraubas', 15),
(5054, 'Capim', 15),
(5055, 'Camurupim', 15),
(5056, 'Campo Grande', 15),
(5057, 'Campo Alegre', 15),
(5058, 'Campina Grande', 15),
(5059, 'Camalau', 15),
(5060, 'Caldas Brandão', 15),
(5061, 'Cajazeirinhas', 15),
(5062, 'Cajazeiras', 15),
(5063, 'Caicara', 15),
(5064, 'Cacimbas', 15),
(5065, 'Cacimba de Dentro', 15),
(5066, 'Cacimba de Areia', 15),
(5067, 'Cachoeirinha', 15),
(5068, 'Cachoeira dos Indios', 15),
(5069, 'Cachoeira', 15),
(5070, 'Cabedelo', 15),
(5071, 'Cabaceiras', 15),
(5072, 'Caapora', 15),
(5073, 'Brejo dos Santos', 15),
(5074, 'Brejo do Cruz', 15),
(5075, 'Borborema', 15),
(5076, 'Boqueirão', 15),
(5077, 'Bonito de Santa Fe', 15),
(5079, 'Bom Sucesso', 15),
(5080, 'Bom Jesus', 15),
(5081, 'Boa Vista', 15),
(5082, 'Boa Ventura', 15),
(5083, 'Bernardino Batista', 15),
(5084, 'Belem do Brejo do Cruz', 15),
(5085, 'Belém', 15),
(5086, 'Bayeux', 15),
(5087, 'Barra do Camaratuba', 15),
(5088, 'Barra de São Miguel', 15),
(5089, 'Barra de Santana', 15),
(5090, 'Barra de Santa Rosa', 15),
(5091, 'Barauna', 15),
(5092, 'Bananeiras', 15),
(5093, 'Balancos', 15),
(5094, 'Baia da Traição', 15),
(5095, 'Assunção', 15),
(5096, 'Assis Chateaubriand', 15),
(5097, 'Aroeiras', 15),
(5098, 'Areias', 15),
(5099, 'Areial', 15),
(5100, 'Areia de Baraunas', 15),
(5101, 'Areia', 15),
(5102, 'Araruna', 15),
(5103, 'Arara', 15),
(5104, 'Aracagi', 15),
(5105, 'Aparecida', 15),
(5106, 'Amparo', 15),
(5107, 'Alhandra', 15),
(5108, 'Algodão de Jandaira', 15),
(5109, 'Alcantil', 15),
(5110, 'Alagoinha', 15),
(5111, 'Alagoa Nova', 15),
(5112, 'Alagoa Grande', 15),
(5113, 'Aguiar', 15),
(5114, 'Água Branca', 15),
(5115, 'Xinguarinha', 14),
(5116, 'Xinguara', 14),
(5117, 'Vitoria do Xingu', 14),
(5118, 'Vista Alegre do Para', 14),
(5119, 'Vista Alegre', 14),
(5120, 'Viseu', 14),
(5121, 'Vilarinho do Monte', 14),
(5122, 'Vila Socorro', 14),
(5123, 'Vila Santa Fe', 14),
(5124, 'Vila Planalto', 14),
(5125, 'Vila Nova', 14),
(5126, 'Vila Isol', 14),
(5127, 'Vila Goreth', 14),
(5128, 'Vila Franca', 14),
(5129, 'Vila dos Cabanos', 14),
(5130, 'Vila do Carmo do Tocantins', 14),
(5131, 'Vigia', 14),
(5132, 'Veiros', 14),
(5133, 'Val-De-Caes', 14),
(5134, 'Urucuriteua', 14),
(5135, 'Urucuri', 14),
(5136, 'Uruara', 14),
(5137, 'Ulianópolis', 14),
(5138, 'Tucurui', 14),
(5139, 'Tucuma', 14),
(5140, 'Trairão', 14),
(5141, 'Tracuateua', 14),
(5142, 'Tome-Acu', 14),
(5143, 'Timboteua', 14),
(5144, 'Tijoca', 14),
(5145, 'Terra Santa', 14),
(5146, 'Terra Alta', 14),
(5147, 'Tentugal', 14),
(5148, 'Tauarizinho', 14),
(5149, 'Tauari', 14),
(5150, 'Tatuteua', 14),
(5151, 'Tailândia', 14),
(5152, 'Soure', 14),
(5153, 'Serra Pelada', 14),
(5154, 'Senador José Porfirio', 14),
(5155, 'Sapucaia', 14),
(5156, 'São Sebastião de Vicosa', 14),
(5157, 'São Sebastião da Boa Vista', 14),
(5158, 'São Roberto', 14),
(5159, 'São Raimundo dos Furtados', 14),
(5160, 'São Raimundo do Araguaia', 14),
(5161, 'São Raimundo de Borralhos', 14),
(5162, 'São Pedro do Capim', 14),
(5163, 'São Pedro de Viseu', 14),
(5164, 'São Miguel dos Macacos', 14),
(5165, 'São Miguel do Guama', 14),
(5166, 'São Luiz do Tapajos', 14),
(5167, 'São José do Piria', 14),
(5168, 'São José do Gurupi', 14),
(5169, 'São Jorge', 14),
(5170, 'São Joaquim do Tapara', 14),
(5171, 'São João dos Ramos', 14),
(5172, 'São João do Piria', 14),
(5173, 'São João do Araguaia', 14),
(5174, 'São João do Acangata', 14),
(5175, 'São João de Pirabas', 14),
(5176, 'São João da Ponta', 14),
(5177, 'São Geraldo do Araguaia', 14),
(5178, 'São Francisco do Para', 14),
(5179, 'São Francisco da Jararaca', 14),
(5180, 'São Francisco', 14),
(5181, 'São Felix do Xingu', 14),
(5182, 'São Domingos do Capim', 14),
(5183, 'São Domingos do Araguaia', 14),
(5184, 'São Caetano de Odivelas', 14),
(5185, 'Santo Antonio do Taua', 14),
(5186, 'Santo Antonio', 14),
(5187, 'Santarem Novo', 14),
(5188, 'Santarem', 14),
(5189, 'Santana do Araguaia', 14),
(5190, 'Santa Terezinha', 14),
(5191, 'Santa Rosa da Vigia', 14),
(5192, 'Santa Maria do Para', 14),
(5193, 'Santa Maria das Barreiras', 14),
(5194, 'Santa Maria', 14),
(5195, 'Santa Luzia do Para', 14),
(5196, 'Santa Isabel do Para', 14),
(5197, 'Santa Cruz do Arari', 14),
(5198, 'Santa Barbara do Para', 14),
(5199, 'Salvaterra', 14),
(5200, 'Salinópolis', 14),
(5201, 'Rurópolis', 14),
(5202, 'Rondon do Para', 14),
(5203, 'Riozinho', 14),
(5204, 'Rio Vermelho', 14),
(5205, 'Rio Maria', 14),
(5206, 'Repartimento', 14),
(5207, 'Remansão', 14),
(5208, 'Redenção', 14),
(5209, 'Quatro Bocas', 14),
(5210, 'Quatipuru', 14),
(5211, 'Primavera', 14),
(5212, 'Prainha', 14),
(5213, 'Porto Trombetas', 14),
(5214, 'Porto Salvo', 14),
(5215, 'Porto de Moz', 14),
(5216, 'Portel', 14),
(5217, 'Ponta de Ramos', 14),
(5218, 'Ponta de Pedras', 14),
(5219, 'Placas', 14),
(5220, 'Piria', 14),
(5221, 'Piraquara', 14),
(5222, 'Pinhal', 14),
(5224, 'Picarra', 14),
(5225, 'Piabas', 14),
(5226, 'Pesqueiro', 14),
(5227, 'Perseveranca', 14),
(5228, 'Penhalonga', 14),
(5229, 'Peixe-Boi', 14),
(5230, 'Pedreira', 14),
(5231, 'Pau D\'arco', 14),
(5232, 'Parauapebas', 14),
(5233, 'Paratins', 14),
(5234, 'Paragominas', 14),
(5235, 'Palestina do Para', 14),
(5236, 'Pacoval', 14),
(5237, 'Pacaja', 14),
(5238, 'Outeiro', 14),
(5239, 'Ourilândia do Norte', 14),
(5240, 'Ourem', 14),
(5241, 'Otelo', 14),
(5242, 'Osvaldilândia', 14),
(5243, 'Oriximina', 14),
(5244, 'Oeiras do Para', 14),
(5245, 'Obidos', 14),
(5246, 'Núcleo Urbano Quilometro 30', 14),
(5247, 'Novo Repartimento', 14),
(5248, 'Novo Progresso', 14),
(5249, 'Novo Planalto', 14),
(5250, 'Nova Timboteua', 14),
(5251, 'Nova Mocajuba', 14),
(5252, 'Nova Ipixuna', 14),
(5253, 'Nova Esperança do Piria', 14),
(5254, 'Nazaré dos Patos', 14),
(5255, 'Nazaré de Mocajuba', 14),
(5256, 'Mutucal', 14),
(5257, 'Muta', 14),
(5258, 'Murumuru', 14),
(5259, 'Murucupi', 14),
(5260, 'Muraja', 14),
(5261, 'Mujui dos Campos', 14),
(5262, 'Muana', 14),
(5263, 'Mosqueiro', 14),
(5264, 'Morada Nova', 14),
(5265, 'Monte Dourado', 14),
(5266, 'Monte Alegre do Mau', 14),
(5267, 'Monte Alegre', 14),
(5268, 'Monsaras', 14),
(5269, 'Moju', 14),
(5270, 'Moiraba', 14),
(5271, 'Mocajuba', 14),
(5272, 'Miritituba', 14),
(5273, 'Mirasselvas', 14),
(5274, 'Meruu', 14),
(5275, 'Menino Deus do Anapu', 14),
(5276, 'Melgaco', 14),
(5277, 'Medicilândia', 14),
(5278, 'Matapiquara', 14),
(5279, 'Mata Geral', 14),
(5280, 'Maruda', 14),
(5281, 'Marituba', 14),
(5282, 'Marapanim', 14),
(5283, 'Marajoara', 14),
(5284, 'Maracana', 14),
(5285, 'Maraba', 14),
(5286, 'Manjeiro', 14),
(5287, 'Maiauata', 14),
(5288, 'Magalhães Barata', 14),
(5289, 'Mae do Rio', 14),
(5290, 'Limoeiro do Ajuru', 14),
(5291, 'Ligação do Para', 14),
(5292, 'Lauro Sodre', 14),
(5293, 'Km 26', 14),
(5294, 'Km 19', 14),
(5295, 'Juruti', 14),
(5296, 'Jubim', 14),
(5297, 'Juaba', 14),
(5298, 'Joanes', 14),
(5299, 'Joana Peres', 14),
(5300, 'Joana Coeli', 14),
(5301, 'Japerica', 14),
(5302, 'Jandiai', 14),
(5303, 'Jambuacu', 14),
(5304, 'Jamanxinzinho', 14),
(5305, 'Jaguarari', 14),
(5306, 'Jacunda', 14),
(5307, 'Jacareacanga', 14),
(5308, 'Itupiranga', 14),
(5309, 'Itatupa', 14),
(5310, 'Itapixuna', 14),
(5311, 'Itaituba', 14),
(5312, 'Irituia', 14),
(5313, 'Ipixuna do Para', 14),
(5314, 'Inhangapi', 14),
(5315, 'Inanu', 14),
(5316, 'Igarape-Miri', 14),
(5317, 'Igarape-Acu', 14),
(5318, 'Igarape da Lama', 14),
(5319, 'Icoraci', 14),
(5320, 'Iatai', 14),
(5321, 'Hidreletrica Tucurui', 14),
(5322, 'Gurupizinho', 14),
(5323, 'Gurupa', 14),
(5324, 'Guajara-Miri', 14),
(5325, 'Guajara-Acu', 14),
(5326, 'Gradaus', 14),
(5327, 'Goianesia do Para', 14),
(5328, 'Garrafão do Norte', 14),
(5329, 'Floresta do Araguaia', 14),
(5330, 'Floresta', 14),
(5331, 'Flexal', 14),
(5332, 'Fernandes Belo', 14),
(5333, 'Faro', 14),
(5334, 'Espirito Santo do Taua', 14),
(5335, 'Emborai', 14),
(5336, 'Eldorado dos Carajas', 14),
(5337, 'Dom Eliseu', 14),
(5338, 'Curumu', 14),
(5339, 'Curucambaba', 14),
(5340, 'Curuca', 14),
(5341, 'Curuai', 14),
(5342, 'Curua', 14),
(5343, 'Curralinho', 14),
(5344, 'Curionópolis', 14),
(5345, 'Cumaru do Norte', 14),
(5346, 'Cuiu-Cuiu', 14),
(5347, 'Cripurizinho', 14),
(5348, 'Cripurizão', 14),
(5349, 'Coqueiro', 14),
(5350, 'Condeixa', 14),
(5351, 'Concordia do Para', 14),
(5352, 'Conceição do Araguaia', 14),
(5353, 'Conceição', 14),
(5354, 'Colares', 14),
(5355, 'Chaves', 14),
(5356, 'Castelo dos Sonhos', 14),
(5357, 'Castanhal', 14),
(5358, 'Carrazedo', 14),
(5359, 'Caripi', 14),
(5360, 'Caratateua', 14),
(5361, 'Caraparu', 14),
(5362, 'Carapajo', 14),
(5363, 'Carajas', 14),
(5364, 'Caracara do Arari', 14),
(5365, 'Capitão Poço', 14),
(5366, 'Capanema', 14),
(5367, 'Canaa dos Carajas', 14),
(5368, 'Camiranga', 14),
(5369, 'Cameta', 14),
(5370, 'Cambuquira', 14),
(5371, 'Camara do Marajo', 14),
(5372, 'Caju', 14),
(5373, 'Cairari', 14),
(5374, 'Cafezal', 14),
(5375, 'Cachoeira do Arari', 14),
(5376, 'Cachoeira de Piria', 14),
(5377, 'Bujaru', 14),
(5378, 'Breves', 14),
(5379, 'Breu Branco', 14),
(5380, 'Brejo Grande do Araguaia', 14),
(5381, 'Brejo do Meio', 14),
(5382, 'Brasilia Legal', 14),
(5383, 'Brasil Novo', 14),
(5384, 'Braganca', 14),
(5385, 'Bonito', 14),
(5386, 'Bom Jesus do Tocantins', 14),
(5387, 'Bom Jardim', 14),
(5388, 'Boim', 14),
(5389, 'Boa Vista do Iririteua', 14),
(5390, 'Boa Sorte', 14),
(5391, 'Boa Fe', 14),
(5393, 'Boa Esperança', 14),
(5394, 'Benfica', 14),
(5395, 'Benevides', 14),
(5396, 'Belterra', 14),
(5397, 'Belém', 14),
(5398, 'Bela Vista do Caracol', 14),
(5399, 'Beja', 14),
(5400, 'Baturite', 14),
(5401, 'Barreiras', 14),
(5402, 'Barreira dos Campos', 14),
(5403, 'Barreira Branca', 14),
(5404, 'Barcarena', 14),
(5405, 'Bannach', 14),
(5406, 'Baião', 14),
(5407, 'Bagre', 14),
(5408, 'Aveiro', 14),
(5409, 'Aurora do Para', 14),
(5410, 'Augusto Correa', 14),
(5411, 'Aturiai', 14),
(5412, 'Aruri', 14),
(5413, 'Arumanduba', 14),
(5414, 'Areias', 14),
(5415, 'Arco-Iris', 14),
(5416, 'Araquaim', 14),
(5417, 'Arapixuna', 14),
(5418, 'Apinages', 14),
(5420, 'Apeu', 14),
(5421, 'Antonio Lemos', 14),
(5422, 'Anapu', 14),
(5423, 'Ananindeua', 14),
(5424, 'Anajas', 14),
(5425, 'Americano', 14),
(5426, 'Alvorada', 14),
(5427, 'Alter do Chão', 14),
(5428, 'Altamira', 14),
(5429, 'Alta Para', 14),
(5430, 'Almoco', 14),
(5431, 'Almeirim', 14),
(5432, 'Algodoal', 14),
(5433, 'Alenquer', 14),
(5434, 'Água Fria', 14),
(5435, 'Água Azul do Norte', 14),
(5436, 'Agrópolis Bela Vista', 14),
(5437, 'Afua', 14),
(5438, 'Acara', 14),
(5439, 'Abel Figueiredo', 14),
(5440, 'Abaetetuba', 14),
(5441, 'Vila Santo Antonio', 13),
(5442, 'Vila Rica', 13),
(5443, 'Vila Progresso', 13),
(5444, 'Vila Paulista', 13),
(5445, 'Vila Operaria', 13),
(5446, 'Vila Mutum', 13),
(5447, 'Vila Bueno', 13),
(5448, 'Vila Bela da Santíssima Trindade', 13),
(5449, 'Vila Atlântica', 13),
(5450, 'Vera', 13),
(5451, 'Várzea Grande', 13),
(5452, 'Varginha', 13),
(5453, 'Vale Rico', 13),
(5454, 'Vale dos Sonhos', 13),
(5455, 'União do Sul', 13),
(5456, 'Três Pontes', 13),
(5457, 'Torixoreu', 13),
(5458, 'Toricueyje', 13),
(5459, 'Tesouro', 13),
(5460, 'Terra Roxa', 13),
(5461, 'Terra Nova do Norte', 13),
(5462, 'Tapurah', 13),
(5463, 'Tapirapua', 13),
(5464, 'Tangara da Serra', 13),
(5465, 'Tabapora', 13),
(5466, 'Sumidouro', 13),
(5467, 'Sorriso', 13),
(5468, 'Sonho Azul', 13),
(5469, 'Sinop', 13),
(5470, 'Serra Nova', 13),
(5471, 'Selma', 13),
(5472, 'Sapezal', 13),
(5473, 'São Vicente', 13),
(5474, 'São Pedro da Cipa', 13),
(5475, 'São Lourenco de Fatima', 13),
(5476, 'São José dos Quatro Marcos', 13),
(5477, 'São José do Xingu', 13),
(5478, 'São José do Rio Claro', 13),
(5479, 'São José do Povo', 13),
(5480, 'São José do Planalto', 13),
(5481, 'São José do Apui', 13),
(5482, 'São José', 13),
(5483, 'São Jorge', 13),
(5484, 'São Joaquim', 13),
(5485, 'São Felix do Araguaia', 13),
(5486, 'São Domingos', 13),
(5487, 'São Cristovão', 13),
(5488, 'Santo Antonio do Rio Bonito', 13),
(5489, 'Santo Antonio do Leverger', 13),
(5490, 'Santo Afonso', 13),
(5491, 'Santaninha', 13),
(5492, 'Santa Terezinha', 13),
(5493, 'Santa Rita', 13),
(5494, 'Santa Fe', 13),
(5495, 'Santa Elvira', 13),
(5496, 'Santa Carmem', 13),
(5497, 'Sangradouro', 13),
(5498, 'Salto do Ceu', 13),
(5499, 'Rosario Oeste', 13),
(5500, 'Rondonópolis', 13),
(5501, 'Riolândia', 13),
(5502, 'Rio Manso', 13),
(5503, 'Rio Branco', 13),
(5504, 'Ribeirãozinho', 13),
(5505, 'Ribeirão dos Cocais', 13),
(5506, 'Ribeirão Cascalheira', 13),
(5507, 'Reserva do Cabacal', 13),
(5508, 'Rancharia', 13),
(5509, 'Querencia', 13),
(5510, 'Progresso', 13),
(5511, 'Primavera do Leste', 13),
(5512, 'Primavera', 13),
(5513, 'Praia Rica', 13),
(5514, 'Poxoreo', 13),
(5515, 'Porto Estrela', 13),
(5516, 'Porto Esperidião', 13),
(5517, 'Porto dos Gauchos', 13),
(5518, 'Porto Alegre do Norte', 13),
(5519, 'Pontinópolis', 13),
(5520, 'Pontes E Lacerda', 13),
(5521, 'Ponte de Pedra', 13),
(5522, 'Ponte Branca', 13),
(5523, 'Pontal do Araguaia', 13),
(5524, 'Pombas', 13),
(5525, 'Pocone', 13),
(5526, 'Planalto da Serra', 13),
(5527, 'Placa de Santo Antonio', 13),
(5528, 'Pirizal', 13),
(5529, 'Peixoto de Azevedo', 13),
(5530, 'Pedra Preta', 13),
(5531, 'Passagem da Conceição', 13),
(5532, 'Paranatinga', 13),
(5533, 'Paranaita', 13),
(5534, 'Paraiso do Leste', 13),
(5535, 'Pai Andre', 13),
(5536, 'Padronal', 13),
(5537, 'Novo São Joaquim', 13),
(5538, 'Novo Parana', 13),
(5539, 'Novo Mundo', 13),
(5540, 'Novo Horizonte do Norte', 13),
(5541, 'Novo Eldorado', 13),
(5542, 'Novo Diamantino', 13),
(5543, 'Nova Xavantina', 13),
(5544, 'Nova Ubirata', 13),
(5545, 'Nova Olimpia', 13),
(5546, 'Nova Mutum', 13),
(5547, 'Nova Monte Verde', 13),
(5548, 'Nova Maringa', 13),
(5549, 'Nova Marilândia', 13),
(5550, 'Nova Lacerda', 13),
(5551, 'Nova Guarita', 13),
(5552, 'Nova Galileia', 13),
(5553, 'Nova Catanduva', 13),
(5554, 'Nova Canaa do Norte', 13),
(5555, 'Nova Brasilia', 13),
(5556, 'Nova Brasilândia', 13),
(5557, 'Nova Bandeirantes', 13),
(5558, 'Nova Alvorada', 13),
(5559, 'Nossa Senhora do Livramento', 13),
(5560, 'Nossa Senhora da Guia', 13),
(5561, 'Nortelândia', 13),
(5562, 'Nonoai do Norte', 13),
(5563, 'Nobres', 13),
(5564, 'Mirassol D\'oeste', 13),
(5565, 'Mimoso', 13),
(5566, 'Matupa', 13),
(5567, 'Mata Dentro', 13),
(5568, 'Marzagão', 13),
(5569, 'Marcelândia', 13),
(5570, 'Machado', 13),
(5571, 'Luciara', 13),
(5572, 'Lucialva', 13),
(5573, 'Lucas do Rio Verde', 13),
(5574, 'Lavouras', 13),
(5575, 'Lambari D\'oeste', 13),
(5576, 'Juscimeira', 13),
(5577, 'Juruena', 13),
(5578, 'Juina', 13),
(5579, 'Juara', 13),
(5580, 'Josélândia', 13),
(5581, 'Jauru', 13),
(5582, 'Jatoba', 13),
(5583, 'Jarudore', 13),
(5584, 'Jangada', 13),
(5585, 'Jaciara', 13),
(5586, 'Itiquira', 13),
(5587, 'Itauba', 13),
(5588, 'Itamarati Norte', 13),
(5589, 'Irenópolis', 13),
(5590, 'Indiavai', 13),
(5591, 'Indianapolis', 13),
(5592, 'Horizonte do Oeste', 13),
(5593, 'Guiratinga', 13),
(5594, 'Guarita', 13),
(5595, 'Guaranta do Norte', 13),
(5596, 'Gloria D\'oeste', 13),
(5597, 'General Carneiro', 13),
(5598, 'Gaucha do Norte', 13),
(5599, 'Fontanilhas', 13),
(5600, 'Flor da Serra', 13),
(5601, 'Filadelfia', 13),
(5602, 'Figueirópolis D Oeste', 13),
(5603, 'Feliz Natal', 13),
(5604, 'Fazenda de Cima', 13),
(5605, 'Faval', 13),
(5606, 'Estrela do Leste', 13),
(5607, 'Entre Rios', 13),
(5608, 'Engenho Velho', 13),
(5609, 'Engenho', 13),
(5610, 'Dom Aquino', 13),
(5611, 'Diamantino', 13),
(5612, 'Denise', 13),
(5613, 'Del Rios', 13),
(5614, 'Curvelândia', 13),
(5615, 'Cuiabá', 13),
(5616, 'Cristo Rei', 13),
(5617, 'Cristinópolis', 13),
(5618, 'Coxipo do Ouro', 13),
(5619, 'Coxipo da Ponte', 13),
(5620, 'Coxipo Acu', 13),
(5621, 'Cotriguaçú', 13),
(5622, 'Cotrel', 13),
(5623, 'Coronel Ponce', 13),
(5624, 'Confresa', 13),
(5625, 'Comodoro', 13),
(5626, 'Colorado do Norte', 13),
(5627, 'Colider', 13),
(5628, 'Cocalinho', 13),
(5629, 'Claudia', 13),
(5630, 'Cidade Morena', 13),
(5631, 'Chapada dos Guimaraes', 13),
(5632, 'Catuai', 13),
(5633, 'Castanheira', 13),
(5634, 'Cassununga', 13),
(5635, 'Carlinda', 13),
(5636, 'Caravagio', 13),
(5637, 'Caramujo', 13),
(5638, 'Capão Verde', 13),
(5639, 'Capão Grande', 13),
(5640, 'Cangas', 13),
(5641, 'Canarana', 13),
(5642, 'Canabrava do Norte', 13),
(5643, 'Campos Novos', 13),
(5644, 'Campos de Julio', 13),
(5645, 'Campo Verde', 13),
(5646, 'Campo Novo do Parecis', 13),
(5647, 'Campinapolis', 13),
(5648, 'Caite', 13),
(5649, 'Caceres', 13),
(5651, 'Buriti', 13),
(5652, 'Brasnorte', 13),
(5653, 'Bom Sucesso', 13),
(5654, 'Boa Vista', 13),
(5655, 'Boa União', 13),
(5656, 'Boa Esperança', 13),
(5657, 'Bezerro Branco', 13),
(5658, 'Bel Rios', 13),
(5659, 'Bauxi', 13),
(5660, 'Baus', 13),
(5661, 'Batovi', 13),
(5662, 'Barra do Garcas', 13),
(5663, 'Barra do Bugres', 13),
(5664, 'Barão de Melgaco', 13),
(5665, 'Assari', 13),
(5666, 'Arruda', 13),
(5667, 'Aripuana', 13),
(5668, 'Arenapolis', 13),
(5669, 'Araputanga', 13),
(5670, 'Araguainha', 13),
(5671, 'Araguaiana', 13),
(5672, 'Apiacas', 13),
(5673, 'Analândia do Norte', 13),
(5674, 'Alto Taquari', 13),
(5675, 'Alto Paraiso', 13),
(5676, 'Alto Paraguai', 13),
(5677, 'Alto Juruena', 13),
(5678, 'Alto Garcas', 13),
(5679, 'Alto Coite', 13),
(5680, 'Alto Boa Vista', 13),
(5681, 'Alto Araguaia', 13),
(5682, 'Alta Floresta', 13),
(5683, 'Alcantilado', 13),
(5684, 'Ainhumas', 13),
(5685, 'Águas Claras', 13),
(5686, 'Águapei', 13),
(5687, 'Águaçú', 13),
(5688, 'Água Fria', 13),
(5689, 'Água Boa', 13),
(5690, 'Acorizal', 13),
(5691, 'Vista Alegre', 12),
(5692, 'Vila Vargas', 12),
(5693, 'Vila União', 12),
(5694, 'Vila Rica', 12),
(5695, 'Vila Marques', 12),
(5696, 'Vila Formosa', 12),
(5697, 'Vicentina', 12),
(5698, 'Velhacaria', 12),
(5699, 'Três Lagoas', 12),
(5700, 'Terenos', 12),
(5701, 'Taunay', 12),
(5702, 'Taquarussu', 12),
(5703, 'Taquari', 12),
(5704, 'Tamandare', 12),
(5705, 'Tacuru', 12),
(5706, 'Sonora', 12),
(5707, 'Sidrolândia', 12),
(5708, 'Sete Quedas', 12),
(5709, 'Selviria', 12),
(5710, 'São Romão', 12),
(5712, 'São Pedro', 12),
(5713, 'São José do Sucuriu', 12),
(5714, 'São José', 12),
(5715, 'São João do Apore', 12),
(5716, 'São Gabriel do Oeste', 12),
(5717, 'Santa Terezinha', 12),
(5718, 'Santa Rita do Pardo', 12),
(5719, 'Sanga Puita', 12),
(5720, 'Rochedo', 12),
(5721, 'Rochedinho', 12),
(5722, 'Rio Verde de Mato Grosso', 12),
(5723, 'Rio Negro', 12),
(5724, 'Rio Brilhante', 12),
(5725, 'Ribas do Rio Pardo', 12),
(5726, 'Quebracho', 12),
(5727, 'Quebra Coco', 12),
(5728, 'Prudencio Thomaz', 12),
(5729, 'Presidente Castelo', 12),
(5730, 'Porto Xv de Novembro', 12),
(5731, 'Porto Vilma', 12),
(5732, 'Porto Murtinho', 12),
(5733, 'Porto Esperança', 12),
(5734, 'Pontinha do Cocho', 12),
(5735, 'Ponte Vermelha', 12),
(5736, 'Ponta Pora', 12),
(5737, 'Piraputanga', 12),
(5738, 'Pirapora', 12),
(5739, 'Picadinha', 12),
(5740, 'Pedro Gomes', 12),
(5741, 'Paranhos', 12),
(5742, 'Paranaiba', 12),
(5743, 'Paraiso', 12),
(5744, 'Panambi', 12),
(5745, 'Palmeiras', 12),
(5746, 'Paiaguas', 12),
(5747, 'Oriente', 12),
(5748, 'Novo Horizonte do Sul', 12),
(5749, 'Nova Jales', 12),
(5751, 'Nova Esperança', 12),
(5752, 'Nova Andradina', 12),
(5753, 'Nova America', 12),
(5754, 'Nova Alvorada do Sul', 12),
(5755, 'Nossa Senhora de Fatima', 12),
(5756, 'Nioaque', 12),
(5757, 'Nhecolândia', 12),
(5758, 'Navirai', 12),
(5759, 'Mundo Novo', 12),
(5760, 'Morumbi', 12),
(5761, 'Morraria do Sul', 12),
(5762, 'Morangas', 12),
(5763, 'Montese', 12),
(5764, 'Miranda', 12),
(5765, 'Maracaju', 12),
(5766, 'Laguna Carapa', 12),
(5767, 'Lagoa Bonita', 12),
(5768, 'Ladario', 12),
(5769, 'Juti', 12),
(5770, 'Juscelândia', 12),
(5771, 'Jauru', 12),
(5772, 'Jatei', 12),
(5773, 'Jardim', 12),
(5774, 'Jaraguari', 12),
(5775, 'Japora', 12),
(5776, 'Jacareí', 12),
(5777, 'Jabuti', 12),
(5778, 'Ivinhema', 12),
(5779, 'Itaquirai', 12),
(5780, 'Itapora', 12),
(5781, 'Itahum', 12),
(5782, 'Ipezal', 12),
(5783, 'Inocencia', 12),
(5784, 'Indapolis', 12),
(5785, 'Indaia Grande', 12),
(5786, 'Indaia do Sul', 12),
(5787, 'Ilha Grande', 12),
(5788, 'Ilha Comprida', 12),
(5789, 'Iguatemi', 12),
(5790, 'Guia Lopes da Laguna', 12),
(5791, 'Guadalupe do Alto Parana', 12),
(5792, 'Guaculândia', 12),
(5793, 'Guacu', 12),
(5794, 'Gloria de Dourados', 12),
(5795, 'Garcias', 12),
(5796, 'Figueirão', 12),
(5797, 'Fatima do Sul', 12),
(5798, 'Eldorado', 12),
(5799, 'Dourados', 12),
(5800, 'Douradina', 12),
(5801, 'Dois Irmãos do Buriti', 12),
(5802, 'Deodapolis', 12),
(5803, 'Debrasa', 12),
(5804, 'Cupins', 12),
(5805, 'Culturama', 12),
(5806, 'Cruzaltina', 12),
(5807, 'Cristalina', 12),
(5808, 'Coxim', 12),
(5809, 'Costa Rica', 12),
(5810, 'Corumba', 12),
(5811, 'Coronel Sapucaia', 12),
(5812, 'Corguinho', 12),
(5813, 'Congonha', 12),
(5814, 'Coimbra', 12),
(5815, 'Cipolândia', 12),
(5816, 'Chapadão do Sul', 12),
(5817, 'Cassilândia', 12),
(5818, 'Carumbe', 12),
(5819, 'Caracol', 12),
(5820, 'Capão Seco', 12),
(5821, 'Campo Grande', 12),
(5822, 'Campestre', 12),
(5823, 'Camisão', 12),
(5824, 'Camapua', 12),
(5825, 'Cachoeira', 12),
(5826, 'Cabeceira do Apa', 12),
(5827, 'Caarapo', 12),
(5828, 'Brasilândia', 12),
(5829, 'Boqueirão', 12),
(5830, 'Bonito', 12),
(5831, 'Bom Fim', 12),
(5832, 'Bodoquena', 12),
(5834, 'Bocaja', 12),
(5835, 'Bela Vista', 12),
(5836, 'Baus', 12),
(5837, 'Bataipora', 12),
(5838, 'Bataguassu', 12),
(5839, 'Bandeirantes', 12),
(5840, 'Balsamo', 12),
(5841, 'Baianópolis', 12),
(5842, 'Arvore Grande', 12),
(5843, 'Areado', 12),
(5844, 'Arapua', 12),
(5845, 'Aral Moreira', 12),
(5846, 'Aquidauana', 12),
(5847, 'Aparecida do Taboado', 12),
(5848, 'Antonio João', 12),
(5849, 'Anhandui', 12),
(5850, 'Angelica', 12),
(5851, 'Anaurilândia', 12),
(5852, 'Anastacio', 12),
(5853, 'Amolar', 12),
(5854, 'Amandina', 12),
(5855, 'Amambai', 12),
(5856, 'Alto Sucuriu', 12),
(5857, 'Alcinópolis', 12),
(5858, 'Albuquerque', 12),
(5859, 'Água Clara', 12),
(5860, 'Água Boa', 12),
(5861, 'Zito Soares', 11),
(5862, 'Zelândia', 11),
(5863, 'Wenceslau Braz', 11),
(5864, 'Volta Grande', 11),
(5865, 'Vitorinos', 11),
(5867, 'Vista Alegre', 11),
(5868, 'Visconde do Rio Branco', 11),
(5869, 'Virgolândia', 11),
(5870, 'Virginópolis', 11),
(5871, 'Virginia', 11),
(5872, 'Virgem da Lapa', 11),
(5873, 'Vilas Boas', 11),
(5874, 'Vila Pereira', 11),
(5875, 'Vila Nova dos Poções', 11),
(5876, 'Vila Nova de Minas', 11),
(5877, 'Vila Costina', 11),
(5878, 'Vila Bom Jesus', 11),
(5879, 'Vieiras', 11),
(5880, 'Vicosa', 11),
(5881, 'Vespasiano', 11),
(5882, 'Vermelho Velho', 11),
(5883, 'Vermelho Novo', 11),
(5884, 'Vermelho', 11),
(5885, 'Verissimo', 11),
(5886, 'Veredinha', 11),
(5887, 'Veredas', 11),
(5888, 'Vereda do Paraiso', 11),
(5889, 'Verdelândia', 11),
(5890, 'Vera Cruz de Minas', 11),
(5891, 'Vazante', 11),
(5892, 'Vau-Acu', 11),
(5893, 'Varzelândia', 11),
(5894, 'Várzea da Palma', 11),
(5895, 'Varjão de Minas', 11),
(5896, 'Varginha', 11),
(5897, 'Vargem Linda', 11),
(5898, 'Vargem Grande do Rio Pardo', 11),
(5899, 'Vargem Bonita', 11),
(5900, 'Vargem Alegre', 11),
(5901, 'Valo Fundo', 11),
(5902, 'Vale Verde de Minas', 11),
(5903, 'Valão', 11),
(5904, 'Valadares', 11),
(5905, 'Vai-Volta', 11),
(5906, 'Usina Monte Alegre', 11),
(5907, 'Urucuia', 11),
(5908, 'Urucania', 11),
(5909, 'Uruana de Minas', 11),
(5910, 'União de Minas', 11),
(5911, 'Unai', 11),
(5912, 'Umbuzeiro', 11),
(5913, 'Umburatiba', 11),
(5914, 'Uberlândia', 11),
(5915, 'Uberaba', 11),
(5916, 'Ubari', 11),
(5917, 'Ubaporanga', 11),
(5918, 'Ubai', 11),
(5919, 'Uba', 11),
(5920, 'Turvolândia', 11),
(5921, 'Turmalina', 11),
(5922, 'Tuparece', 11),
(5923, 'Tupaciguara', 11),
(5924, 'Tumiritinga', 11),
(5925, 'Tuiutinga', 11),
(5926, 'Trimonte', 11),
(5927, 'Três Pontas', 11),
(5928, 'Três Marias', 11),
(5929, 'Três Ilhas', 11),
(5930, 'Três Corações', 11),
(5931, 'Torreoes', 11),
(5932, 'Torneiros', 11),
(5933, 'Topazio', 11),
(5934, 'Tombos', 11),
(5935, 'Tomas Gonzaga', 11),
(5936, 'Toledo', 11),
(5937, 'Tocos do Moji', 11),
(5938, 'Tocantins', 11),
(5939, 'Tocandira', 11),
(5940, 'Tobati', 11),
(5941, 'Tiros', 11),
(5942, 'Tiradentes', 11),
(5943, 'Timoteo', 11),
(5944, 'Terra Branca', 11),
(5945, 'Teofilo Otoni', 11),
(5946, 'Tejuco', 11),
(5947, 'Teixeiras', 11),
(5948, 'Tebas', 11),
(5949, 'Tarumirim', 11),
(5950, 'Taruacu', 11),
(5951, 'Taquaracu de Minas', 11),
(5952, 'Tapuirama', 11),
(5953, 'Tapirai', 11),
(5954, 'Tapira', 11),
(5955, 'Taparuba', 11),
(5956, 'Taiobeiras', 11),
(5957, 'Tabuleiro', 11),
(5958, 'Tabuão', 11),
(5959, 'Tabauna', 11),
(5960, 'Tabajara', 11),
(5961, 'Sopa', 11),
(5962, 'Soledade de Minas', 11),
(5963, 'Sobralia', 11),
(5964, 'Sobral Pinto', 11),
(5965, 'Simonesia', 11),
(5966, 'Simão Pereira', 11),
(5967, 'Simão Campos', 11),
(5968, 'Silvianópolis', 11),
(5969, 'Silvestre', 11),
(5970, 'Silveirania', 11),
(5971, 'Silveira Carvalho', 11),
(5972, 'Silvano', 11),
(5973, 'Silva Xavier', 11),
(5974, 'Silva Campos', 11),
(5975, 'Setubinha', 11),
(5976, 'Sete Lagoas', 11),
(5977, 'Sete Cachoeiras', 11),
(5978, 'Sertãozinho', 11),
(5979, 'Serro', 11),
(5980, 'Serranos', 11),
(5981, 'Serranópolis de Minas', 11),
(5982, 'Serrania', 11),
(5983, 'Serra Nova', 11),
(5984, 'Serra dos Lemes', 11),
(5985, 'Serra dos Aimores', 11),
(5986, 'Serra do Salitre', 11),
(5987, 'Serra do Camapua', 11),
(5988, 'Serra das Araras', 11),
(5989, 'Serra da Saudade', 11),
(5990, 'Serra da Canastra', 11),
(5991, 'Serra Bonita', 11),
(5992, 'Serra Azul de Minas', 11),
(5993, 'Serra Azul', 11),
(5994, 'Seritinga', 11),
(5995, 'Sericita', 11),
(5996, 'Sereno', 11),
(5997, 'Senhora dos Remedios', 11),
(5998, 'Senhora do Porto', 11),
(5999, 'Senhora do Carmo', 11),
(6000, 'Senhora de Oliveira', 11),
(6001, 'Senhora das Dores', 11),
(6002, 'Senhora da Penha', 11),
(6003, 'Senhora da Gloria', 11),
(6004, 'Senador Mourão', 11),
(6005, 'Senador Modestino Goncalves', 11),
(6006, 'Senador Melo Viana', 11),
(6007, 'Senador José Bento', 11),
(6008, 'Senador Firmino', 11),
(6009, 'Senador Cortes', 11),
(6010, 'Senador Amaral', 11),
(6011, 'Sem Peixe', 11),
(6012, 'Saudade', 11),
(6013, 'Sarzedo', 11),
(6014, 'Sardoa', 11),
(6015, 'Sarandira', 11),
(6016, 'Sapucaia do Norte', 11),
(6017, 'Sapucaia de Guanhaes', 11),
(6018, 'Sapucaia', 11),
(6019, 'Sapucai-Mirim', 11),
(6020, 'Sapucai', 11),
(6021, 'São Vitor', 11),
(6022, 'São Vicente do Rio Doce', 11),
(6023, 'São Vicente do Grama', 11),
(6024, 'São Vicente de Minas', 11),
(6025, 'São Vicente da Estrela', 11),
(6026, 'São Vicente', 11),
(6027, 'São Tome das Letras', 11),
(6028, 'São Tomas de Aquino', 11),
(6029, 'São Tiago', 11),
(6030, 'São Sebastião dos Torres', 11),
(6031, 'São Sebastião dos Robertos', 11),
(6032, 'São Sebastião dos Poções', 11),
(6033, 'São Sebastião do Soberbo', 11),
(6034, 'São Sebastião do Sacramento', 11),
(6035, 'São Sebastião do Rio Verde', 11),
(6036, 'São Sebastião do Rio Preto', 11),
(6037, 'São Sebastião do Pontal', 11),
(6038, 'São Sebastião do Paraiso', 11),
(6039, 'São Sebastião do Oeste', 11),
(6040, 'São Sebastião do Oculo', 11),
(6041, 'São Sebastião do Maranhão', 11),
(6042, 'São Sebastião do Gil', 11),
(6043, 'São Sebastião do Bugre', 11),
(6044, 'São Sebastião do Bonsucesso', 11),
(6045, 'São Sebastião do Barreiro', 11),
(6046, 'São Sebastião do Barreado', 11),
(6047, 'São Sebastião do Baixio', 11),
(6048, 'São Sebastião do Anta', 11),
(6049, 'São Sebastião de Braunas', 11),
(6050, 'São Sebastião da Vitoria', 11),
(6051, 'São Sebastião da Vargem Alegre', 11),
(6052, 'São Sebastião da Vala', 11),
(6053, 'São Sebastião da Bela Vista', 11),
(6054, 'São Sebastião da Barra', 11),
(6055, 'São Roque de Minas', 11),
(6056, 'São Romão', 11),
(6057, 'São Roberto', 11),
(6058, 'São Pedro dos Ferros', 11),
(6059, 'São Pedro do Suacui', 11),
(6060, 'São Pedro do Jequitinhonha', 11),
(6061, 'São Pedro do Gloria', 11),
(6062, 'São Pedro do Avai', 11),
(6063, 'São Pedro de Caldas', 11),
(6064, 'São Pedro das Tabocas', 11),
(6065, 'São Pedro da União', 11),
(6066, 'São Pedro da Garca', 11),
(6067, 'São Miguel do Anta', 11),
(6068, 'São Mateus de Minas', 11),
(6069, 'São Manoel do Guaiacu', 11),
(6070, 'São Lourenco', 11),
(6071, 'São José dos Salgados', 11),
(6072, 'São José dos Lopes', 11),
(6073, 'São José do Paraopeba', 11),
(6074, 'São José do Pantano', 11),
(6075, 'São José do Mato Dentro', 11),
(6076, 'São José do Mantimento', 11),
(6077, 'São José do Jacuri', 11),
(6078, 'São José do Itueto', 11),
(6079, 'São José do Goiabal', 11),
(6080, 'São José do Divino', 11),
(6081, 'São José do Buriti', 11),
(6082, 'São José do Batatal', 11),
(6083, 'São José do Barreiro', 11);
INSERT INTO `cidade` (`id`, `nome`, `estado_id`) VALUES
(6084, 'São José do Alegre', 11),
(6085, 'São José do Acacio', 11),
(6086, 'São José das Tronqueiras', 11),
(6087, 'São José da Varginha', 11),
(6088, 'São José da Safira', 11),
(6089, 'São José da Pedra Menina', 11),
(6090, 'São José da Lapa', 11),
(6091, 'São José da Bela Vista', 11),
(6092, 'São José da Barra', 11),
(6093, 'São Joaquim de Bicas', 11),
(6095, 'São Joaquim', 11),
(6096, 'São João Nepomuceno', 11),
(6097, 'São João Evangelista', 11),
(6098, 'São João do Paraiso', 11),
(6099, 'São João do Pacui', 11),
(6100, 'São João do Oriente', 11),
(6101, 'São João do Manteninha', 11),
(6102, 'São João do Manhuacu', 11),
(6103, 'São João do Jacutinga', 11),
(6104, 'São João do Bonito', 11),
(6105, 'São João Del Rei', 11),
(6106, 'São João das Missoes', 11),
(6107, 'São João da Vereda', 11),
(6108, 'São João da Serra Negra', 11),
(6109, 'São João da Serra', 11),
(6110, 'São João da Sapucaia', 11),
(6111, 'São João da Ponte', 11),
(6112, 'São João da Mata', 11),
(6113, 'São João da Lagoa', 11),
(6114, 'São João da Chapada', 11),
(6115, 'São João Batista do Gloria', 11),
(6116, 'São Jeronimo dos Poções', 11),
(6117, 'São Gotardo', 11),
(6118, 'São Goncalo do Sapucai', 11),
(6119, 'São Goncalo do Rio Preto', 11),
(6120, 'São Goncalo do Rio das Pedras', 11),
(6121, 'São Goncalo do Rio Abaixo', 11),
(6122, 'São Goncalo do Para', 11),
(6123, 'São Goncalo do Monte', 11),
(6124, 'São Goncalo do Abaete', 11),
(6125, 'São Goncalo de Botelhos', 11),
(6126, 'São Geraldo do Baixio', 11),
(6127, 'São Geraldo do Baguari', 11),
(6128, 'São Geraldo de Tumiritinga', 11),
(6129, 'São Geraldo da Piedade', 11),
(6131, 'São Geraldo', 11),
(6132, 'São Francisco do Humaita', 11),
(6133, 'São Francisco do Gloria', 11),
(6134, 'São Francisco de Sales', 11),
(6135, 'São Francisco de Paula', 11),
(6136, 'São Francisco', 11),
(6137, 'São Felix de Minas', 11),
(6138, 'São Domingos do Prata', 11),
(6139, 'São Domingos das Dores', 11),
(6140, 'São Domingos da Bocaina', 11),
(6141, 'São Domingos', 11),
(6142, 'São Candido', 11),
(6143, 'São Braz', 11),
(6144, 'São Bras do Suacui', 11),
(6145, 'São Bento de Caldas', 11),
(6146, 'São Bento Abade', 11),
(6147, 'São Benedito', 11),
(6148, 'São Bartolomeu', 11),
(6149, 'Santos Dumont', 11),
(6150, 'Santo Hipolito', 11),
(6151, 'Santo Hilario', 11),
(6152, 'Santo Antonio dos Campos', 11),
(6153, 'Santo Antonio dos Araujos', 11),
(6154, 'Santo Antonio do Rio Abaixo', 11),
(6155, 'Santo Antonio do Retiro', 11),
(6156, 'Santo Antonio do Pirapetinga', 11),
(6157, 'Santo Antonio do Norte', 11),
(6158, 'Santo Antonio do Mucuri', 11),
(6159, 'Santo Antonio do Monte', 11),
(6160, 'Santo Antonio do Manhuacu', 11),
(6161, 'Santo Antonio do Leite', 11),
(6162, 'Santo Antonio do Jacinto', 11),
(6163, 'Santo Antonio do Itambe', 11),
(6164, 'Santo Antonio do Grama', 11),
(6165, 'Santo Antonio do Gloria', 11),
(6166, 'Santo Antonio do Cruzeiro', 11),
(6167, 'Santo Antonio do Boqueirão', 11),
(6168, 'Santo Antonio do Aventureiro', 11),
(6169, 'Santo Antonio do Amparo', 11),
(6170, 'Santo Antonio da Vargem Alegre', 11),
(6171, 'Santo Antonio da Fortaleza', 11),
(6172, 'Santo Antonio da Boa Vista', 11),
(6173, 'Santana dos Montes', 11),
(6174, 'Santana do Tabuleiro', 11),
(6175, 'Santana do Riacho', 11),
(6176, 'Santana do Paraopeba', 11),
(6177, 'Santana do Paraiso', 11),
(6178, 'Santana do Manhuacu', 11),
(6179, 'Santana do Jacare', 11),
(6180, 'Santana do Garambeu', 11),
(6181, 'Santana do Deserto', 11),
(6182, 'Santana do Capivari', 11),
(6183, 'Santana do Campestre', 11),
(6184, 'Santana do Aracuai', 11),
(6185, 'Santana do Alfie', 11),
(6186, 'Santana de Pirapama', 11),
(6187, 'Santana de Patos', 11),
(6188, 'Santana de Cataguases', 11),
(6189, 'Santana de Caldas', 11),
(6190, 'Santana da Vargem', 11),
(6191, 'Santa Vitoria', 11),
(6192, 'Santa Terezinha de Minas', 11),
(6193, 'Santa Teresa do Bonito', 11),
(6194, 'Santa Rosa dos Dourados', 11),
(6195, 'Santa Rosa de Lima', 11),
(6196, 'Santa Rosa da Serra', 11),
(6197, 'Santa Rita Durão', 11),
(6198, 'Santa Rita do Sapucai', 11),
(6199, 'Santa Rita do Rio do Peixe', 11),
(6200, 'Santa Rita do Itueto', 11),
(6201, 'Santa Rita do Ibitipoca', 11),
(6202, 'Santa Rita do Cedro', 11),
(6203, 'Santa Rita de Ouro Preto', 11),
(6204, 'Santa Rita de Minas', 11),
(6205, 'Santa Rita de Jacutinga', 11),
(6206, 'Santa Rita de Caldas', 11),
(6207, 'Santa Rita da Estrela', 11),
(6208, 'Santa Maria do Suacui', 11),
(6209, 'Santa Maria do Salto', 11),
(6210, 'Santa Maria de Itabira', 11),
(6211, 'Santa Margarida', 11),
(6212, 'Santa Luzia da Serra', 11),
(6213, 'Santa Luzia', 11),
(6214, 'Santa Juliana', 11),
(6215, 'Santa Isabel', 11),
(6216, 'Santa Helena de Minas', 11),
(6217, 'Santa Filomena', 11),
(6218, 'Santa Fé de Minas', 11),
(6219, 'Santa Efigenia de Minas', 11),
(6220, 'Santa Efigenia', 11),
(6221, 'Santa da Pedra', 11),
(6222, 'Santa Cruz do Prata', 11),
(6223, 'Santa Cruz do Escalvado', 11),
(6224, 'Santa Cruz de Salinas', 11),
(6225, 'Santa Cruz de Minas', 11),
(6226, 'Santa Cruz de Botumirim', 11),
(6227, 'Santa Cruz da Aparecida', 11),
(6228, 'Santa Barbara do Tugurio', 11),
(6229, 'Santa Barbara do Monte Verde', 11),
(6230, 'Santa Barbara do Leste', 11),
(6231, 'Santa Barbara', 11),
(6232, 'Sanatorio Santa Fe', 11),
(6233, 'Salto da Divisa', 11),
(6234, 'Salitre de Minas', 11),
(6235, 'Salinas', 11),
(6236, 'Sacramento', 11),
(6237, 'Sabinópolis', 11),
(6238, 'Sabara', 11),
(6239, 'Rubim', 11),
(6240, 'Rubelita', 11),
(6241, 'Roseiral', 11),
(6242, 'Rosario do Pontal', 11),
(6243, 'Rosario de Minas', 11),
(6244, 'Rosario da Limeira', 11),
(6245, 'Romaria', 11),
(6246, 'Rodrigo Silva', 11),
(6247, 'Rodeiro', 11),
(6248, 'Rodeador', 11),
(6249, 'Rochedo de Minas', 11),
(6250, 'Rocas Novas', 11),
(6251, 'Roca Grande', 11),
(6252, 'Ritapolis', 11),
(6253, 'Rio Vermelho', 11),
(6254, 'Rio Preto', 11),
(6255, 'Rio Pretinho', 11),
(6256, 'Rio Pomba', 11),
(6257, 'Rio Piracicaba', 11),
(6258, 'Rio Pardo de Minas', 11),
(6259, 'Rio Paranaiba', 11),
(6260, 'Rio Novo', 11),
(6261, 'Rio Melo', 11),
(6262, 'Rio Manso', 11),
(6263, 'Rio Espera', 11),
(6264, 'Rio Doce', 11),
(6265, 'Rio do Prado', 11),
(6266, 'Rio das Mortes', 11),
(6267, 'Rio Casca', 11),
(6268, 'Rio Acima', 11),
(6269, 'Ribeiros', 11),
(6270, 'Ribeiro Junqueira', 11),
(6271, 'Ribeirão Vermelho', 11),
(6272, 'Ribeirão de São Domingos', 11),
(6273, 'Ribeirão das Neves', 11),
(6274, 'Riacho dos Machados', 11),
(6275, 'Riacho da Cruz', 11),
(6276, 'Riachinho', 11),
(6277, 'Ressaquinha', 11),
(6278, 'Resplendor', 11),
(6279, 'Resende Costa', 11),
(6280, 'Reduto', 11),
(6281, 'Recreio', 11),
(6282, 'Realeza', 11),
(6283, 'Ravena', 11),
(6284, 'Raul Soares', 11),
(6285, 'Raposos', 11),
(6286, 'Quintinos', 11),
(6287, 'Quilombo', 11),
(6288, 'Quem-Quem', 11),
(6289, 'Queluzita', 11),
(6290, 'Queixada', 11),
(6291, 'Quatituba', 11),
(6292, 'Quartel Geral', 11),
(6293, 'Quartel do Sacramento', 11),
(6294, 'Quartel de São João', 11),
(6295, 'Prudente de Morais', 11),
(6296, 'Providencia', 11),
(6297, 'Professor Sperber', 11),
(6298, 'Presidente Pena', 11),
(6299, 'Presidente Olegario', 11),
(6300, 'Presidente Kubitschek', 11),
(6301, 'Presidente Juscelino', 11),
(6302, 'Presidente Bernardes', 11),
(6303, 'Pratinha', 11),
(6304, 'Pratapolis', 11),
(6305, 'Prata', 11),
(6306, 'Prados', 11),
(6307, 'Pouso Alto', 11),
(6308, 'Pouso Alegre', 11),
(6309, 'Pote', 11),
(6310, 'Porto Firme', 11),
(6311, 'Porto dos Mendes', 11),
(6312, 'Porto das Flores', 11),
(6313, 'Porto Agrario', 11),
(6314, 'Porteirinha', 11),
(6315, 'Ponto dos Volantes', 11),
(6316, 'Ponto do Marambaia', 11),
(6317, 'Ponto Chique do Martelo', 11),
(6318, 'Ponto Chique', 11),
(6319, 'Pontevila', 11),
(6320, 'Ponte Segura', 11),
(6321, 'Ponte Nova', 11),
(6322, 'Ponte Firme', 11),
(6323, 'Ponte dos Ciganos', 11),
(6324, 'Ponte Alta de Minas', 11),
(6325, 'Ponte Alta', 11),
(6326, 'Pontalete', 11),
(6327, 'Poncianos', 11),
(6328, 'Pompeu', 11),
(6329, 'Pocrane', 11),
(6330, 'Poços de Caldas', 11),
(6331, 'Poções de Paineiras', 11),
(6332, 'Poço Fundo', 11),
(6333, 'Poaia', 11),
(6334, 'Plautino Soares', 11),
(6335, 'Planura', 11),
(6336, 'Planalto de Minas', 11),
(6337, 'Piumhi', 11),
(6338, 'Pitarana', 11),
(6339, 'Pitangui', 11),
(6340, 'Piscamba', 11),
(6341, 'Pires E Albuquerque', 11),
(6342, 'Pirauba', 11),
(6343, 'Pirapora', 11),
(6344, 'Pirapetinga', 11),
(6345, 'Pirapanema', 11),
(6346, 'Piranguita', 11),
(6347, 'Piranguinho', 11),
(6348, 'Pirangucu', 11),
(6349, 'Piranga', 11),
(6350, 'Pirajuba', 11),
(6351, 'Piracema', 11),
(6352, 'Piracaiba', 11),
(6353, 'Pintos Negreiros', 11),
(6354, 'Pintópolis', 11),
(6355, 'Pinhotiba', 11),
(6356, 'Pinheiros Altos', 11),
(6357, 'Pinheirinhos', 11),
(6358, 'Pingo-D\'agua', 11),
(6359, 'Pindaibas', 11),
(6360, 'Pimenta', 11),
(6361, 'Pilar', 11),
(6362, 'Piedade dos Gerais', 11),
(6363, 'Piedade do Rio Grande', 11),
(6364, 'Piedade do Paraopeba', 11),
(6365, 'Piedade de Ponte Nova', 11),
(6366, 'Piedade de Caratinga', 11),
(6367, 'Pic Sagarana', 11),
(6368, 'Piau', 11),
(6369, 'Pião', 11),
(6370, 'Piacatuba', 11),
(6371, 'Petunia', 11),
(6372, 'Pescador', 11),
(6373, 'Perpetuo Socorro', 11),
(6374, 'Periquito', 11),
(6375, 'Pereirinhas', 11),
(6376, 'Perdoes', 11),
(6377, 'Perdizes', 11),
(6378, 'Perdilândia', 11),
(6379, 'Perdigão', 11),
(6380, 'Pequi', 11),
(6381, 'Pequeri', 11),
(6382, 'Penha Longa', 11),
(6383, 'Penha do Norte', 11),
(6384, 'Penha do Cassiano', 11),
(6385, 'Penha do Capim', 11),
(6386, 'Penha de Franca', 11),
(6387, 'Penedia', 11),
(6388, 'Pedro Versiani', 11),
(6389, 'Pedro Teixeira', 11),
(6390, 'Pedro Lessa', 11),
(6391, 'Pedro Leopoldo', 11),
(6392, 'Pedrinópolis', 11),
(6393, 'Pedras de Maria da Cruz', 11),
(6394, 'Pedralva', 11),
(6395, 'Pedra Menina', 11),
(6396, 'Pedra Grande', 11),
(6397, 'Pedra Dourada', 11),
(6398, 'Pedra do Sino', 11),
(6399, 'Pedra do Indaia', 11),
(6400, 'Pedra do Anta', 11),
(6401, 'Pedra Corrida', 11),
(6402, 'Pedra Bonita', 11),
(6403, 'Pedra Azul', 11),
(6404, 'Pecanha', 11),
(6405, 'Pé do Morro', 11),
(6406, 'Pavão', 11),
(6407, 'Paulistas', 11),
(6408, 'Paula Lima', 11),
(6409, 'Paula Candido', 11),
(6410, 'Patrocinio do Muriae', 11),
(6411, 'Patrocinio', 11),
(6412, 'Patrimonio', 11),
(6413, 'Patos de Minas', 11),
(6414, 'Patis', 11),
(6415, 'Passos', 11),
(6416, 'Passagem de Mariana', 11),
(6417, 'Passabem', 11),
(6418, 'Passa Vinte', 11),
(6419, 'Passa Tempo', 11),
(6420, 'Passa Quatro', 11),
(6421, 'Passa Dez', 11),
(6422, 'Parque Industrial', 11),
(6423, 'Parque Durval de Barros', 11),
(6424, 'Paredão de Minas', 11),
(6425, 'Paraopeba', 11),
(6426, 'Paraisópolis', 11),
(6427, 'Paraiso Garcia', 11),
(6428, 'Paraguai', 11),
(6429, 'Paraguaçú', 11),
(6430, 'Paracatu', 11),
(6431, 'Para de Minas', 11),
(6432, 'Papagaios', 11),
(6433, 'Pantano', 11),
(6434, 'Palmópolis', 11),
(6435, 'Palmital dos Carvalhos', 11),
(6436, 'Palmeirinha', 11),
(6437, 'Palmeiral', 11),
(6438, 'Palma', 11),
(6439, 'Paiva', 11),
(6440, 'Paiolinho', 11),
(6441, 'Pains', 11),
(6442, 'Paineiras', 11),
(6443, 'Pai Pedro', 11),
(6444, 'Padre Viegas', 11),
(6445, 'Padre Pinto', 11),
(6446, 'Padre Paraiso', 11),
(6447, 'Padre Julio Maria', 11),
(6448, 'Padre João Afonso', 11),
(6449, 'Padre Fialho', 11),
(6450, 'Padre Felisberto', 11),
(6451, 'Padre Carvalho', 11),
(6452, 'Padre Brito', 11),
(6453, 'Paciencia', 11),
(6454, 'Ouro Verde de Minas', 11),
(6455, 'Ouro Preto', 11),
(6456, 'Ouro Fino', 11),
(6457, 'Ouro Branco', 11),
(6458, 'Orizania', 11),
(6459, 'Oratorios', 11),
(6460, 'Onca de Pitangui', 11),
(6461, 'Oliveira Fortes', 11),
(6462, 'Oliveira', 11),
(6463, 'Olimpio Noronha', 11),
(6464, 'Olimpio Campos', 11),
(6465, 'Olhos-D\'agua', 11),
(6466, 'Olhos D\'agua do Oeste', 11),
(6467, 'Olegario Maciel', 11),
(6468, 'Olaria', 11),
(6469, 'Ocidente', 11),
(6470, 'Novorizonte', 11),
(6471, 'Novo Oriente de Minas', 11),
(6472, 'Novo Horizonte', 11),
(6473, 'Novo Cruzeiro', 11),
(6474, 'Novilhona', 11),
(6475, 'Nova União', 11),
(6476, 'Nova Serrana', 11),
(6477, 'Nova Resende', 11),
(6478, 'Nova Porteirinha', 11),
(6479, 'Nova Ponte', 11),
(6480, 'Nova Modica', 11),
(6481, 'Nova Minda', 11),
(6482, 'Nova Lima', 11),
(6483, 'Nova Esperança', 11),
(6484, 'Nova Era', 11),
(6485, 'Nova Belem', 11),
(6486, 'Ninheira', 11),
(6487, 'Nicolândia', 11),
(6488, 'Nhandutiba', 11),
(6489, 'Nepomuceno', 11),
(6490, 'Neolândia', 11),
(6491, 'Nelson de Sena', 11),
(6492, 'Nazaréno', 11),
(6493, 'Nazaré de Minas', 11),
(6494, 'Natercia', 11),
(6495, 'Natalândia', 11),
(6496, 'Naque-Nanuque', 11),
(6497, 'Naque', 11),
(6498, 'Nanuque', 11),
(6499, 'Nacip Raydan', 11),
(6500, 'Muzambinho', 11),
(6501, 'Mutum', 11),
(6502, 'Muriae', 11),
(6503, 'Muquem', 11),
(6504, 'Munhoz', 11),
(6505, 'Mundo Novo de Minas', 11),
(6506, 'Mucuri', 11),
(6507, 'Morro Vermelho', 11),
(6508, 'Morro do Pilar', 11),
(6509, 'Morro do Ferro', 11),
(6510, 'Morro da Garca', 11),
(6511, 'Morro', 11),
(6512, 'Morada Nova de Minas', 11),
(6513, 'Montezuma', 11),
(6514, 'Montes Claros', 11),
(6515, 'Monte Verde', 11),
(6516, 'Monte Sião', 11),
(6517, 'Monte Santo de Minas', 11),
(6518, 'Monte Rei', 11),
(6519, 'Monte Formoso', 11),
(6520, 'Monte Celeste', 11),
(6521, 'Monte Carmelo', 11),
(6522, 'Monte Belo', 11),
(6523, 'Monte Azul', 11),
(6524, 'Monte Alegre de Minas', 11),
(6525, 'Montalvania', 11),
(6526, 'Monsenhor Paulo', 11),
(6527, 'Monsenhor João Alexandre', 11),
(6528, 'Monsenhor Isidro', 11),
(6529, 'Monsenhor Horta', 11),
(6530, 'Monjolos', 11),
(6531, 'Monjolinho de Minas', 11),
(6532, 'Moema', 11),
(6533, 'Moeda', 11),
(6534, 'Mocambinho', 11),
(6535, 'Mocambeiro', 11),
(6536, 'Missionario', 11),
(6537, 'Miravania', 11),
(6538, 'Miraporanga', 11),
(6539, 'Mirantão', 11),
(6540, 'Miralta', 11),
(6541, 'Mirai', 11),
(6542, 'Miragaia', 11),
(6543, 'Miradouro', 11),
(6544, 'Mirabela', 11),
(6545, 'Minduri', 11),
(6546, 'Minas Novas', 11),
(6547, 'Milho Verde', 11),
(6548, 'Milagre', 11),
(6549, 'Miguel Burnier', 11),
(6550, 'Mestre Caetano', 11),
(6551, 'Mesquita', 11),
(6552, 'Merces de Água Limpa', 11),
(6553, 'Merces', 11),
(6554, 'Mendonca', 11),
(6555, 'Mendes Pimentel', 11),
(6556, 'Mendanha', 11),
(6557, 'Melo Viana', 11),
(6558, 'Medina', 11),
(6559, 'Medeiros', 11),
(6560, 'Matutina', 11),
(6561, 'Matozinhos', 11),
(6562, 'Mato Verde', 11),
(6563, 'Matipo', 11),
(6564, 'Matias Cardoso', 11),
(6565, 'Matias Barbosa', 11),
(6566, 'Mathias Lobato', 11),
(6567, 'Mateus Leme', 11),
(6568, 'Materlândia', 11),
(6569, 'Mata Verde', 11),
(6570, 'Martins Soares', 11),
(6571, 'Martins Guimaraes', 11),
(6572, 'Martinho Campos', 11),
(6573, 'Martinesia', 11),
(6574, 'Marmelópolis', 11),
(6575, 'Marlieria', 11),
(6576, 'Maripa de Minas', 11),
(6577, 'Mario Campos', 11),
(6578, 'Marilândia', 11),
(6579, 'Marilac', 11),
(6580, 'Mariana', 11),
(6581, 'Maria da Fe', 11),
(6582, 'Maravilhas', 11),
(6583, 'Marambainha', 11),
(6584, 'Mar de Espanha', 11),
(6585, 'Mantiqueira do Palmital', 11),
(6586, 'Mantiqueira', 11),
(6587, 'Mantena', 11),
(6588, 'Manhumirim', 11),
(6589, 'Manhuacu', 11),
(6590, 'Manga', 11),
(6591, 'Mamonas', 11),
(6592, 'Malacacheta', 11),
(6593, 'Major Porto', 11),
(6594, 'Major Ezequiel', 11),
(6595, 'Mae dos Homens', 11),
(6596, 'Madre de Deus de Minas', 11),
(6597, 'Macuco de Minas', 11),
(6598, 'Macuco', 11),
(6599, 'Machado', 11),
(6600, 'Machacalis', 11),
(6601, 'Macaia', 11),
(6602, 'Luz', 11),
(6603, 'Luminosa', 11),
(6604, 'Luminarias', 11),
(6605, 'Luizlândia do Oeste', 11),
(6606, 'Luiz Pires de Minas', 11),
(6607, 'Luislândia', 11),
(6608, 'Luisburgo', 11),
(6609, 'Lufa', 11),
(6610, 'Lourenco Velho', 11),
(6611, 'Lontra', 11),
(6612, 'Lobo Leite', 11),
(6613, 'Limeira de Mantena', 11),
(6614, 'Limeira D\'oeste', 11),
(6615, 'Lima Duarte', 11),
(6616, 'Liberdade', 11),
(6617, 'Levinópolis', 11),
(6618, 'Leopoldina', 11),
(6619, 'Leme do Prado', 11),
(6620, 'Leandro Ferreira', 11),
(6621, 'Lavras', 11),
(6622, 'Lassance', 11),
(6623, 'Laranjeiras de Caldas', 11),
(6624, 'Laranjal', 11),
(6625, 'Lapinha', 11),
(6626, 'Lamounier', 11),
(6627, 'Lamim', 11),
(6628, 'Lambari', 11),
(6629, 'Lajinha', 11),
(6630, 'Lagoa Santa', 11),
(6631, 'Lagoa Grande', 11),
(6632, 'Lagoa Formosa', 11),
(6633, 'Lagoa Dourada', 11),
(6634, 'Lagoa dos Patos', 11),
(6635, 'Lagoa da Prata', 11),
(6636, 'Lagoa Bonita', 11),
(6637, 'Lagamar', 11),
(6638, 'Ladainha', 11),
(6639, 'Lacerdinha', 11),
(6640, 'Juvenilia', 11),
(6641, 'Justinópolis', 11),
(6642, 'Jurumirim', 11),
(6643, 'Juruaia', 11),
(6644, 'Jureia', 11),
(6645, 'Juramento', 11),
(6646, 'Junco de Minas', 11),
(6647, 'Juiz de Fora', 11),
(6648, 'Juiracu', 11),
(6649, 'Jubai', 11),
(6650, 'Juatuba', 11),
(6651, 'Josénópolis', 11),
(6652, 'Josélândia', 11),
(6653, 'José Raydan', 11),
(6654, 'José Goncalves de Minas', 11),
(6655, 'Jordania', 11),
(6656, 'Joaquim Felicio', 11),
(6657, 'João Pinheiro', 11),
(6658, 'João Monlevade', 11),
(6659, 'Joanesia', 11),
(6660, 'Joaima', 11),
(6661, 'Jesuania', 11),
(6662, 'Jequitinhonha', 11),
(6663, 'Jequitiba', 11),
(6664, 'Jequitai', 11),
(6665, 'Jequeri', 11),
(6666, 'Jenipapo de Minas', 11),
(6667, 'Jeceaba', 11),
(6668, 'Jardinesia', 11),
(6669, 'Japonvar', 11),
(6670, 'Japaraiba', 11),
(6671, 'Januaria', 11),
(6672, 'Janauba', 11),
(6673, 'Jampruca', 11),
(6674, 'Jaiba', 11),
(6675, 'Jaguaritira', 11),
(6676, 'Jaguarão', 11),
(6677, 'Jaguaracu', 11),
(6678, 'Jacutinga', 11),
(6679, 'Jacui', 11),
(6680, 'Jacinto', 11),
(6681, 'Jacare', 11),
(6682, 'Jacarandira', 11),
(6683, 'Jaboticatubas', 11),
(6684, 'Itutinga', 11),
(6685, 'Iturama', 11),
(6686, 'Itumirim', 11),
(6687, 'Ituiutaba', 11),
(6688, 'Itui', 11),
(6689, 'Itueta', 11),
(6690, 'Itira', 11),
(6691, 'Itinga', 11),
(6692, 'Iterere', 11),
(6693, 'Itaverava', 11),
(6694, 'Itauninha', 11),
(6695, 'Itauna', 11),
(6696, 'Itau de Minas', 11),
(6697, 'Itatiaiucu', 11),
(6698, 'Itapirucu', 11),
(6699, 'Itapiru', 11),
(6700, 'Itapeva', 11),
(6701, 'Itapecerica', 11),
(6702, 'Itapanhoacanga', 11),
(6703, 'Itapagipe', 11),
(6704, 'Itaobim', 11),
(6705, 'Itanhomi', 11),
(6706, 'Itanhandu', 11),
(6707, 'Itamuri', 11),
(6708, 'Itamonte', 11),
(6709, 'Itamogi', 11),
(6710, 'Itamirim', 11),
(6711, 'Itambe do Mato Dentro', 11),
(6712, 'Itambacuri', 11),
(6713, 'Itamarati de Minas', 11),
(6714, 'Itamarati', 11),
(6715, 'Itamarandiba', 11),
(6716, 'Itajutiba', 11),
(6717, 'Itajuba', 11),
(6718, 'Itaipe', 11),
(6719, 'Itaim', 11),
(6720, 'Itaguara', 11),
(6721, 'Itacolomi', 11),
(6722, 'Itaci', 11),
(6723, 'Itacarambi', 11),
(6724, 'Itacambira', 11),
(6725, 'Itaboca', 11),
(6726, 'Itabirito', 11),
(6727, 'Itabirinha de Mantena', 11),
(6728, 'Itabira', 11),
(6729, 'Irai de Minas', 11),
(6730, 'Ipuiuna', 11),
(6731, 'Ipoema', 11),
(6732, 'Ipiacu', 11),
(6733, 'Ipatinga', 11),
(6734, 'Ipanema', 11),
(6735, 'Ipaba', 11),
(6736, 'Inimutaba', 11),
(6737, 'Inhauma', 11),
(6738, 'Inhapim', 11),
(6739, 'Inhai', 11),
(6740, 'Ingai', 11),
(6741, 'Indianópolis', 11),
(6742, 'Independencia', 11),
(6743, 'Indaiabira', 11),
(6744, 'Inconfidentes', 11),
(6745, 'Imbe de Minas', 11),
(6746, 'Ilicinea', 11),
(6747, 'Ilheus do Prata', 11),
(6748, 'Ijaci', 11),
(6749, 'Iguatama', 11),
(6750, 'Igaratinga', 11),
(6751, 'Igarape', 11),
(6752, 'Icarai de Minas', 11),
(6753, 'Ibituruna', 11),
(6754, 'Ibitiura de Minas', 11),
(6755, 'Ibitira', 11),
(6756, 'Ibirite', 11),
(6757, 'Ibiraci', 11),
(6758, 'Ibiracatu', 11),
(6759, 'Ibiai', 11),
(6760, 'Ibia', 11),
(6761, 'Ibertioga', 11),
(6762, 'Iapu', 11),
(6763, 'Honorópolis', 11),
(6764, 'Hermilo Alves', 11),
(6765, 'Hematita', 11),
(6766, 'Heliodora', 11),
(6767, 'Gurinhata', 11),
(6768, 'Guiricema', 11),
(6769, 'Guinda', 11),
(6770, 'Guimarania', 11),
(6771, 'Guidoval', 11),
(6772, 'Guaxupe', 11),
(6773, 'Guaxima', 11),
(6774, 'Guardinha', 11),
(6775, 'Guarda-Mor', 11),
(6776, 'Guarda dos Ferreiros', 11),
(6777, 'Guarataia', 11),
(6778, 'Guarara', 11),
(6779, 'Guaranilândia', 11),
(6780, 'Guarani', 11),
(6781, 'Guaranesia', 11),
(6782, 'Guaraciama', 11),
(6783, 'Guaraciaba', 11),
(6784, 'Guape', 11),
(6785, 'Guanhaes', 11),
(6786, 'Guaipava', 11),
(6787, 'Guacui', 11),
(6788, 'Grupiara', 11),
(6789, 'Grota', 11),
(6790, 'Grão Mogol', 11),
(6791, 'Granada', 11),
(6792, 'Graminea', 11),
(6793, 'Governador Valadares', 11),
(6794, 'Gouvea', 11),
(6795, 'Gorutuba', 11),
(6796, 'Gororos', 11),
(6797, 'Gonzaga', 11),
(6798, 'Goncalves', 11),
(6799, 'Goianases', 11),
(6800, 'Goiana', 11),
(6801, 'Goiabeira', 11),
(6802, 'Glucinio', 11),
(6803, 'Glaura', 11),
(6804, 'Glaucilândia', 11),
(6805, 'Gavião', 11),
(6806, 'Garapuava', 11),
(6807, 'Gameleiras', 11),
(6808, 'Gama', 11),
(6809, 'Galileia', 11),
(6810, 'Galena', 11),
(6811, 'Galego', 11),
(6812, 'Furquim', 11),
(6813, 'Furnas', 11),
(6814, 'Funilândia', 11),
(6815, 'Funchal', 11),
(6816, 'Frutal', 11),
(6817, 'Fruta de Leite', 11),
(6818, 'Fronteira dos Vales', 11),
(6819, 'Fronteira', 11),
(6820, 'Freire Cardoso', 11),
(6821, 'Frei Serafim', 11),
(6822, 'Frei Orlando', 11),
(6823, 'Frei Lagonegro', 11),
(6824, 'Frei Inocencio', 11),
(6825, 'Frei Gaspar', 11),
(6826, 'Frei Eustaquio', 11),
(6827, 'Franciscópolis', 11),
(6828, 'Francisco Sa', 11),
(6829, 'Francisco Dumont', 11),
(6830, 'Francisco Badaro', 11),
(6831, 'Fortuna de Minas', 11),
(6832, 'Fortaleza de Minas', 11),
(6833, 'Formoso', 11),
(6834, 'Formiga', 11),
(6835, 'Fonseca', 11),
(6836, 'Florestina', 11),
(6837, 'Florestal', 11),
(6838, 'Floresta', 11),
(6839, 'Floralia', 11),
(6840, 'Flor de Minas', 11),
(6841, 'Fidelândia', 11),
(6842, 'Fidalgo', 11),
(6843, 'Fervedouro', 11),
(6844, 'Ferruginha', 11),
(6845, 'Ferros', 11),
(6846, 'Ferreirópolis', 11),
(6847, 'Ferreiras', 11),
(6848, 'Fernão Dias', 11),
(6849, 'Fernandes Tourinho', 11),
(6850, 'Felixlândia', 11),
(6851, 'Felisburgo', 11),
(6852, 'Felicio dos Santos', 11),
(6853, 'Felicina', 11),
(6854, 'Fechados', 11),
(6855, 'Farias', 11),
(6856, 'Faria Lemos', 11),
(6857, 'Fama', 11),
(6858, 'Extrema', 11),
(6859, 'Extração', 11),
(6860, 'Expedicionario Alicio', 11),
(6861, 'Ewbank da Camara', 11),
(6862, 'Euxenita', 11),
(6863, 'Eugenópolis', 11),
(6864, 'Estrela do Sul', 11),
(6865, 'Estrela do Indaia', 11),
(6866, 'Estrela de Jordania', 11),
(6867, 'Estrela Dalva', 11),
(6868, 'Estrela da Barra', 11),
(6869, 'Estiva', 11),
(6870, 'Estevão de Araujo', 11),
(6871, 'Esteios', 11),
(6872, 'Espirito Santo do Dourado', 11),
(6873, 'Espinosa', 11),
(6874, 'Espera Feliz', 11),
(6875, 'Esmeraldas de Ferros', 11),
(6876, 'Esmeraldas', 11),
(6877, 'Ervalia', 11),
(6878, 'Ermidinha', 11),
(6879, 'Epaminondas Otoni', 11),
(6880, 'Entre Rios de Minas', 11),
(6881, 'Entre Folhas', 11),
(6882, 'Engenho Novo', 11),
(6883, 'Engenho do Ribeiro', 11),
(6884, 'Engenheiro Schnoor', 11),
(6885, 'Engenheiro Navarro', 11),
(6886, 'Engenheiro Correia', 11),
(6887, 'Engenheiro Caldas', 11),
(6888, 'Emboabas', 11),
(6889, 'Eloi Mendes', 11),
(6890, 'Edgard Melo', 11),
(6891, 'Durande', 11),
(6892, 'Doutor Lund', 11),
(6893, 'Doutor Campolina', 11),
(6894, 'Douradoquara', 11),
(6895, 'Douradinho', 11),
(6896, 'Doresópolis', 11),
(6897, 'Dores do Turvo', 11),
(6898, 'Dores do Paraibuna', 11),
(6899, 'Dores do Indaia', 11),
(6900, 'Dores de Guanhaes', 11),
(6901, 'Dores de Campos', 11),
(6902, 'Dores da Vitoria', 11),
(6903, 'Dona Euzebia', 11),
(6904, 'Dom Vicoso', 11),
(6905, 'Dom Silverio', 11),
(6906, 'Dom Modesto', 11),
(6907, 'Dom Lara', 11),
(6908, 'Dom Joaquim', 11),
(6909, 'Dom Cavati', 11),
(6910, 'Dom Bosco', 11),
(6911, 'Dois de Abril', 11),
(6912, 'Divisópolis', 11),
(6913, 'Divisa Nova', 11),
(6914, 'Divisa Alegre', 11),
(6915, 'Divinópolis', 11),
(6916, 'Divinolândia de Minas', 11),
(6917, 'Divino Espirito Santo', 11),
(6918, 'Divino de Virgolândia', 11),
(6919, 'Divino das Laranjeiras', 11),
(6920, 'Divino', 11),
(6921, 'Divinesia', 11),
(6922, 'Dionisio', 11),
(6923, 'Diogo de Vasconcelos', 11),
(6924, 'Dias Tavares/Siderurgica', 11),
(6925, 'Dias', 11),
(6926, 'Diamantina', 11),
(6927, 'Diamante de Uba', 11),
(6928, 'Desterro do Melo', 11),
(6929, 'Desterro de Entre Rios', 11),
(6930, 'Desemboque', 11),
(6931, 'Desembargador Otoni', 11),
(6932, 'Descoberto', 11),
(6933, 'Derribadinha', 11),
(6934, 'Deputado Augusto Clementino', 11),
(6935, 'Delta', 11),
(6936, 'Delfinópolis', 11),
(6937, 'Delfim Moreira', 11),
(6938, 'Datas', 11),
(6939, 'Curvelo', 11),
(6940, 'Curral de Dentro', 11),
(6941, 'Curimatai', 11),
(6942, 'Cuparaque', 11),
(6943, 'Cuite Velho', 11),
(6944, 'Cubas', 11),
(6945, 'Cruzilia', 11),
(6946, 'Cruzeiro dos Peixotos', 11),
(6947, 'Cruzeiro da Fortaleza', 11),
(6948, 'Crucilândia', 11),
(6949, 'Cristina', 11),
(6950, 'Cristiano Otoni', 11),
(6951, 'Cristalia', 11),
(6952, 'Cristais', 11),
(6953, 'Crispim Jaques', 11),
(6954, 'Crisolita', 11),
(6955, 'Crisolia', 11),
(6956, 'Couto de Magalhães de Minas', 11),
(6957, 'Costas da Mantiqueira', 11),
(6958, 'Costas', 11),
(6959, 'Costa Sena', 11),
(6960, 'Correntinho', 11),
(6961, 'Correia de Almeida', 11),
(6962, 'Corregos', 11),
(6963, 'Corrego Novo', 11),
(6964, 'Corrego Fundo', 11),
(6965, 'Corrego do Ouro', 11),
(6966, 'Corrego do Bom Jesus', 11),
(6967, 'Corrego do Barro', 11),
(6968, 'Corrego Danta', 11),
(6969, 'Coronel Xavier Chaves', 11),
(6970, 'Coronel Pacheco', 11),
(6971, 'Coronel Murta', 11),
(6972, 'Coronel Fabriciano', 11),
(6973, 'Coromandel', 11),
(6974, 'Coroaci', 11),
(6975, 'Corinto', 11),
(6976, 'Cordislândia', 11),
(6977, 'Cordisburgo', 11),
(6978, 'Coração de Jesus', 11),
(6979, 'Coqueiral', 11),
(6980, 'Contria', 11),
(6981, 'Contrato', 11),
(6982, 'Contagem', 11),
(6983, 'Consolação', 11),
(6984, 'Conselheiro Pena', 11),
(6985, 'Conselheiro Mata', 11),
(6986, 'Conselheiro Lafaiete', 11),
(6987, 'Conquista', 11),
(6988, 'Congonhas do Norte', 11),
(6989, 'Congonhas', 11),
(6990, 'Congonhal', 11),
(6991, 'Confins', 11),
(6992, 'Conego Marinho', 11),
(6993, 'Conego João Pio', 11),
(6994, 'Condado do Norte', 11),
(6995, 'Concordia de Mucuri', 11),
(6996, 'Conceição dos Ouros', 11),
(6997, 'Conceição do Rio Verde', 11),
(6998, 'Conceição do Rio Acima', 11),
(6999, 'Conceição do Para', 11),
(7000, 'Conceição do Mato Dentro', 11),
(7001, 'Conceição do Formoso', 11),
(7002, 'Conceição do Capim', 11),
(7003, 'Conceição de Tronqueiras', 11),
(7004, 'Conceição de Piracicaba', 11),
(7005, 'Conceição de Minas', 11),
(7006, 'Conceição de Itagua', 11),
(7007, 'Conceição de Ipanema', 11),
(7008, 'Conceição das Pedras', 11),
(7009, 'Conceição das Alagoas', 11),
(7010, 'Conceição da Ibitipoca', 11),
(7011, 'Conceição da Brejauba', 11),
(7012, 'Conceição da Boa Vista', 11),
(7013, 'Conceição da Barra de Minas', 11),
(7014, 'Conceição da Aparecida', 11),
(7015, 'Comercinho', 11),
(7016, 'Comendador Gomes', 11),
(7017, 'Coluna', 11),
(7018, 'Coimbra', 11),
(7019, 'Coco', 11),
(7020, 'Cocais', 11),
(7021, 'Claudio Manuel', 11),
(7022, 'Claudio', 11),
(7023, 'Claro dos Poções', 11),
(7024, 'Claro de Minas', 11),
(7025, 'Claraval', 11),
(7026, 'Citrolândia', 11),
(7027, 'Cisneiros', 11),
(7028, 'Cipotanea', 11),
(7029, 'Chumbo', 11),
(7030, 'Chonim', 11),
(7031, 'Chiador', 11),
(7032, 'Chaveslândia', 11),
(7033, 'Chapada Gaucha', 11),
(7034, 'Chapada do Norte', 11),
(7035, 'Chapada de Minas', 11),
(7036, 'Chale', 11),
(7037, 'Chacara', 11),
(7038, 'Cervo', 11),
(7039, 'Centralina', 11),
(7040, 'Central de Santa Helena', 11),
(7041, 'Central de Minas', 11),
(7042, 'Centenario', 11),
(7043, 'Cedro do Abaete', 11),
(7044, 'Caxambu', 11),
(7045, 'Catuti', 11),
(7046, 'Catuni', 11),
(7047, 'Catune', 11),
(7048, 'Catuji', 11),
(7049, 'Catiara', 11),
(7050, 'Catas Altas da Noruega', 11),
(7051, 'Catas Altas', 11),
(7052, 'Catajas', 11),
(7053, 'Cataguases', 11),
(7054, 'Cataguarino', 11),
(7055, 'Cassia', 11),
(7056, 'Cascalho Rico', 11),
(7057, 'Casa Grande', 11),
(7058, 'Carvalhos', 11),
(7059, 'Carvalhópolis', 11),
(7060, 'Carvalho de Brito', 11),
(7061, 'Carrancas', 11),
(7062, 'Carneirinho', 11),
(7063, 'Carmópolis de Minas', 11),
(7064, 'Carmo do Rio Claro', 11),
(7065, 'Carmo do Paranaiba', 11),
(7066, 'Carmo do Cajuru', 11),
(7067, 'Carmo de Minas', 11),
(7068, 'Carmo da Mata', 11),
(7069, 'Carmo da Cachoeira', 11),
(7070, 'Carmesia', 11),
(7071, 'Carlos Chagas', 11),
(7072, 'Carlos Alves', 11),
(7073, 'Carioca', 11),
(7074, 'Careacu', 11),
(7075, 'Cardeal Mota', 11),
(7076, 'Carbonita', 11),
(7077, 'Caratinga', 11),
(7078, 'Carangola', 11),
(7079, 'Carandai', 11),
(7080, 'Caranaiba', 11),
(7081, 'Carai', 11),
(7082, 'Caputira', 11),
(7083, 'Capitolio', 11),
(7084, 'Capitão Eneas', 11),
(7085, 'Capitão Andrade', 11),
(7086, 'Capitania', 11),
(7087, 'Capinópolis', 11),
(7088, 'Capim Branco', 11),
(7089, 'Capetinga', 11),
(7090, 'Capelinha', 11),
(7091, 'Capela Nova', 11),
(7092, 'Caparão', 11),
(7093, 'Cantagalo', 11),
(7094, 'Canoeiros', 11),
(7095, 'Candeias', 11),
(7096, 'Canastrão', 11),
(7097, 'Canapolis', 11),
(7099, 'Canabrava', 11),
(7100, 'Canaa', 11),
(7101, 'Cana Verde', 11),
(7102, 'Campos Gerais', 11),
(7103, 'Campos Altos', 11),
(7104, 'Campolide', 11),
(7105, 'Campo Redondo', 11),
(7106, 'Campo Florido', 11),
(7107, 'Campo do Meio', 11),
(7108, 'Campo Belo', 11),
(7109, 'Campo Azul', 11),
(7111, 'Campo Alegre de Minas', 11),
(7112, 'Campina Verde', 11),
(7113, 'Campestrinho', 11),
(7114, 'Campestre', 11),
(7115, 'Campanha', 11),
(7116, 'Campanario', 11),
(7117, 'Cambuquira', 11),
(7118, 'Cambui', 11),
(7119, 'Camargos', 11),
(7120, 'Camanducaia', 11),
(7121, 'Camacho', 11),
(7122, 'Calixto', 11),
(7123, 'Caldas', 11),
(7124, 'Cajuri', 11),
(7125, 'Caiapo', 11),
(7126, 'Caiana', 11),
(7128, 'Caete', 11),
(7129, 'Caetanópolis', 11),
(7130, 'Caetano Lopes', 11),
(7131, 'Cachoeirinha', 11),
(7132, 'Cachoeira Dourada', 11),
(7133, 'Cachoeira dos Antunes', 11),
(7134, 'Cachoeira do Vale', 11),
(7135, 'Cachoeira do Manteiga', 11),
(7136, 'Cachoeira do Campo', 11),
(7137, 'Cachoeira do Brumado', 11),
(7138, 'Cachoeira de Santa Cruz', 11),
(7139, 'Cachoeira de Pajeu', 11),
(7140, 'Cachoeira de Minas', 11),
(7141, 'Cachoeira da Prata', 11),
(7142, 'Cachoeira Alegre', 11),
(7143, 'Cacarema', 11),
(7144, 'Cacaratiba', 11),
(7145, 'Caburu', 11),
(7146, 'Cabo Verde', 11),
(7147, 'Cabeceira Grande', 11),
(7148, 'Caatinga', 11),
(7149, 'Buritizeiro', 11),
(7150, 'Buritis', 11),
(7151, 'Bugre', 11),
(7152, 'Buenópolis', 11),
(7153, 'Bueno Brandão', 11),
(7154, 'Bueno', 11),
(7155, 'Buarque de Macedo', 11),
(7156, 'Brumal', 11),
(7157, 'Brumadinho', 11),
(7158, 'Brejo do Amparo', 11),
(7159, 'Brejo Bonito', 11),
(7160, 'Brejaubinha', 11),
(7161, 'Brejauba', 11),
(7162, 'Braunas', 11),
(7163, 'Brasópolis', 11),
(7164, 'Brasilia de Minas', 11),
(7165, 'Brasilândia de Minas', 11),
(7166, 'Bras Pires', 11),
(7167, 'Botumirim', 11),
(7168, 'Botelhos', 11),
(7169, 'Borda da Mata', 11),
(7170, 'Borba Gato', 11),
(7171, 'Bonito de Minas', 11),
(7172, 'Bonfinópolis de Minas', 11),
(7173, 'Bonfim', 11),
(7174, 'Bonanca', 11),
(7175, 'Bom Sucesso de Patos', 11),
(7176, 'Bom Sucesso', 11),
(7177, 'Bom Retiro', 11),
(7178, 'Bom Repouso', 11),
(7179, 'Bom Pastor', 11),
(7180, 'Bom Jesus do Madeira', 11),
(7181, 'Bom Jesus do Galho', 11),
(7182, 'Bom Jesus do Divino', 11),
(7183, 'Bom Jesus do Amparo', 11),
(7184, 'Bom Jesus de Cardosos', 11),
(7185, 'Bom Jesus da Penha', 11),
(7186, 'Bom Jesus da Cachoeira', 11),
(7187, 'Bom Jardim de Minas', 11),
(7188, 'Bom Despacho', 11),
(7189, 'Bocaiuva', 11),
(7190, 'Bocaina de Minas', 11),
(7191, 'Boa Vista de Minas', 11),
(7192, 'Boa União de Itabirinha', 11),
(7193, 'Boa Familia', 11),
(7194, 'Boa Esperança', 11),
(7195, 'Bituri', 11),
(7196, 'Biquinhas', 11),
(7197, 'Bicuiba', 11),
(7198, 'Bicas', 11),
(7199, 'Bias Fortes', 11),
(7200, 'Betim', 11),
(7201, 'Bertópolis', 11),
(7202, 'Berizal', 11),
(7203, 'Berilo', 11),
(7204, 'Bentópolis de Minas', 11),
(7205, 'Belo Vale', 11),
(7207, 'Belo Oriente', 11),
(7208, 'Belo Horizonte', 11),
(7209, 'Belmiro Braga', 11),
(7210, 'Belisario', 11),
(7211, 'Bela Vista de Minas', 11),
(7212, 'Bau', 11),
(7213, 'Barroso', 11),
(7214, 'Barrocão', 11),
(7215, 'Barretos de Alvinópolis', 11),
(7216, 'Barreiro do Rio Verde', 11),
(7217, 'Barreiro da Raiz', 11),
(7218, 'Barreiro Branco', 11),
(7219, 'Barreiro', 11),
(7220, 'Barranco Alto', 11),
(7221, 'Barra Longa', 11),
(7222, 'Barra Feliz', 11),
(7223, 'Barra do Cuiete', 11),
(7224, 'Barra do Ariranha', 11),
(7225, 'Barra da Figueira', 11),
(7226, 'Barra Alegre', 11),
(7227, 'Barbacena', 11),
(7228, 'Barão de Monte Alto', 11),
(7229, 'Barão de Cocais', 11),
(7230, 'Bandeirantes', 11),
(7231, 'Bandeira do Sul', 11),
(7232, 'Bandeira', 11),
(7233, 'Bambui', 11),
(7234, 'Baldim', 11),
(7235, 'Balbinópolis', 11),
(7236, 'Baixa', 11),
(7237, 'Baioes', 11),
(7238, 'Baguari', 11),
(7239, 'Baependi', 11),
(7240, 'Bacão', 11),
(7241, 'Babilonia', 11),
(7242, 'Azurita', 11),
(7243, 'Avai do Jacinto', 11),
(7244, 'Augusto de Lima', 11),
(7245, 'Ataleia', 11),
(7246, 'Astolfo Dutra', 11),
(7247, 'Assarai', 11),
(7248, 'Ascenção', 11),
(7249, 'Aristides Batista', 11),
(7250, 'Arinos', 11),
(7251, 'Aricanduva', 11),
(7252, 'Argirita', 11),
(7253, 'Argenita', 11),
(7254, 'Areado', 11),
(7255, 'Arcos', 11),
(7256, 'Arceburgo', 11),
(7257, 'Arcangelo', 11),
(7258, 'Araxá', 11),
(7259, 'Arauna', 11),
(7260, 'Araujos', 11),
(7261, 'Arapua', 11),
(7262, 'Arapora', 11),
(7263, 'Araponga', 11),
(7264, 'Arantina', 11),
(7265, 'Aranha', 11),
(7266, 'Aramirim', 11),
(7267, 'Araguari', 11),
(7268, 'Aracuai', 11),
(7269, 'Aracitaba', 11),
(7270, 'Aracati de Minas', 11),
(7271, 'Aracai', 11),
(7272, 'Aparecida de Minas', 11),
(7273, 'Antunes', 11),
(7274, 'Antonio Prado de Minas', 11),
(7275, 'Antonio Pereira', 11),
(7276, 'Antonio Ferreira', 11),
(7277, 'Antonio dos Santos', 11),
(7278, 'Antonio Dias', 11),
(7279, 'Antonio Carlos', 11),
(7280, 'Angustura', 11),
(7281, 'Anguereta', 11),
(7282, 'Angicos de Minas', 11),
(7283, 'Angelândia', 11),
(7284, 'Angaturama', 11),
(7285, 'Andrequice', 11),
(7286, 'Andrelândia', 11),
(7287, 'Andradas', 11),
(7288, 'Andiroba', 11),
(7289, 'Amparo da Serra', 11),
(7290, 'Amarantina', 11),
(7291, 'Amanhece', 11),
(7292, 'Amanda', 11),
(7293, 'Alvorada de Minas', 11),
(7294, 'Alvorada', 11),
(7295, 'Alvinópolis', 11),
(7296, 'Alvarenga', 11),
(7297, 'Alvação', 11),
(7298, 'Altolândia', 11),
(7299, 'Alto Rio Doce', 11),
(7300, 'Alto Maranhão', 11),
(7301, 'Alto Jequitiba', 11),
(7302, 'Alto de Santa Helena', 11),
(7303, 'Alto Capim', 11),
(7304, 'Alto Caparão', 11),
(7305, 'Alterosa', 11),
(7306, 'Alpinópolis', 11),
(7307, 'Alpercata', 11),
(7308, 'Almenara', 11),
(7309, 'Almeida', 11),
(7310, 'Alfredo Vasconcelos', 11),
(7311, 'Alfenas', 11),
(7312, 'Alexandrita', 11),
(7313, 'Alem Paraiba', 11),
(7314, 'Alegria', 11),
(7315, 'Alegre', 11),
(7316, 'Aldeia', 11),
(7317, 'Albertos', 11),
(7318, 'Alberto Isaacson', 11),
(7319, 'Albertina', 11),
(7320, 'Alagoa', 11),
(7321, 'Aiuruoca', 11),
(7322, 'Aimores', 11),
(7323, 'Águas Vermelhas', 11),
(7324, 'Águas Formosas', 11),
(7325, 'Águas Ferreas', 11),
(7326, 'Águas de Contendas', 11),
(7327, 'Águas de Araxa', 11),
(7328, 'Águanil', 11),
(7329, 'Água Viva', 11),
(7330, 'Água Comprida', 11),
(7331, 'Água Branca de Minas', 11),
(7332, 'Água Boa', 11),
(7333, 'Adão Colares', 11),
(7334, 'Acurui', 11),
(7335, 'Acucena', 11),
(7336, 'Acaiaca', 11),
(7337, 'Abreus', 11),
(7338, 'Abre Campo', 11),
(7339, 'Abaiba', 11),
(7340, 'Abaete dos Mendes', 11),
(7341, 'Abaete', 11),
(7342, 'Abadia dos Dourados', 11),
(7343, 'Ze Doca', 10),
(7344, 'Vitorino Freire', 10),
(7345, 'Vitoria do Mearim', 10),
(7346, 'Vila Nova dos Martirios', 10),
(7347, 'Viana', 10),
(7348, 'Vargem Grande', 10),
(7349, 'Urbano Santos', 10),
(7350, 'Tutoia', 10),
(7351, 'Turilândia', 10),
(7352, 'Turiacu', 10),
(7353, 'Tuntum', 10),
(7354, 'Tufilândia', 10),
(7355, 'Trizidela do Vale', 10),
(7356, 'Timon', 10),
(7357, 'Timbiras', 10),
(7358, 'Tasso Fragoso', 10),
(7359, 'Sucupira do Riachão', 10),
(7360, 'Sucupira do Norte', 10),
(7361, 'Sitio Novo', 10),
(7362, 'Serrano do Maranhão', 10),
(7363, 'Senador La Rocque', 10),
(7364, 'Senador Alexandre Costa', 10),
(7365, 'Satubinha', 10),
(7366, 'São Vicente Ferrer', 10),
(7367, 'São Roberto', 10),
(7368, 'São Raimundo do Doca Bezerra', 10),
(7369, 'São Raimundo de Codo', 10),
(7370, 'São Raimundo das Mangabeiras', 10),
(7371, 'São Pedro dos Crentes', 10),
(7372, 'São Pedro da Água Branca', 10),
(7373, 'São Mateus do Maranhão', 10),
(7374, 'São Luis Gonzaga do Maranhão', 10),
(7375, 'São Luis', 10),
(7376, 'São José dos Basilios', 10),
(7377, 'São José de Ribamar', 10),
(7378, 'São Joaquim dos Melos', 10),
(7379, 'São João dos Patos', 10),
(7380, 'São João do Soter', 10),
(7381, 'São João do Paraiso', 10),
(7382, 'São João do Caru', 10),
(7383, 'São João de Cortes', 10),
(7384, 'São João Batista', 10),
(7385, 'São Francisco do Maranhão', 10),
(7386, 'São Francisco do Brejão', 10),
(7387, 'São Felix de Balsas', 10),
(7388, 'São Domingos do Maranhão', 10),
(7389, 'São Domingos do Azeitão', 10),
(7390, 'São Bernardo', 10),
(7391, 'São Bento', 10),
(7392, 'São Benedito do Rio Preto', 10),
(7393, 'Santo Antonio dos Lopes', 10),
(7394, 'Santo Amaro', 10),
(7395, 'Santana do Maranhão', 10),
(7396, 'Santa Rita', 10),
(7397, 'Santa Quiteria do Maranhão', 10),
(7398, 'Santa Luzia do Parua', 10),
(7399, 'Santa Luzia', 10),
(7400, 'Santa Ines', 10),
(7401, 'Santa Helena', 10),
(7402, 'Santa Filomena do Maranhão', 10),
(7403, 'Sambaiba', 10),
(7404, 'Rosario', 10),
(7405, 'Roque', 10),
(7406, 'Rocado', 10),
(7407, 'Ribeirão Azul', 10),
(7408, 'Ribamar Fiquene', 10),
(7409, 'Riachão', 10),
(7410, 'Resplandes', 10),
(7411, 'Raposa', 10),
(7412, 'Primeira Cruz', 10),
(7413, 'Presidente Vargas', 10),
(7414, 'Presidente Sarney', 10),
(7415, 'Presidente Medici', 10),
(7416, 'Presidente Juscelino', 10),
(7417, 'Presidente Dutra', 10),
(7418, 'Porto Rico do Maranhão', 10),
(7419, 'Porto Franco', 10),
(7420, 'Porto das Gabarras', 10),
(7421, 'Poção de Pedras', 10),
(7422, 'Pirapemas', 10),
(7423, 'Pio Xii', 10),
(7424, 'Pinheiro', 10),
(7425, 'Pindare Mirim', 10),
(7426, 'Pimentel', 10),
(7427, 'Peritoro', 10),
(7428, 'Peri Mirim', 10),
(7429, 'Penalva', 10),
(7430, 'Pedro do Rosario', 10),
(7431, 'Pedreiras', 10),
(7432, 'Paulo Ramos', 10),
(7433, 'Paulino Neves', 10),
(7434, 'Pastos Bons', 10),
(7435, 'Passagem Franca', 10),
(7436, 'Parnarama', 10),
(7437, 'Paraibano', 10),
(7438, 'Papagaio', 10),
(7439, 'Palmeirandia', 10),
(7440, 'Paco do Lumiar', 10),
(7441, 'Olinda Nova do Maranhão', 10),
(7442, 'Olho D\'agua das Cunhas', 10),
(7443, 'Nova Olinda do Maranhão', 10),
(7444, 'Nova Iorque', 10),
(7445, 'Nova Colinas', 10),
(7446, 'Nina Rodrigues', 10),
(7447, 'Morros', 10),
(7448, 'Montes Altos', 10),
(7449, 'Monção', 10),
(7450, 'Mirinzal', 10),
(7451, 'Miranda do Norte', 10),
(7452, 'Mirador', 10),
(7453, 'Milagres do Maranhão', 10),
(7454, 'Matoes do Norte', 10),
(7455, 'Matoes', 10),
(7456, 'Matinha', 10),
(7457, 'Mata Roma', 10),
(7458, 'Mata', 10),
(7459, 'Marianópolis', 10),
(7460, 'Maranhãozinho', 10),
(7461, 'Maraja do Sena', 10),
(7462, 'Maracacume', 10),
(7463, 'Maioba', 10),
(7464, 'Magalhães de Almeida', 10),
(7465, 'Luis Domingues', 10),
(7466, 'Loreto', 10),
(7467, 'Lima Campos', 10),
(7468, 'Leandro', 10),
(7469, 'Lapela', 10),
(7470, 'Lajeado Novo', 10),
(7471, 'Lagoa Grande do Maranhão', 10),
(7472, 'Lagoa do Mato', 10),
(7473, 'Lago Verde', 10),
(7474, 'Lago dos Rodrigues', 10),
(7475, 'Lago do Junco', 10),
(7476, 'Lago da Pedra', 10),
(7477, 'Junco do Maranhão', 10),
(7478, 'Josélândia', 10),
(7479, 'João Lisboa', 10),
(7480, 'Jenipapo dos Vieiras', 10),
(7481, 'Jatoba', 10),
(7482, 'Itinga do Maranhão', 10),
(7483, 'Itapera', 10),
(7484, 'Itapecuru Mirim', 10),
(7485, 'Itamatare', 10),
(7486, 'Itaipava do Grajau', 10),
(7487, 'Imperatriz', 10),
(7488, 'Igarape Grande', 10),
(7489, 'Igarape do Meio', 10),
(7490, 'Icatu', 10),
(7491, 'Ibipira', 10),
(7492, 'Humberto de Campos', 10),
(7493, 'Guimaraes', 10),
(7494, 'Grajau', 10),
(7495, 'Graca Aranha', 10),
(7496, 'Governador Nunes Freire', 10),
(7497, 'Governador Newton Bello', 10),
(7498, 'Governador Luiz Rocha', 10),
(7499, 'Governador Eugenio Barros', 10),
(7500, 'Governador Edison Lobão', 10),
(7501, 'Governador Archer', 10),
(7502, 'Goncalves Dias', 10),
(7503, 'Godofredo Viana', 10),
(7504, 'Frecheiras', 10),
(7505, 'Fortuna', 10),
(7506, 'Fortaleza dos Nogueiras', 10),
(7507, 'Formosa da Serra Negra', 10),
(7508, 'Fernando Falcão', 10),
(7509, 'Feira Nova do Maranhão', 10),
(7510, 'Estreito', 10),
(7511, 'Estandarte', 10),
(7512, 'Esperantinópolis', 10),
(7513, 'Duque Bacelar', 10),
(7514, 'Dom Pedro', 10),
(7515, 'Davinópolis', 10),
(7516, 'Custodio Lima', 10),
(7517, 'Curva Grande', 10),
(7518, 'Cururupu', 10),
(7519, 'Curupa', 10),
(7520, 'Coroata', 10),
(7521, 'Conceição do Lago-Acu', 10),
(7522, 'Colinas', 10),
(7523, 'Coelho Neto', 10),
(7524, 'Codozinho', 10),
(7525, 'Codo', 10),
(7526, 'Cidelândia', 10),
(7527, 'Chapadinha', 10),
(7528, 'Centro Novo do Maranhão', 10),
(7529, 'Centro do Guilherme', 10),
(7530, 'Central do Maranhão', 10),
(7531, 'Cedral', 10),
(7532, 'Caxias', 10),
(7533, 'Carutapera', 10),
(7534, 'Carolina', 10),
(7535, 'Caraiba do Norte', 10),
(7536, 'Capinzal do Norte', 10),
(7537, 'Cantanhede', 10),
(7538, 'Candido Mendes', 10),
(7539, 'Campestre do Maranhão', 10),
(7540, 'Cajari', 10),
(7541, 'Cajapio', 10),
(7542, 'Cachoeira Grande', 10),
(7543, 'Buritirama', 10),
(7544, 'Buriticupu', 10),
(7545, 'Buriti Cortado', 10),
(7546, 'Buriti Bravo', 10),
(7547, 'Buriti', 10),
(7548, 'Brejo de São Felix', 10),
(7549, 'Brejo de Areia', 10),
(7550, 'Brejo', 10),
(7551, 'Bonfim do Arari', 10),
(7552, 'Bom Lugar', 10),
(7553, 'Bom Jesus das Selvas', 10),
(7554, 'Bom Jardim', 10),
(7555, 'Boa Vista do Pindare', 10),
(7556, 'Boa Vista do Gurupi', 10),
(7557, 'Bernardo do Mearim', 10),
(7558, 'Bequimão', 10),
(7559, 'Benedito Leite', 10),
(7560, 'Belagua', 10),
(7561, 'Bela Vista do Maranhão', 10),
(7562, 'Barro Duro', 10),
(7563, 'Barreirinhas', 10),
(7564, 'Barra do Corda', 10),
(7565, 'Barão de Tromai', 10),
(7566, 'Barão de Grajau', 10),
(7567, 'Balsas', 10),
(7568, 'Bacurituba', 10),
(7569, 'Bacuri', 10),
(7570, 'Bacatuba', 10),
(7571, 'Bacabeira', 10),
(7572, 'Bacabal', 10),
(7573, 'Axixa', 10),
(7574, 'Aurizona', 10),
(7575, 'Arari', 10),
(7576, 'Arame', 10),
(7577, 'Araioses', 10),
(7578, 'Araguana', 10),
(7579, 'Apicum-Acu', 10),
(7580, 'Anil', 10),
(7581, 'Anapurus', 10),
(7582, 'Anajatuba', 10),
(7583, 'Amarante do Maranhão', 10),
(7584, 'Amapa do Maranhão', 10),
(7585, 'Alto Parnaiba', 10),
(7586, 'Alto Alegre do Pindare', 10),
(7587, 'Alto Alegre do Maranhão', 10),
(7588, 'Altamira do Maranhão', 10),
(7589, 'Aldeias Altas', 10),
(7590, 'Alcantara', 10),
(7591, 'Água Doce do Maranhão', 10),
(7592, 'Afonso Cunha', 10),
(7593, 'Acailândia', 10),
(7594, 'Vila Sertaneja', 9),
(7595, 'Vila Propicio', 9),
(7596, 'Vila Brasilia', 9),
(7597, 'Vila Boa', 9),
(7598, 'Vicentinópolis', 9),
(7599, 'Vianópolis', 9),
(7600, 'Varjão', 9),
(7601, 'Valparaiso de Goias', 9),
(7602, 'Valdelândia', 9),
(7603, 'Uva', 9),
(7604, 'Urutai', 9),
(7605, 'Uruita', 9),
(7606, 'Uruana', 9),
(7607, 'Uruacu', 9),
(7608, 'Uirapuru', 9),
(7609, 'Turvelândia', 9),
(7610, 'Turvania', 9),
(7611, 'Tupiracaba', 9),
(7612, 'Trombas', 9),
(7613, 'Trindade', 9),
(7614, 'Três Ranchos', 9),
(7615, 'Termas do Itaja', 9),
(7616, 'Terezópolis de Goias', 9),
(7617, 'Teresina de Goias', 9),
(7618, 'Taveira', 9),
(7619, 'Taquaral de Goias', 9),
(7620, 'Sousania', 9),
(7621, 'Sitio D\'abadia', 9),
(7622, 'Simolândia', 9),
(7623, 'Silvania', 9),
(7624, 'Serranópolis', 9),
(7625, 'Serra Dourada', 9),
(7626, 'Senador Canedo', 9),
(7627, 'Sarandi', 9),
(7628, 'São Vicente', 9),
(7629, 'São Simão', 9),
(7630, 'São Sebastião do Rio Claro', 9),
(7631, 'São Patricio', 9),
(7632, 'São Miguel do Passa Quatro', 9),
(7633, 'São Miguel do Araguaia', 9),
(7634, 'São Luiz do Tocantins', 9),
(7635, 'São Luiz do Norte', 9),
(7636, 'São Luis de Montes Belos', 9),
(7637, 'São João da Parauna', 9),
(7638, 'São João D\'alianca', 9),
(7639, 'São João', 9),
(7640, 'São Gabriel de Goias', 9),
(7641, 'São Francisco de Goias', 9),
(7642, 'São Domingos', 9),
(7643, 'Santo Antonio do Rio Verde', 9),
(7644, 'Santo Antonio do Descoberto', 9),
(7645, 'Santo Antonio de Goias', 9),
(7646, 'Santo Antonio da Barra', 9),
(7647, 'Santa Terezinha de Goias', 9),
(7648, 'Santa Tereza de Goias', 9),
(7649, 'Santa Rosa de Goias', 9),
(7650, 'Santa Rosa', 9),
(7651, 'Santa Rita do Novo Destino', 9),
(7652, 'Santa Rita do Araguaia', 9),
(7653, 'Santa Isabel', 9),
(7654, 'Santa Helena de Goias', 9),
(7655, 'Santa Fé de Goias', 9),
(7656, 'Santa Cruz de Goias', 9),
(7657, 'Santa Cruz das Lajes', 9),
(7658, 'Santa Barbara de Goias', 9),
(7659, 'Sanclerlândia', 9),
(7660, 'Rubiataba', 9),
(7661, 'Rosalândia', 9),
(7662, 'Rodrigues Nascimento', 9),
(7663, 'Riverlândia', 9),
(7664, 'Rio Verde', 9),
(7665, 'Rio Quente', 9),
(7666, 'Rianapolis', 9),
(7667, 'Rialma', 9),
(7668, 'Registro do Araguaia', 9),
(7669, 'Quirinópolis', 9),
(7670, 'Professor Jamil', 9),
(7671, 'Posse D\'abadia', 9),
(7672, 'Posse', 9),
(7673, 'Portelândia', 9),
(7674, 'Porteirão', 9),
(7675, 'Porangatu', 9),
(7676, 'Pontalina', 9),
(7677, 'Planaltina', 9),
(7678, 'Pires do Rio', 9),
(7679, 'Pires Belo', 9),
(7680, 'Pirenópolis', 9),
(7681, 'Piranhas', 9),
(7682, 'Piracanjuba', 9),
(7683, 'Piloandia', 9),
(7684, 'Pilar de Goias', 9),
(7685, 'Petrolina de Goias', 9),
(7686, 'Perolândia', 9),
(7687, 'Pedra Branca', 9),
(7688, 'Pau-Terra', 9),
(7689, 'Parauna', 9),
(7690, 'Paranaiguara', 9),
(7691, 'Panama', 9),
(7692, 'Palminópolis', 9),
(7693, 'Palmelo', 9),
(7694, 'Palmeiras de Goias', 9),
(7695, 'Palestina de Goias', 9),
(7696, 'Padre Bernardo', 9),
(7697, 'Ouvidor', 9),
(7698, 'Ouroana', 9),
(7699, 'Ouro Verde de Goias', 9),
(7700, 'Orizona', 9),
(7701, 'Olhos D\'agua', 9),
(7702, 'Olaria do Angico', 9),
(7703, 'Novo Planalto', 9),
(7704, 'Novo Gama', 9),
(7705, 'Novo Brasil', 9),
(7706, 'Nova Veneza', 9),
(7707, 'Nova Roma', 9),
(7708, 'Nova Iguaçú de Goias', 9),
(7709, 'Nova Gloria', 9),
(7710, 'Nova Crixas', 9),
(7711, 'Nova Aurora', 9),
(7712, 'Nova America', 9),
(7713, 'Niquelândia', 9),
(7714, 'Nerópolis', 9),
(7715, 'Nazario', 9),
(7716, 'Natinópolis', 9),
(7717, 'Mutunópolis', 9),
(7718, 'Mundo Novo', 9),
(7719, 'Mozarlândia', 9),
(7720, 'Mossamedes', 9),
(7721, 'Morro Agudo de Goias', 9),
(7722, 'Morrinhos', 9),
(7723, 'Montividiu do Norte', 9),
(7724, 'Montividiu', 9),
(7725, 'Montes Claros de Goias', 9),
(7726, 'Monte Alegre de Goias', 9),
(7727, 'Moipora', 9),
(7728, 'Mineiros', 9),
(7729, 'Minacu', 9),
(7730, 'Mimoso de Goias', 9),
(7731, 'Messianópolis', 9),
(7732, 'Meia Ponte', 9),
(7733, 'Maurilândia', 9),
(7734, 'Matrincha', 9),
(7735, 'Marzagão', 9),
(7736, 'Marcianópolis', 9),
(7737, 'Mara Rosa', 9),
(7738, 'Mambai', 9),
(7739, 'Mairipotaba', 9),
(7740, 'Luziania', 9),
(7741, 'Lucilândia', 9),
(7742, 'Leopoldo de Bulhões', 9),
(7743, 'Lagolândia', 9),
(7744, 'Lagoa do Bauzinho', 9),
(7745, 'Jussara', 9),
(7746, 'Juscelino Kubitschek', 9),
(7747, 'Juscelândia', 9),
(7748, 'Joviania', 9),
(7749, 'Joanapolis', 9),
(7750, 'Jesupolis', 9),
(7751, 'Jeroaquara', 9),
(7752, 'Jaupaci', 9),
(7753, 'Jatai', 9),
(7754, 'Jaragua', 9),
(7755, 'Jandaia', 9),
(7756, 'Jacilândia', 9),
(7757, 'Ivolândia', 9),
(7758, 'Itumbiara', 9),
(7759, 'Itaucu', 9),
(7760, 'Itaruma', 9),
(7761, 'Itapuranga', 9),
(7762, 'Itapirapua', 9),
(7763, 'Itapaci', 9),
(7764, 'Itaja', 9),
(7765, 'Itaguaru', 9),
(7766, 'Itaguari', 9),
(7767, 'Itaguaçú', 9),
(7768, 'Itaberai', 9),
(7769, 'Israelândia', 9),
(7770, 'Ipora', 9),
(7771, 'Ipameri', 9),
(7772, 'Interlândia', 9),
(7773, 'Inhumas', 9),
(7774, 'Indiara', 9),
(7775, 'Inaciolândia', 9),
(7776, 'Iaciara', 9),
(7777, 'Hidrolina', 9),
(7778, 'Hidrolândia', 9),
(7779, 'Heitorai', 9),
(7780, 'Guarinos', 9),
(7781, 'Guarani de Goias', 9),
(7782, 'Guaraita', 9),
(7783, 'Guapo', 9),
(7784, 'Gouvelândia', 9),
(7785, 'Goiatuba', 9),
(7786, 'Goias', 9),
(7787, 'Goianira', 9),
(7788, 'Goiânia', 9),
(7789, 'Goianesia', 9),
(7790, 'Goiandira', 9),
(7791, 'Goianapolis', 9),
(7792, 'Goialândia', 9),
(7793, 'Geriacu', 9),
(7794, 'Gameleira de Goias', 9),
(7795, 'Forte', 9),
(7796, 'Formoso', 9),
(7797, 'Formosa', 9),
(7798, 'Flores de Goias', 9),
(7799, 'Firminópolis', 9),
(7800, 'Fazenda Nova', 9),
(7801, 'Faina', 9),
(7802, 'Estrela do Norte', 9),
(7803, 'Edeia', 9),
(7804, 'Edealina', 9),
(7805, 'Doverlândia', 9),
(7806, 'Domiciano Ribeiro', 9),
(7807, 'Divinópolis de Goias', 9),
(7808, 'Diorama', 9),
(7809, 'Diolândia', 9),
(7810, 'Davinópolis', 9),
(7811, 'Davidópolis', 9),
(7812, 'Damolândia', 9),
(7813, 'Damianópolis', 9),
(7814, 'Cumari', 9),
(7815, 'Cruzeiro do Norte', 9),
(7816, 'Crominia', 9),
(7817, 'Crixas', 9),
(7818, 'Cristianópolis', 9),
(7819, 'Cristalina', 9),
(7820, 'Corumbaiba', 9),
(7821, 'Corumba de Goias', 9),
(7822, 'Corrego Rico', 9),
(7823, 'Corrego do Ouro', 9),
(7824, 'Colinas do Sul', 9),
(7825, 'Cocalzinho de Goias', 9),
(7826, 'Cirilândia', 9),
(7827, 'Cidade Ocidental', 9),
(7828, 'Cibele', 9),
(7829, 'Choupana', 9),
(7830, 'Chapadão do Ceu', 9),
(7831, 'Cezarina', 9),
(7832, 'Ceres', 9),
(7833, 'Cebrasa', 9),
(7834, 'Cavalheiro', 9),
(7835, 'Cavalcante', 9),
(7836, 'Caturai', 9),
(7837, 'Catalão', 9),
(7838, 'Castrinópolis', 9),
(7839, 'Castelândia', 9),
(7840, 'Carmo do Rio Verde', 9),
(7841, 'Caraiba', 9),
(7842, 'Capelinha', 9),
(7843, 'Canada', 9),
(7844, 'Cana Brava', 9),
(7845, 'Campos Verdes', 9),
(7846, 'Campos Belos', 9),
(7847, 'Campolândia', 9),
(7848, 'Campo Limpo', 9),
(7849, 'Campo Alegre de Goias', 9),
(7850, 'Campinorte', 9),
(7851, 'Campinacu', 9),
(7852, 'Campestre de Goias', 9),
(7853, 'Calixto', 9),
(7854, 'Caldazinha', 9),
(7855, 'Caldas Novas', 9),
(7856, 'Calcilândia', 9),
(7857, 'Caicara', 9),
(7858, 'Caiaponia', 9),
(7859, 'Cacu', 9),
(7860, 'Cachoeira Dourada', 9),
(7861, 'Cachoeira de Goias', 9),
(7862, 'Cachoeira Alta', 9),
(7863, 'Cabeceiras', 9),
(7864, 'Buritinópolis', 9),
(7865, 'Buriti de Goias', 9),
(7866, 'Buriti Alegre', 9),
(7867, 'Buenolândia', 9),
(7868, 'Britania', 9),
(7869, 'Brazabrantes', 9),
(7870, 'Bonópolis', 9),
(7871, 'Bonfinópolis', 9),
(7872, 'Bom Jesus de Goias', 9),
(7873, 'Bom Jardim de Goias', 9),
(7874, 'Bela Vista de Goias', 9),
(7875, 'Barro Alto', 9),
(7876, 'Barbosilândia', 9),
(7877, 'Bandeirantes', 9),
(7878, 'Baliza', 9),
(7879, 'Bacilândia', 9),
(7880, 'Avelinópolis', 9),
(7881, 'Auriverde', 9),
(7882, 'Aurilândia', 9),
(7883, 'Aruana', 9),
(7884, 'Arenópolis', 9),
(7885, 'Araguapaz', 9),
(7886, 'Aragoiania', 9),
(7887, 'Aragarcas', 9),
(7888, 'Aracu', 9),
(7889, 'Apore', 9),
(7890, 'Aparecida do Rio Doce', 9),
(7891, 'Aparecida do Rio Claro', 9),
(7892, 'Aparecida de Goias', 9),
(7893, 'Aparecida de Goiania', 9),
(7894, 'Aparecida', 9),
(7895, 'Anicuns', 9),
(7896, 'Anhanguera', 9),
(7897, 'Anapolis', 9),
(7898, 'Amorinópolis', 9),
(7899, 'Americano do Brasil', 9),
(7900, 'Amaralina', 9),
(7901, 'Alvorada do Norte', 9),
(7902, 'Alto Paraiso de Goias', 9),
(7903, 'Alto Horizonte', 9),
(7904, 'Alto Alvorada', 9),
(7905, 'Aloandia', 9),
(7906, 'Alexania', 9),
(7907, 'Águas Lindas de Goias', 9),
(7908, 'Água Limpa', 9),
(7909, 'Água Fria de Goias', 9),
(7910, 'Adelândia', 9),
(7911, 'Acreuna', 9),
(7912, 'Abadiania', 9),
(7913, 'Abadia de Goias', 9),
(7914, 'Vitória', 8),
(7915, 'Vinte E Cinco de Julho', 8),
(7916, 'Vinhatico', 8),
(7917, 'Vila Verde', 8),
(7918, 'Vila Velha', 8),
(7919, 'Vila Valerio', 8),
(7920, 'Vila Pavão', 8),
(7921, 'Vila Nova de Bananal', 8),
(7922, 'Vila Nelita', 8),
(7923, 'Vieira Machado', 8),
(7924, 'Viana', 8),
(7925, 'Venda Nova do Imigrante', 8),
(7926, 'Vargem Grande do Soturno', 8),
(7927, 'Vargem Alta', 8),
(7928, 'Urania', 8),
(7929, 'Todos Os Santos', 8),
(7930, 'Timbui', 8),
(7931, 'Sooretama', 8),
(7932, 'Sobreiro', 8),
(7933, 'Serra Pelada', 8),
(7934, 'Serra', 8),
(7935, 'Sapucaia', 8),
(7936, 'São Torquato', 8),
(7937, 'São Tiago', 8),
(7938, 'São Roque do Cannaa', 8),
(7939, 'São Rafael', 8),
(7940, 'São Pedro de Rates', 8),
(7941, 'São Pedro de Itabapoana', 8),
(7942, 'São Pedro', 8),
(7943, 'São Mateus', 8),
(7944, 'São José do Sobradinho', 8),
(7945, 'São José do Calcado', 8),
(7946, 'São José de Mantenópolis', 8),
(7947, 'São José das Torres', 8),
(7948, 'São Jorge do Tiradentes', 8),
(7949, 'São Jorge do Oliveira', 8),
(7950, 'São Jorge da Barra Seca', 8),
(7951, 'São João do Sobrado', 8),
(7952, 'São João de Vicosa', 8),
(7953, 'São João de Petrópolis', 8),
(7954, 'São Jacinto', 8),
(7955, 'São Geraldo', 8),
(7956, 'São Gabriel da Palha', 8),
(7957, 'São Francisco Xavier do Guandu', 8),
(7958, 'São Francisco do Novo Brasil', 8),
(7959, 'São Domingos do Norte', 8),
(7960, 'Santo Antonio do Quinze', 8),
(7961, 'Santo Antonio do Pousalegre', 8),
(7962, 'Santo Antonio do Muqui', 8),
(7963, 'Santo Antonio do Canaa', 8),
(7964, 'Santo Antonio', 8),
(7965, 'Santo Agostinho', 8),
(7966, 'Santíssima Trindade', 8),
(7967, 'Santa Terezinha', 8),
(7968, 'Santa Teresa', 8),
(7969, 'Santa Marta', 8),
(7970, 'Santa Maria de Jetiba', 8),
(7971, 'Santa Luzia do Norte', 8),
(7972, 'Santa Luzia do Azul', 8),
(7973, 'Santa Luzia de Mantenópolis', 8),
(7974, 'Santa Leopoldina', 8),
(7975, 'Santa Julia', 8),
(7976, 'Santa Cruz', 8),
(7977, 'Santa Angelica', 8),
(7978, 'Sagrada Familia', 8),
(7979, 'Rive', 8),
(7980, 'Rio Preto', 8),
(7981, 'Rio Novo do Sul', 8),
(7982, 'Rio Muqui', 8),
(7983, 'Rio Calcado', 8),
(7984, 'Rio Bananal', 8),
(7985, 'Ribeirão do Cristo', 8),
(7986, 'Riacho', 8),
(7987, 'Regencia', 8),
(7988, 'Quilometro 14 do Mutum', 8),
(7989, 'Queimado', 8),
(7990, 'Princesa', 8),
(7991, 'Presidente Kennedy', 8),
(7992, 'Praia Grande', 8);
INSERT INTO `cidade` (`id`, `nome`, `estado_id`) VALUES
(7993, 'Porto Barra do Riacho', 8),
(7994, 'Poranga', 8),
(7995, 'Pontoes', 8),
(7996, 'Ponto Belo', 8),
(7997, 'Ponte de Itabapoana', 8),
(7998, 'Piuma', 8),
(7999, 'Piracema', 8),
(8000, 'Pinheiros', 8),
(8001, 'Piacu', 8),
(8002, 'Perdição', 8),
(8003, 'Pequia', 8),
(8004, 'Pendanga', 8),
(8005, 'Pedro Canario', 8),
(8006, 'Paulista', 8),
(8007, 'Paraju', 8),
(8008, 'Pancas', 8),
(8009, 'Palmerino', 8),
(8010, 'Palmeira', 8),
(8011, 'Paineiras', 8),
(8012, 'Pacotuba', 8),
(8013, 'Novo Horizonte', 8),
(8014, 'Novo Brasil', 8),
(8015, 'Nova Verona', 8),
(8016, 'Nova Venecia', 8),
(8017, 'Nova Canaa', 8),
(8018, 'Nova Almeida', 8),
(8019, 'Nestor Gomes', 8),
(8020, 'Muqui', 8),
(8021, 'Muniz Freire', 8),
(8022, 'Mundo Novo', 8),
(8023, 'Mucurici', 8),
(8024, 'Monte Sinai', 8),
(8025, 'Monte Pio', 8),
(8026, 'Monte Carmelo do Rio Novo', 8),
(8027, 'Montanha', 8),
(8028, 'Mimoso do Sul', 8),
(8029, 'Menino Jesus', 8),
(8030, 'Melgaco', 8),
(8031, 'Matilde', 8),
(8032, 'Marilândia', 8),
(8033, 'Marechal Floriano', 8),
(8034, 'Marataizes', 8),
(8035, 'Mantenópolis', 8),
(8036, 'Mangarai', 8),
(8037, 'Linhares', 8),
(8038, 'Limoeiro', 8),
(8039, 'Laranja da Terra', 8),
(8040, 'Lajinha', 8),
(8041, 'Jucu', 8),
(8042, 'José Carlos', 8),
(8043, 'Joatuba', 8),
(8044, 'João Neiva', 8),
(8045, 'Joacuba', 8),
(8046, 'Jeronimo Monteiro', 8),
(8047, 'Jaguare', 8),
(8048, 'Jacupemba', 8),
(8049, 'Jacigua', 8),
(8050, 'Jacaraipe', 8),
(8051, 'Jabaquara', 8),
(8052, 'Iuna', 8),
(8053, 'Itauninhas', 8),
(8054, 'Itaunas', 8),
(8055, 'Itarana', 8),
(8056, 'Itaquari', 8),
(8057, 'Itapina', 8),
(8058, 'Itaperuna', 8),
(8059, 'Itapemirim', 8),
(8060, 'Itapecoa', 8),
(8061, 'Itaoca', 8),
(8062, 'Itamira', 8),
(8063, 'Itaipava', 8),
(8064, 'Itaimbe', 8),
(8065, 'Itaici', 8),
(8066, 'Itaguaçú', 8),
(8067, 'Itacu', 8),
(8068, 'Itabaiana', 8),
(8069, 'Isabel', 8),
(8070, 'Irupi', 8),
(8071, 'Irundi', 8),
(8072, 'Iriritiba', 8),
(8073, 'Imburana', 8),
(8074, 'Iconha', 8),
(8075, 'Ibituba', 8),
(8076, 'Ibitirui', 8),
(8077, 'Ibitirama', 8),
(8078, 'Ibiracu', 8),
(8079, 'Ibicaba', 8),
(8080, 'Ibes', 8),
(8081, 'Ibatiba', 8),
(8082, 'Guararema', 8),
(8083, 'Guarapari', 8),
(8084, 'Guarana', 8),
(8085, 'Guacui', 8),
(8086, 'Gruta', 8),
(8087, 'Graca Aranha', 8),
(8088, 'Governador Lindenberg', 8),
(8089, 'Governador Lacerda de Aguiar', 8),
(8090, 'Goiabeiras', 8),
(8091, 'Gironda', 8),
(8092, 'Garrafão', 8),
(8093, 'Fundão', 8),
(8094, 'Fazenda Guandu', 8),
(8095, 'Fartura', 8),
(8096, 'Estrela do Norte', 8),
(8097, 'Ecoporanga', 8),
(8098, 'Duas Barras', 8),
(8099, 'Dores do Rio Preto', 8),
(8100, 'Dona America', 8),
(8101, 'Domingos Martins', 8),
(8102, 'Djalma Coutinho', 8),
(8103, 'Divino Espirito Santo', 8),
(8104, 'Divino de São Lourenco', 8),
(8105, 'Desengano', 8),
(8106, 'Crubixa', 8),
(8107, 'Cristal do Norte', 8),
(8108, 'Cotaxe', 8),
(8109, 'Corrego dos Monos', 8),
(8110, 'Coqueiral', 8),
(8111, 'Conduru', 8),
(8112, 'Conceição do Muqui', 8),
(8113, 'Conceição do Castelo', 8),
(8114, 'Conceição da Barra', 8),
(8115, 'Colatina', 8),
(8116, 'Celina', 8),
(8117, 'Castelo', 8),
(8118, 'Cariacica', 8),
(8119, 'Carapina', 8),
(8120, 'Camara', 8),
(8121, 'Calogi', 8),
(8122, 'Cafe', 8),
(8123, 'Cachoeiro de Itapemirim', 8),
(8124, 'Cachoeirinha de Itauna', 8),
(8125, 'Burarama', 8),
(8126, 'Brejetuba', 8),
(8127, 'Braco do Rio', 8),
(8128, 'Bonsucesso', 8),
(8129, 'Bom Jesus do Norte', 8),
(8130, 'Boapaba', 8),
(8131, 'Boa Esperança', 8),
(8132, 'Bebedouro', 8),
(8133, 'Baunilha', 8),
(8134, 'Barra Seca', 8),
(8135, 'Barra Nova', 8),
(8136, 'Barra do Itapemirim', 8),
(8137, 'Barra de São Francisco', 8),
(8138, 'Barra de Novo Brasil', 8),
(8139, 'Baixo Guandu', 8),
(8140, 'Baia Nova', 8),
(8141, 'Atilio Vivacqua', 8),
(8142, 'Argolas', 8),
(8143, 'Ararai', 8),
(8144, 'Araguaia', 8),
(8145, 'Aracui', 8),
(8146, 'Aracruz', 8),
(8147, 'Arace', 8),
(8148, 'Aracatiba', 8),
(8149, 'Apiaca', 8),
(8150, 'Anutiba', 8),
(8151, 'Angelo Frechiani', 8),
(8152, 'Anchieta', 8),
(8153, 'Alto Santa Maria', 8),
(8154, 'Alto Rio Novo', 8),
(8155, 'Alto Mutum Preto', 8),
(8156, 'Alto Caldeirão', 8),
(8157, 'Alto Calcado', 8),
(8158, 'Alfredo Chaves', 8),
(8159, 'Alegre', 8),
(8160, 'Airituba', 8),
(8161, 'Aguia Branca', 8),
(8162, 'Água Doce do Norte', 8),
(8163, 'Agha', 8),
(8164, 'Afonso Claudio', 8),
(8165, 'Acioli', 8),
(8166, 'Taguatinga', 7),
(8167, 'Sobradinho', 7),
(8168, 'São Sebastião', 7),
(8169, 'Santa Maria', 7),
(8170, 'Samambaia', 7),
(8171, 'Riacho Fundo', 7),
(8172, 'Recanto das Emas', 7),
(8173, 'Planaltina', 7),
(8174, 'Paranoa', 7),
(8175, 'Núcleo Bandeirante', 7),
(8176, 'Lago Sul', 7),
(8177, 'Lago Norte', 7),
(8178, 'Guara', 7),
(8179, 'Gama', 7),
(8180, 'Cruzeiro', 7),
(8181, 'Ceilândia', 7),
(8182, 'Candangolândia', 7),
(8183, 'Brazlândia', 7),
(8184, 'Brasília', 7),
(8185, 'Vila Soares', 6),
(8186, 'Vicosa do Ceara', 6),
(8187, 'Vicosa', 6),
(8188, 'Vertentes do Lagedo', 6),
(8189, 'Ventura', 6),
(8190, 'Vazantes', 6),
(8191, 'Várzea do Gilo', 6),
(8192, 'Várzea da Volta', 6),
(8193, 'Várzea Alegre', 6),
(8194, 'Varzea', 6),
(8195, 'Varjota', 6),
(8196, 'Uruque', 6),
(8197, 'Uruoca', 6),
(8198, 'Uruburetama', 6),
(8199, 'Umirim', 6),
(8200, 'Umburanas', 6),
(8201, 'Umarituba', 6),
(8202, 'Umari', 6),
(8203, 'Uiraponga', 6),
(8204, 'Ubiracu', 6),
(8205, 'Ubauna', 6),
(8206, 'Ubajara', 6),
(8207, 'Tururu', 6),
(8208, 'Tuina', 6),
(8209, 'Tucuns', 6),
(8210, 'Tucunduba', 6),
(8211, 'Trussu', 6),
(8212, 'Troia', 6),
(8213, 'Trici', 6),
(8215, 'Trapia', 6),
(8216, 'Trairi', 6),
(8217, 'Tome', 6),
(8218, 'Tipi', 6),
(8219, 'Timonha', 6),
(8220, 'Tiangua', 6),
(8221, 'Tejucuoca', 6),
(8222, 'Taua', 6),
(8223, 'Tarrafas', 6),
(8224, 'Targinos', 6),
(8225, 'Tapuiara', 6),
(8226, 'Taperuaba', 6),
(8227, 'Tapera', 6),
(8228, 'Tanques', 6),
(8229, 'Tamboril', 6),
(8230, 'Taiba', 6),
(8231, 'Tabuleiro do Norte', 6),
(8232, 'Taboleiro', 6),
(8233, 'Tabainha', 6),
(8234, 'Sussuanha', 6),
(8235, 'Sucesso', 6),
(8236, 'Sucatinga', 6),
(8237, 'Suassurana', 6),
(8238, 'Solonopole', 6),
(8239, 'Soledade', 6),
(8240, 'Sobral', 6),
(8241, 'Siupe', 6),
(8242, 'Sitios Novos', 6),
(8243, 'Sitia', 6),
(8245, 'Serrote', 6),
(8247, 'Serrota', 6),
(8248, 'Serragem', 6),
(8249, 'Serra do Felix', 6),
(8250, 'Sereno de Cima', 6),
(8251, 'Senador Sa', 6),
(8252, 'Senador Pompeu', 6),
(8253, 'Senador Carlos Jereissati', 6),
(8254, 'Sebastião de Abreu', 6),
(8255, 'Sapupara', 6),
(8256, 'Sapo', 6),
(8258, 'São Vicente', 6),
(8259, 'São Sebastião', 6),
(8260, 'São Romão', 6),
(8262, 'São Pedro', 6),
(8263, 'São Paulo', 6),
(8265, 'São Miguel', 6),
(8266, 'São Luis do Curu', 6),
(8267, 'São José do Torto', 6),
(8268, 'São José de Solonopole', 6),
(8269, 'São José das Lontras', 6),
(8273, 'São José', 6),
(8274, 'São Joaquim do Salgado', 6),
(8275, 'São Joaquim', 6),
(8276, 'São João dos Queiroz', 6),
(8277, 'São João do Jaguaribe', 6),
(8278, 'São João de Deus', 6),
(8279, 'São Goncalo do Umari', 6),
(8280, 'São Goncalo do Amarante', 6),
(8281, 'São Gerardo', 6),
(8283, 'São Francisco', 6),
(8284, 'São Felipe', 6),
(8285, 'São Domingos', 6),
(8286, 'São Benedito', 6),
(8287, 'São Bartolomeu', 6),
(8288, 'Santo Antonio dos Fernandes', 6),
(8289, 'Santo Antonio da Pindoba', 6),
(8293, 'Santo Antonio', 6),
(8294, 'Santarem', 6),
(8295, 'Santana do Cariri', 6),
(8296, 'Santana do Acarau', 6),
(8297, 'Santana', 6),
(8299, 'Santa Tereza', 6),
(8300, 'Santa Quiteria', 6),
(8301, 'Santa Luzia', 6),
(8302, 'Santa Felicia', 6),
(8303, 'Santa Fé', 6),
(8304, 'Santa Ana', 6),
(8305, 'Sambaiba', 6),
(8306, 'Salitre', 6),
(8307, 'Salão', 6),
(8308, 'Sacramento', 6),
(8309, 'Saboeiro', 6),
(8310, 'Sabiaguaba', 6),
(8311, 'Russas', 6),
(8312, 'Roldão', 6),
(8313, 'Rinare', 6),
(8314, 'Riacho Vermelho', 6),
(8315, 'Riacho Verde', 6),
(8316, 'Riacho Grande', 6),
(8317, 'Riachão do Banabuiu', 6),
(8318, 'Reriutaba', 6),
(8319, 'Redenção', 6),
(8320, 'Raimundo Martins', 6),
(8321, 'Quixoa', 6),
(8322, 'Quixere', 6),
(8323, 'Quixeramobim', 6),
(8324, 'Quixelo', 6),
(8325, 'Quixariu', 6),
(8326, 'Quixada', 6),
(8327, 'Quiterianópolis', 6),
(8328, 'Quitaius', 6),
(8329, 'Quincunca', 6),
(8330, 'Quinçõe', 6),
(8331, 'Quimami', 6),
(8332, 'Queimadas', 6),
(8333, 'Quatiguaba', 6),
(8334, 'Prudente de Morais', 6),
(8335, 'Prata', 6),
(8336, 'Potiretama', 6),
(8337, 'Poti', 6),
(8338, 'Potengi', 6),
(8339, 'Porteiras', 6),
(8340, 'Porfirio Sampaio', 6),
(8341, 'Poranga', 6),
(8342, 'Ponta da Serra', 6),
(8343, 'Podimirim', 6),
(8344, 'Poço Grande', 6),
(8346, 'Poço Comprido', 6),
(8347, 'Poço', 6),
(8348, 'Placido Martins', 6),
(8349, 'Pitombeiras', 6),
(8350, 'Pitombeira', 6),
(8351, 'Pires Ferreira', 6),
(8352, 'Pirangi', 6),
(8353, 'Pirabibu', 6),
(8354, 'Piquet Carneiro', 6),
(8355, 'Pio X', 6),
(8356, 'Pindoretama', 6),
(8357, 'Pindoguaba', 6),
(8358, 'Pessoa Anta', 6),
(8359, 'Pernambuquinho', 6),
(8360, 'Pereiro', 6),
(8361, 'Pentecoste', 6),
(8362, 'Penaforte', 6),
(8363, 'Peixe Gordo', 6),
(8364, 'Peixe', 6),
(8365, 'Pedrinhas', 6),
(8366, 'Pedras', 6),
(8368, 'Pedra Branca', 6),
(8369, 'Pecem', 6),
(8370, 'Pavuna', 6),
(8371, 'Patriarca', 6),
(8372, 'Patacas', 6),
(8373, 'Pasta', 6),
(8374, 'Passagem Funda', 6),
(8376, 'Passagem', 6),
(8377, 'Paripueira', 6),
(8378, 'Parazinho', 6),
(8379, 'Parapui', 6),
(8380, 'Parangaba', 6),
(8381, 'Paramoti', 6),
(8382, 'Parambu', 6),
(8383, 'Parajuru', 6),
(8384, 'Paraipaba', 6),
(8385, 'Paracuru', 6),
(8386, 'Paracua', 6),
(8387, 'Panacui', 6),
(8388, 'Palmatoria', 6),
(8389, 'Palmacia', 6),
(8390, 'Palhano', 6),
(8391, 'Palestina do Norte', 6),
(8393, 'Palestina', 6),
(8394, 'Pajucara', 6),
(8395, 'Pajeu', 6),
(8396, 'Padre Vieira', 6),
(8397, 'Padre Linhares', 6),
(8398, 'Padre Cicero', 6),
(8399, 'Pacuja', 6),
(8400, 'Pacoti', 6),
(8401, 'Pacatuba', 6),
(8402, 'Pacajus', 6),
(8403, 'Oros', 6),
(8404, 'Oliveiras', 6),
(8405, 'Olho-D\'agua da Bica', 6),
(8406, 'Olho-D\'agua', 6),
(8408, 'Oiticica', 6),
(8409, 'Ocara', 6),
(8411, 'Novo Oriente', 6),
(8412, 'Novo Assis', 6),
(8413, 'Nova Vida', 6),
(8414, 'Nova Russas', 6),
(8415, 'Nova Olinda', 6),
(8416, 'Nova Floresta', 6),
(8417, 'Nova Fatima', 6),
(8419, 'Nova Betania', 6),
(8420, 'Nossa Senhora do Livramento', 6),
(8421, 'Nenenlândia', 6),
(8422, 'Nascente', 6),
(8423, 'Naraniu', 6),
(8424, 'Mutambeiras', 6),
(8425, 'Muriti', 6),
(8426, 'Muribeca', 6),
(8427, 'Mundau', 6),
(8428, 'Mumbaba', 6),
(8430, 'Mulungu', 6),
(8431, 'Mucambo', 6),
(8432, 'Morro Branco', 6),
(8433, 'Morrinhos Novos', 6),
(8434, 'Morrinhos', 6),
(8435, 'Moraujo', 6),
(8436, 'Morada Nova', 6),
(8437, 'Montenebo', 6),
(8438, 'Monte Sion', 6),
(8439, 'Monte Grave', 6),
(8440, 'Monte Castelo', 6),
(8442, 'Monte Alegre', 6),
(8443, 'Monsenhor Tabosa', 6),
(8444, 'Monguba', 6),
(8445, 'Mondubim', 6),
(8446, 'Mombaca', 6),
(8447, 'Moitas', 6),
(8448, 'Missi', 6),
(8449, 'Missão Velha', 6),
(8450, 'Missão Nova', 6),
(8451, 'Mirambe', 6),
(8452, 'Miraima', 6),
(8453, 'Miragem', 6),
(8454, 'Mineirolândia', 6),
(8455, 'Milton Belo', 6),
(8456, 'Milha', 6),
(8457, 'Milagres', 6),
(8458, 'Miguel Xavier', 6),
(8459, 'Messejana', 6),
(8460, 'Meruoca', 6),
(8461, 'Mel', 6),
(8462, 'Mauriti', 6),
(8463, 'Matriz', 6),
(8464, 'Matias', 6),
(8465, 'Mata Fresca', 6),
(8466, 'Massape', 6),
(8467, 'Martinopole', 6),
(8468, 'Marruas', 6),
(8469, 'Marrocos', 6),
(8470, 'Marrecas', 6),
(8471, 'Marinheiros', 6),
(8472, 'Marco', 6),
(8473, 'Mararupa', 6),
(8474, 'Maranguape', 6),
(8475, 'Maragua', 6),
(8476, 'Maracanau', 6),
(8477, 'Mapua', 6),
(8478, 'Manituba', 6),
(8479, 'Manibu', 6),
(8480, 'Mangabeira', 6),
(8481, 'Malhada Grande', 6),
(8482, 'Majorlândia', 6),
(8483, 'Major Simplicio', 6),
(8484, 'Madalena', 6),
(8485, 'Maceió', 6),
(8486, 'Macarau', 6),
(8487, 'Macaoca', 6),
(8488, 'Macambira', 6),
(8489, 'Logradouro', 6),
(8490, 'Livramento', 6),
(8491, 'Lisieux', 6),
(8492, 'Limoeiro do Norte', 6),
(8493, 'Lima Campos', 6),
(8494, 'Lavras da Mangabeira', 6),
(8495, 'Lameiro', 6),
(8496, 'Lambedouro', 6),
(8497, 'Lagoinha', 6),
(8500, 'Lagoa Grande', 6),
(8501, 'Lagoa dos Crioulos', 6),
(8502, 'Lagoa do Mato', 6),
(8503, 'Lagoa do Juvenal', 6),
(8504, 'Lagoa de São José', 6),
(8505, 'Ladeira Grande', 6),
(8506, 'Lacerda', 6),
(8507, 'Justiniano Serpa', 6),
(8508, 'Jurema', 6),
(8509, 'Jucas', 6),
(8510, 'Jubaia', 6),
(8511, 'Juazeiro do Norte', 6),
(8512, 'Juazeiro de Baixo', 6),
(8513, 'Juatama', 6),
(8515, 'Jua', 6),
(8516, 'José de Alencar', 6),
(8517, 'Jordão', 6),
(8518, 'João Cordeiro', 6),
(8519, 'Jijoca de Jericoacoara', 6),
(8520, 'Jati', 6),
(8521, 'Jardimirim', 6),
(8523, 'Jardim', 6),
(8524, 'Jandrangoeira', 6),
(8525, 'Jamacaru', 6),
(8526, 'Jaibaras', 6),
(8527, 'Jaguaruana', 6),
(8528, 'Jaguaribe', 6),
(8529, 'Jaguaribara', 6),
(8530, 'Jaguaretama', 6),
(8531, 'Jaguarão', 6),
(8532, 'Jacauna', 6),
(8533, 'Jacarecoara', 6),
(8534, 'Jacampari', 6),
(8535, 'Jaburuna', 6),
(8536, 'Itatira', 6),
(8537, 'Itarema', 6),
(8538, 'Itapo', 6),
(8539, 'Itapiuna', 6),
(8540, 'Itapipoca', 6),
(8541, 'Itapeim', 6),
(8542, 'Itapebussu', 6),
(8543, 'Itapage', 6),
(8544, 'Itans', 6),
(8545, 'Itaitinga', 6),
(8546, 'Itaipaba', 6),
(8547, 'Itaicaba', 6),
(8548, 'Itagua', 6),
(8549, 'Itacima', 6),
(8550, 'Isidoro', 6),
(8551, 'Iraucuba', 6),
(8552, 'Iratinga', 6),
(8553, 'Irapua', 6),
(8554, 'Iraja', 6),
(8555, 'Iracema', 6),
(8556, 'Ipueiras dos Gomes', 6),
(8557, 'Ipueiras', 6),
(8558, 'Ipu', 6),
(8559, 'Ipaumirim', 6),
(8560, 'Ipaporanga', 6),
(8561, 'Inhuporanga', 6),
(8562, 'Inhucu', 6),
(8563, 'Inhamuns', 6),
(8564, 'Ingazeiras', 6),
(8565, 'Independencia', 6),
(8566, 'Iguatu', 6),
(8567, 'Igaroi', 6),
(8568, 'Ideal', 6),
(8569, 'Icozinho', 6),
(8570, 'Ico', 6),
(8571, 'Icarai', 6),
(8572, 'Icapui', 6),
(8573, 'Ibuguaçú', 6),
(8574, 'Ibuacu', 6),
(8575, 'Iborepi', 6),
(8576, 'Ibicuitinga', 6),
(8577, 'Ibicuitaba', 6),
(8578, 'Ibicua', 6),
(8579, 'Ibicatu', 6),
(8580, 'Ibiapina', 6),
(8581, 'Ibiapaba', 6),
(8582, 'Ibaretama', 6),
(8583, 'Iara', 6),
(8584, 'Iapi', 6),
(8585, 'Horizonte', 6),
(8586, 'Holanda', 6),
(8587, 'Hidrolândia', 6),
(8588, 'Guriu', 6),
(8589, 'Guia', 6),
(8590, 'Guassosse', 6),
(8591, 'Guassi', 6),
(8592, 'Guararu', 6),
(8593, 'Guaramiranga', 6),
(8594, 'Guaraciaba do Norte', 6),
(8595, 'Guanaces', 6),
(8596, 'Guajiru', 6),
(8597, 'Guaiuba', 6),
(8598, 'Groairas', 6),
(8599, 'Granjeiro', 6),
(8600, 'Granja', 6),
(8601, 'Graca', 6),
(8602, 'Girau', 6),
(8603, 'Giqui', 6),
(8604, 'Gererau', 6),
(8605, 'Genipapeiro', 6),
(8606, 'General Tiburcio', 6),
(8607, 'General Sampaio', 6),
(8608, 'Gazea', 6),
(8609, 'Garcas', 6),
(8610, 'Gameleira de São Sebastião', 6),
(8611, 'Gado dos Rodrigues', 6),
(8612, 'Gado', 6),
(8613, 'Frecheirinha', 6),
(8614, 'Fortim', 6),
(8615, 'Fortaleza', 6),
(8616, 'Forquilha', 6),
(8618, 'Flores', 6),
(8619, 'Flamengo', 6),
(8620, 'Felizardo', 6),
(8621, 'Feitosa', 6),
(8622, 'Feiticeiro', 6),
(8623, 'Fatima', 6),
(8624, 'Farias Brito', 6),
(8625, 'Eusebio', 6),
(8626, 'Espinho', 6),
(8627, 'Esperança', 6),
(8628, 'Espacinha', 6),
(8629, 'Erere', 6),
(8630, 'Engenho Velho', 6),
(8631, 'Engenheiro José Lopes', 6),
(8632, 'Engenheiro João Tome', 6),
(8633, 'Encantado', 6),
(8634, 'Ematuba', 6),
(8635, 'Ema', 6),
(8636, 'Ebron', 6),
(8637, 'Dourados', 6),
(8638, 'Donato', 6),
(8639, 'Domingos da Costa', 6),
(8640, 'Dom Quintino', 6),
(8641, 'Dom Mauricio', 6),
(8642, 'Dom Leme', 6),
(8643, 'Deserto', 6),
(8644, 'Deputado Irapuan Pinheiro', 6),
(8645, 'Delmiro Gouveia', 6),
(8646, 'Daniel de Queiros', 6),
(8647, 'Custodio', 6),
(8648, 'Curupira', 6),
(8649, 'Curatis', 6),
(8650, 'Cuncas', 6),
(8651, 'Cruzeirinho', 6),
(8652, 'Cruz de Pedra', 6),
(8654, 'Cruz', 6),
(8655, 'Cruxati', 6),
(8658, 'Croata', 6),
(8659, 'Cristais', 6),
(8660, 'Crioulos', 6),
(8661, 'Crato', 6),
(8662, 'Crateus', 6),
(8663, 'Corrego dos Fernandes', 6),
(8664, 'Coreau', 6),
(8665, 'Conceição', 6),
(8666, 'Colina', 6),
(8667, 'Coite', 6),
(8668, 'Codia', 6),
(8669, 'Cococi', 6),
(8670, 'Cipo dos Anjos', 6),
(8671, 'Chorozinho', 6),
(8672, 'Choro', 6),
(8673, 'Chaval', 6),
(8674, 'Cemoaba', 6),
(8675, 'Cedro', 6),
(8677, 'Caxitore', 6),
(8678, 'Caucaia', 6),
(8679, 'Catunda', 6),
(8680, 'Catuana', 6),
(8681, 'Catole', 6),
(8682, 'Catarina', 6),
(8683, 'Castanhão', 6),
(8684, 'Cascavel', 6),
(8685, 'Carvoeiro', 6),
(8686, 'Carvalho', 6),
(8687, 'Caruatai', 6),
(8688, 'Carrapateiras', 6),
(8689, 'Carquejo', 6),
(8690, 'Carnaubinha', 6),
(8691, 'Carnaubas', 6),
(8692, 'Carnaubal', 6),
(8693, 'Carmelópolis', 6),
(8694, 'Cariutaba', 6),
(8695, 'Carius', 6),
(8696, 'Caririacu', 6),
(8697, 'Carire', 6),
(8698, 'Caridade', 6),
(8699, 'Caracara', 6),
(8700, 'Caponga da Bernarda', 6),
(8701, 'Caponga', 6),
(8702, 'Capistrano', 6),
(8705, 'Canindezinho', 6),
(8706, 'Caninde', 6),
(8708, 'Cangati', 6),
(8710, 'Canafistula', 6),
(8711, 'Canaan', 6),
(8712, 'Campos Sales', 6),
(8713, 'Campestre', 6),
(8714, 'Campanario', 6),
(8715, 'Camocim', 6),
(8716, 'Camilos', 6),
(8717, 'Camboas', 6),
(8718, 'Camara', 6),
(8719, 'California', 6),
(8720, 'Caldeirão', 6),
(8721, 'Calabaca', 6),
(8722, 'Caipu', 6),
(8723, 'Caioca', 6),
(8724, 'Caio Prado', 6),
(8725, 'Caicarinha', 6),
(8726, 'Caicara', 6),
(8727, 'Cachoeira Grande', 6),
(8728, 'Cachoeira', 6),
(8729, 'Cabreiro', 6),
(8730, 'Buritizinho', 6),
(8731, 'Buritizal', 6),
(8732, 'Brotas', 6),
(8733, 'Brejo Santo', 6),
(8734, 'Brejo Grande', 6),
(8735, 'Brejinho', 6),
(8736, 'Borges', 6),
(8737, 'Bonito', 6),
(8738, 'Bonhu', 6),
(8740, 'Bonfim', 6),
(8741, 'Boa Vista do Caxitore', 6),
(8743, 'Boa Vista', 6),
(8744, 'Boa Viagem', 6),
(8745, 'Boa Esperança', 6),
(8746, 'Boa Água', 6),
(8747, 'Bixopa', 6),
(8748, 'Bitupita', 6),
(8751, 'Betania', 6),
(8752, 'Bela Vista', 6),
(8753, 'Bela Cruz', 6),
(8754, 'Beberibe', 6),
(8755, 'Bau', 6),
(8756, 'Baturite', 6),
(8757, 'Barroquinha', 6),
(8758, 'Barro Alto', 6),
(8759, 'Barro', 6),
(8760, 'Barrento', 6),
(8763, 'Barreiros', 6),
(8764, 'Barreiras', 6),
(8765, 'Barreira dos Vianas', 6),
(8766, 'Barreira', 6),
(8767, 'Barra Nova', 6),
(8768, 'Barra do Sotero', 6),
(8771, 'Barra', 6),
(8772, 'Barbalha', 6),
(8773, 'Barão de Aquiraz', 6),
(8774, 'Bandeira', 6),
(8775, 'Banabuiu', 6),
(8776, 'Baixio da Donana', 6),
(8777, 'Baixio', 6),
(8778, 'Baixa Grande', 6),
(8779, 'Aurora', 6),
(8781, 'Assunção', 6),
(8782, 'Assare', 6),
(8783, 'Aruaru', 6),
(8784, 'Arrojado', 6),
(8785, 'Aroeiras', 6),
(8786, 'Arneiroz', 6),
(8787, 'Ariscos dos Marianos', 6),
(8788, 'Areial', 6),
(8789, 'Aratuba', 6),
(8790, 'Araticum', 6),
(8791, 'Aratama', 6),
(8792, 'Ararius', 6),
(8793, 'Araripe', 6),
(8794, 'Ararenda', 6),
(8795, 'Araquem', 6),
(8796, 'Araporanga', 6),
(8797, 'Arapari', 6),
(8798, 'Arapa', 6),
(8799, 'Aranau', 6),
(8800, 'Arajara', 6),
(8801, 'Aracoiaba', 6),
(8802, 'Aracatiara', 6),
(8803, 'Aracatiacu', 6),
(8804, 'Aracati', 6),
(8805, 'Aracas', 6),
(8806, 'Aquiraz', 6),
(8807, 'Aquinópolis', 6),
(8808, 'Apuiares', 6),
(8809, 'Aprazivel', 6),
(8810, 'Antonio Marques', 6),
(8811, 'Antonio Diogo', 6),
(8812, 'Antonio Bezerra', 6),
(8813, 'Antonina do Norte', 6),
(8814, 'Anjinhos', 6),
(8815, 'Aningas', 6),
(8816, 'Anaua', 6),
(8817, 'Amontada', 6),
(8818, 'America', 6),
(8819, 'Amaro', 6),
(8820, 'Amarelas', 6),
(8821, 'Amaniutuba', 6),
(8822, 'Amanari', 6),
(8823, 'Amanaiara', 6),
(8824, 'Alto Santo', 6),
(8825, 'Altaneira', 6),
(8826, 'Almofala', 6),
(8827, 'Algodoes', 6),
(8828, 'Alcantaras', 6),
(8830, 'Alagoinha', 6),
(8831, 'Aiuaba', 6),
(8832, 'Aiua', 6),
(8833, 'Águai', 6),
(8834, 'Água Verde', 6),
(8835, 'Adrianópolis', 6),
(8836, 'Acopiara', 6),
(8837, 'Acarau', 6),
(8838, 'Acarape', 6),
(8839, 'Abilio Martins', 6),
(8840, 'Abaiara', 6),
(8841, 'Xique-Xique', 5),
(8842, 'Wenceslau Guimaraes', 5),
(8843, 'Wanderley', 5),
(8844, 'Wagner', 5),
(8845, 'Volta Grande', 5),
(8846, 'Vitoria da Conquista', 5),
(8847, 'Vila do Cafe', 5),
(8848, 'Vereda', 5),
(8849, 'Vera Cruz', 5),
(8850, 'Ventura', 5),
(8851, 'Velha Boipeba', 5),
(8852, 'Varzedo', 5),
(8853, 'Varzeas', 5),
(8854, 'Várzea Nova', 5),
(8855, 'Várzea do Poço', 5),
(8856, 'Várzea do Cerco', 5),
(8857, 'Várzea do Caldas', 5),
(8858, 'Várzea da Roca', 5),
(8859, 'Valente', 5),
(8860, 'Valenca', 5),
(8861, 'Vale Verde', 5),
(8862, 'Utinga', 5),
(8863, 'Urucuca', 5),
(8864, 'Urandi', 5),
(8865, 'Una', 5),
(8866, 'Umbuzeiro', 5),
(8867, 'Umburanas', 5),
(8868, 'Uibai', 5),
(8869, 'Ubiraita', 5),
(8870, 'Ubiracaba', 5),
(8871, 'Ubata', 5),
(8872, 'Ubaitaba', 5),
(8873, 'Ubaira', 5),
(8874, 'Uaua', 5),
(8875, 'Tucano', 5),
(8876, 'Triunfo do Sincora', 5),
(8877, 'Tremedal', 5),
(8878, 'Tiquarucu', 5),
(8879, 'Tijuacu', 5),
(8880, 'Terra Nova', 5),
(8881, 'Teolândia', 5),
(8882, 'Teofilândia', 5),
(8883, 'Teodoro Sampaio', 5),
(8884, 'Teixeira de Freitas', 5),
(8885, 'Tauape', 5),
(8886, 'Tartaruga', 5),
(8887, 'Taquarinha', 5),
(8888, 'Taquarendi', 5),
(8889, 'Tapuia', 5),
(8890, 'Tapiranga', 5),
(8891, 'Tapiramuta', 5),
(8892, 'Tapirama', 5),
(8893, 'Tapiraipe', 5),
(8894, 'Taperoa', 5),
(8895, 'Tanquinho do Poço', 5),
(8896, 'Tanquinho', 5),
(8897, 'Tanque Novo', 5),
(8898, 'Tanhacu', 5),
(8899, 'Tamburil', 5),
(8900, 'Tagua', 5),
(8901, 'Taboquinhas', 5),
(8902, 'Taboleiro do Castro', 5),
(8903, 'Tabocas do Brejo Velho', 5),
(8904, 'Sussuarana', 5),
(8905, 'Subauma', 5),
(8906, 'Souto Soares', 5),
(8907, 'Sobradinho', 5),
(8908, 'Soares', 5),
(8909, 'Sitio Novo', 5),
(8910, 'Sitio Grande', 5),
(8911, 'Sitio do Quinto', 5),
(8912, 'Sitio do Meio', 5),
(8913, 'Sitio do Mato', 5),
(8914, 'Sitio da Barauna', 5),
(8915, 'Simoes Filho', 5),
(8916, 'Serrolândia', 5),
(8917, 'Serrinha', 5),
(8918, 'Serra Preta', 5),
(8920, 'Serra Grande', 5),
(8921, 'Serra Dourada', 5),
(8922, 'Serra do Ramalho', 5),
(8923, 'Serra da Canabrava', 5),
(8924, 'Sergi', 5),
(8925, 'Sento Se', 5),
(8926, 'Senhor do Bonfim', 5),
(8927, 'Sebastião Laranjeiras', 5),
(8928, 'Seabra', 5),
(8929, 'Saude', 5),
(8930, 'Saudavel', 5),
(8931, 'Saubara', 5),
(8932, 'Satiro Dias', 5),
(8933, 'Sapeacu', 5),
(8934, 'São Timoteo', 5),
(8935, 'São Sebastião do Passe', 5),
(8936, 'São Roque do Paraguaçú', 5),
(8937, 'São Paulinho', 5),
(8938, 'São Miguel das Matas', 5),
(8939, 'São José do Rio Grande', 5),
(8940, 'São José do Prado', 5),
(8941, 'São José do Jacuipe', 5),
(8942, 'São José do Colonia', 5),
(8943, 'São José da Vitoria', 5),
(8944, 'São João da Vitoria', 5),
(8945, 'São João da Fortaleza', 5),
(8946, 'São Goncalo dos Campos', 5),
(8947, 'São Gabriel', 5),
(8948, 'São Francisco do Conde', 5),
(8949, 'São Felix do Coribe', 5),
(8950, 'São Felix', 5),
(8951, 'São Felipe', 5),
(8952, 'São Domingos', 5),
(8953, 'São Desiderio', 5),
(8954, 'Santo Inacio', 5),
(8955, 'Santo Estevão', 5),
(8956, 'Santo Antonio de Jesus', 5),
(8957, 'Santo Antonio de Barcelona', 5),
(8958, 'Santo Amaro', 5),
(8959, 'Santiago do Iguape', 5),
(8960, 'Santanópolis', 5),
(8961, 'Santana do Sobrado', 5),
(8962, 'Santana', 5),
(8963, 'Santaluz', 5),
(8964, 'Santa Terezinha', 5),
(8965, 'Santa Rita de Cassia', 5),
(8966, 'Santa Maria da Vitoria', 5),
(8967, 'Santa Luzia', 5),
(8968, 'Santa Ines', 5),
(8969, 'Santa Cruz da Vitoria', 5),
(8970, 'Santa Cruz Cabralia', 5),
(8971, 'Santa Brigida', 5),
(8972, 'Santa Barbara', 5),
(8973, 'Sambaiba', 5),
(8974, 'Salvador', 5),
(8975, 'Salobro', 5),
(8976, 'Salobrinho', 5),
(8977, 'Salinas da Margarida', 5),
(8978, 'Salgadalia', 5),
(8979, 'Saldanha', 5),
(8980, 'Ruy Barbosa', 5),
(8981, 'Rodelas', 5),
(8982, 'Rio Real', 5),
(8983, 'Rio Fundo', 5),
(8984, 'Rio do Pires', 5),
(8985, 'Rio do Meio', 5),
(8986, 'Rio do Braco', 5),
(8987, 'Rio do Antonio', 5),
(8988, 'Rio de Contas', 5),
(8989, 'Rio da Dona', 5),
(8990, 'Ribeirão do Salto', 5),
(8991, 'Ribeirão do Largo', 5),
(8992, 'Ribeira do Pombal', 5),
(8993, 'Ribeira do Amparo', 5),
(8994, 'Riacho Seco', 5),
(8995, 'Riacho de Santana', 5),
(8996, 'Riacho da Guia', 5),
(8997, 'Riachão do Utinga', 5),
(8998, 'Riachão do Jacuipe', 5),
(8999, 'Riachão das Neves', 5),
(9000, 'Retirolândia', 5),
(9001, 'Remedios', 5),
(9002, 'Remanso', 5),
(9003, 'Recife', 5),
(9004, 'Rafael Jambeiro', 5),
(9005, 'Quixabeira', 5),
(9006, 'Quixaba', 5),
(9007, 'Quijingue', 5),
(9008, 'Queimadas', 5),
(9009, 'Quaracu', 5),
(9010, 'Prevenido', 5),
(9011, 'Presidente Tancredo Neves', 5),
(9012, 'Presidente Janio Quadros', 5),
(9013, 'Presidente Dutra', 5),
(9014, 'Prado', 5),
(9015, 'Poxim do Sul', 5),
(9016, 'Potiragua', 5),
(9017, 'Posto da Mata', 5),
(9018, 'Porto Seguro', 5),
(9019, 'Porto Novo', 5),
(9020, 'Ponto Novo', 5),
(9021, 'Ponta da Areia', 5),
(9022, 'Polo Petroquimico de Camacari', 5),
(9023, 'Pojuca', 5),
(9024, 'Poços', 5),
(9025, 'Poções', 5),
(9026, 'Poço de Fora', 5),
(9027, 'Poço Central', 5),
(9028, 'Planalto', 5),
(9029, 'Planaltino', 5),
(9030, 'Pituba', 5),
(9031, 'Piritiba', 5),
(9032, 'Piripa', 5),
(9033, 'Piri', 5),
(9034, 'Pirajuia', 5),
(9035, 'Piraja', 5),
(9036, 'Pirai do Norte', 5),
(9037, 'Piragi', 5),
(9038, 'Pintadas', 5),
(9039, 'Pinhões', 5),
(9040, 'Pindobacu', 5),
(9041, 'Pindai', 5),
(9042, 'Pimenteira', 5),
(9043, 'Pilão Arcado', 5),
(9044, 'Picarrão', 5),
(9045, 'Piata', 5),
(9046, 'Piabanha', 5),
(9047, 'Petim', 5),
(9048, 'Peixe', 5),
(9049, 'Pedro Alexandre', 5),
(9050, 'Pedras Altas do Mirim', 5),
(9051, 'Pedrão', 5),
(9052, 'Pé de Serra', 5),
(9053, 'Paulo Afonso', 5),
(9054, 'Pau Brasil', 5),
(9055, 'Pau A Pique', 5),
(9056, 'Patamute', 5),
(9057, 'Pataiba', 5),
(9058, 'Paripiranga', 5),
(9059, 'Paratinga', 5),
(9060, 'Parateca', 5),
(9061, 'Paramirim', 5),
(9062, 'Parafuso', 5),
(9063, 'Palmeiras', 5),
(9064, 'Palmas de Monte Alto', 5),
(9065, 'Palame', 5),
(9066, 'Pajeu do Vento', 5),
(9067, 'Paiol', 5),
(9068, 'Outeiro Redondo', 5),
(9069, 'Ourolândia', 5),
(9070, 'Ouricuri do Ouro', 5),
(9071, 'Ouricangas', 5),
(9072, 'Ouricana', 5),
(9073, 'Oriente Novo', 5),
(9074, 'Onha', 5),
(9075, 'Olivenca', 5),
(9076, 'Oliveira dos Brejinhos', 5),
(9077, 'Olindina', 5),
(9078, 'Olhos D\'agua do Serafim', 5),
(9079, 'Olhos D\'agua do Seco', 5),
(9080, 'Nuguaçú', 5),
(9081, 'Núcleo Residencial Pilar', 5),
(9082, 'Novo Triunfo', 5),
(9083, 'Novo Horizonte', 5),
(9084, 'Novo Acre', 5),
(9085, 'Nova Vicosa', 5),
(9086, 'Nova Soure', 5),
(9087, 'Nova Redenção', 5),
(9088, 'Nova Lidice', 5),
(9089, 'Nova Itarana', 5),
(9090, 'Nova Itaipe', 5),
(9091, 'Nova Ibia', 5),
(9092, 'Nova Fatima', 5),
(9093, 'Nova Canaa', 5),
(9094, 'Nova Brasilia', 5),
(9095, 'Nova Alegria', 5),
(9096, 'Nordestina', 5),
(9097, 'Nilo Pecanha', 5),
(9098, 'Nazaré', 5),
(9099, 'Narandiba', 5),
(9100, 'Nage', 5),
(9101, 'Mutuipe', 5),
(9102, 'Mutas', 5),
(9103, 'Muritiba', 5),
(9104, 'Muquem do São Francisco', 5),
(9105, 'Muniz Ferreira', 5),
(9106, 'Mundo Novo', 5),
(9107, 'Mulungu do Morro', 5),
(9108, 'Mucuri', 5),
(9109, 'Mucuge', 5),
(9110, 'Mortugaba', 5),
(9111, 'Morro do Chapeu', 5),
(9112, 'Morro de São Paulo', 5),
(9113, 'Morro das Flores', 5),
(9114, 'Morrinhos', 5),
(9115, 'Morpara', 5),
(9116, 'Monte Santo', 5),
(9117, 'Monte Reconcavo', 5),
(9118, 'Monte Gordo', 5),
(9119, 'Monte Cruzeiro', 5),
(9120, 'Mogiquicaba', 5),
(9121, 'Mocambo', 5),
(9122, 'Mirante', 5),
(9123, 'Mirangaba', 5),
(9124, 'Miranga', 5),
(9125, 'Mirandela', 5),
(9126, 'Minas do Mimoso', 5),
(9127, 'Minas do Espirito Santo', 5),
(9128, 'Mimoso do Oeste', 5),
(9129, 'Milagres', 5),
(9130, 'Miguel Calmon', 5),
(9131, 'Medeiros Neto', 5),
(9132, 'Matinha', 5),
(9133, 'Matina', 5),
(9134, 'Mataripe', 5),
(9135, 'Mata de São João', 5),
(9136, 'Mata da Alianca', 5),
(9137, 'Massaroca', 5),
(9138, 'Massacara', 5),
(9139, 'Mascote', 5),
(9140, 'Mariquita', 5),
(9141, 'Maricoabo', 5),
(9142, 'Maria Quiteria', 5),
(9143, 'Marcolino Moura', 5),
(9144, 'Marcionilio Souza', 5),
(9145, 'Marau', 5),
(9146, 'Maragogipinho', 5),
(9147, 'Maragogipe', 5),
(9148, 'Maracas', 5),
(9149, 'Mar Grande', 5),
(9150, 'Mantiba', 5),
(9151, 'Mansidão', 5),
(9152, 'Manoel Vitorino', 5),
(9153, 'Maniacu', 5),
(9154, 'Mangue Seco', 5),
(9155, 'Mandiroba', 5),
(9156, 'Malhada de Pedras', 5),
(9157, 'Malhada', 5),
(9158, 'Mairi', 5),
(9159, 'Maiquinique', 5),
(9160, 'Maetinga', 5),
(9161, 'Madre de Deus', 5),
(9162, 'Macurure', 5),
(9163, 'Macaubas', 5),
(9164, 'Macarani', 5),
(9165, 'Macajuba', 5),
(9166, 'Lustosa', 5),
(9167, 'Luis Viana', 5),
(9168, 'Lucaia', 5),
(9169, 'Livramento do Brumado', 5),
(9170, 'Limoeiro do Bom Viver', 5),
(9171, 'Licinio de Almeida', 5),
(9172, 'Lencois', 5),
(9173, 'Lauro de Freitas', 5),
(9174, 'Largo', 5),
(9175, 'Lapão', 5),
(9176, 'Lamarão do Passe', 5),
(9177, 'Lamarão', 5),
(9178, 'Lajedo do Tabocal', 5),
(9179, 'Lajedo Alto', 5),
(9180, 'Lajedinho', 5),
(9181, 'Lajedão', 5),
(9182, 'Laje do Banco', 5),
(9183, 'Laje', 5),
(9184, 'Lagoa Real', 5),
(9185, 'Lagoa Preta', 5),
(9186, 'Lagoa José Luis', 5),
(9188, 'Lagoa Grande', 5),
(9189, 'Lagoa do Boi', 5),
(9190, 'Lagoa de Melquiades', 5),
(9191, 'Lagoa Clara', 5),
(9192, 'Lafaiete Coutinho', 5),
(9193, 'Km Sete', 5),
(9194, 'Jussiape', 5),
(9195, 'Jussari', 5),
(9196, 'Jussara', 5),
(9197, 'Juremal', 5),
(9198, 'Juraci', 5),
(9199, 'Jupagua', 5),
(9200, 'Junco', 5),
(9201, 'Juerana', 5),
(9202, 'Jucurucu', 5),
(9203, 'Juazeiro', 5),
(9204, 'Juacema', 5),
(9205, 'José Goncalves', 5),
(9206, 'João Dourado', 5),
(9207, 'João Correia', 5),
(9208, 'João Amaro', 5),
(9209, 'Jitauna', 5),
(9210, 'Jiribatuba', 5),
(9211, 'Jeremoabo', 5),
(9212, 'Jequirica', 5),
(9213, 'Jequie', 5),
(9214, 'Jaua', 5),
(9215, 'Japu', 5),
(9216, 'Japomirim', 5),
(9217, 'Jandaira', 5),
(9218, 'Jaiba', 5),
(9219, 'Jaguaripe', 5),
(9220, 'Jaguarari', 5),
(9221, 'Jaguara', 5),
(9222, 'Jaguaquara', 5),
(9223, 'Jacuruna', 5),
(9224, 'Jacuipe', 5),
(9225, 'Jacu', 5),
(9226, 'Jacobina', 5),
(9227, 'Jacaraci', 5),
(9228, 'Jaborandi', 5),
(9229, 'Iuiu', 5),
(9230, 'Itupeva', 5),
(9231, 'Itubera', 5),
(9232, 'Ituacu', 5),
(9233, 'Itororo', 5),
(9234, 'Itiuba', 5),
(9235, 'Itirucu', 5),
(9236, 'Itatingui', 5),
(9237, 'Itatim', 5),
(9238, 'Itati', 5),
(9239, 'Itarantim', 5),
(9240, 'Itaquarai', 5),
(9241, 'Itaquara', 5),
(9242, 'Itapura', 5),
(9243, 'Itapora', 5),
(9244, 'Itapitanga', 5),
(9245, 'Itapirema', 5),
(9246, 'Itapicuru', 5),
(9247, 'Itapetinga', 5),
(9248, 'Itapeipu', 5),
(9249, 'Itapebi', 5),
(9250, 'Itape', 5),
(9251, 'Itaparica', 5),
(9252, 'Itanhi', 5),
(9253, 'Itanhem', 5),
(9254, 'Itanagra', 5),
(9255, 'Itanage', 5),
(9256, 'Itamotinga', 5),
(9257, 'Itamira', 5),
(9258, 'Itambe', 5),
(9259, 'Itamari', 5),
(9260, 'Itamaraju', 5),
(9261, 'Itajuru', 5),
(9262, 'Itajuipe', 5),
(9263, 'Itajubaquara', 5),
(9264, 'Itaju do Colonia', 5),
(9265, 'Itajai', 5),
(9266, 'Itaitu', 5),
(9267, 'Itaipu', 5),
(9268, 'Itaibo', 5),
(9269, 'Itaia', 5),
(9270, 'Itaguaçú da Bahia', 5),
(9271, 'Itagimirim', 5),
(9272, 'Itagiba', 5),
(9273, 'Itagi', 5),
(9274, 'Itaete', 5),
(9275, 'Itacimirim', 5),
(9276, 'Itachama', 5),
(9277, 'Itacava', 5),
(9278, 'Itacare', 5),
(9279, 'Itabuna', 5),
(9280, 'Itaberaba', 5),
(9281, 'Itabela', 5),
(9282, 'Ita-Azul', 5),
(9283, 'Irundiara', 5),
(9284, 'Irece', 5),
(9285, 'Irara', 5),
(9286, 'Iraquara', 5),
(9287, 'Iraporanga', 5),
(9288, 'Iramaia', 5),
(9289, 'Irajuba', 5),
(9290, 'Ipupiara', 5),
(9291, 'Ipucaba', 5),
(9292, 'Ipiuna', 5),
(9293, 'Ipira', 5),
(9294, 'Ipiau', 5),
(9295, 'Ipecaeta', 5),
(9296, 'Inubia', 5),
(9297, 'Inhobim', 5),
(9298, 'Inhaumas', 5),
(9299, 'Inhata', 5),
(9300, 'Inhambupe', 5),
(9301, 'Inema', 5),
(9302, 'Indai', 5),
(9303, 'Ilheus', 5),
(9304, 'Ilha de Mare', 5),
(9305, 'Iguitu', 5),
(9306, 'Iguira', 5),
(9307, 'Iguatemi', 5),
(9308, 'Iguaibi', 5),
(9309, 'Iguai', 5),
(9310, 'Igua', 5),
(9311, 'Igrapiuna', 5),
(9312, 'Igatu', 5),
(9313, 'Igarite', 5),
(9314, 'Igara', 5),
(9315, 'Igapora', 5),
(9316, 'Ico', 5),
(9317, 'Ichu', 5),
(9318, 'Ibotirama', 5),
(9319, 'Ibo', 5),
(9320, 'Ibitupa', 5),
(9321, 'Ibitunane', 5),
(9322, 'Ibitita', 5),
(9323, 'Ibitira', 5),
(9324, 'Ibitiguira', 5),
(9325, 'Ibitiara', 5),
(9326, 'Ibirataia', 5),
(9327, 'Ibirapua', 5),
(9328, 'Ibirapitanga', 5),
(9329, 'Ibiranhem', 5),
(9330, 'Ibiraja', 5),
(9331, 'Ibiraba', 5),
(9332, 'Ibiquera', 5),
(9333, 'Ibipitanga', 5),
(9334, 'Ibipetum', 5),
(9335, 'Ibipeba', 5),
(9336, 'Ibicui', 5),
(9337, 'Ibicoara', 5),
(9338, 'Ibicarai', 5),
(9339, 'Ibiassuce', 5),
(9340, 'Ibiapora', 5),
(9341, 'Ibiajara', 5),
(9342, 'Ibiacu', 5),
(9343, 'Ibatui', 5),
(9344, 'Iacu', 5),
(9345, 'Humildes', 5),
(9346, 'Hidrolândia', 5),
(9347, 'Helvecia', 5),
(9348, 'Heliópolis', 5),
(9349, 'Gurupa Mirim', 5),
(9350, 'Guirapa', 5),
(9351, 'Guine', 5),
(9352, 'Guerem', 5),
(9353, 'Guaratinga', 5),
(9354, 'Guarajuba', 5),
(9355, 'Guapira', 5),
(9356, 'Guanambi', 5),
(9357, 'Guajeru', 5),
(9358, 'Guai', 5),
(9359, 'Guagirus', 5),
(9360, 'Governador Mangabeira', 5),
(9361, 'Governador João Durval Carneiro', 5),
(9362, 'Gongogi', 5),
(9363, 'Gloria', 5),
(9364, 'Geolândia', 5),
(9365, 'Gentio do Ouro', 5),
(9366, 'Gavião', 5),
(9367, 'Gandu', 5),
(9368, 'Gameleira do Assurua', 5),
(9369, 'Gameleira da Lapa', 5),
(9370, 'Gamboa', 5),
(9371, 'Galeão', 5),
(9372, 'Gabiarra', 5),
(9373, 'Franca', 5),
(9374, 'Formosa do Rio Preto', 5),
(9375, 'Floresta Azul', 5),
(9376, 'Firmino Alves', 5),
(9377, 'Filanesia', 5),
(9378, 'Filadelfia', 5),
(9379, 'Ferradas', 5),
(9380, 'Feira de Santana', 5),
(9381, 'Feira da Mata', 5),
(9382, 'Fatima', 5),
(9383, 'Eunapolis', 5),
(9384, 'Euclides da Cunha', 5),
(9385, 'Esplanada', 5),
(9386, 'Erico Cardoso', 5),
(9387, 'Entre Rios', 5),
(9388, 'Engenheiro Pontes', 5),
(9389, 'Engenheiro Franca', 5),
(9390, 'Encruzilhada', 5),
(9391, 'Elisio Medrado', 5),
(9392, 'Duas Barras do Morro', 5),
(9393, 'Dona Maria', 5),
(9394, 'Dom Macedo Costa', 5),
(9395, 'Dom Basilio', 5),
(9396, 'Diogenes Sampaio', 5),
(9397, 'Dias D Avila', 5),
(9398, 'Dias Coelho', 5),
(9399, 'Descoberto', 5),
(9400, 'Delfino', 5),
(9401, 'Dario Meira', 5),
(9402, 'Curral Falso', 5),
(9403, 'Curaca', 5),
(9404, 'Cunhangi', 5),
(9405, 'Cumuruxatiba', 5),
(9406, 'Cruz das Almas', 5),
(9407, 'Crussai', 5),
(9408, 'Cristópolis', 5),
(9409, 'Cristalândia', 5),
(9410, 'Crisópolis', 5),
(9411, 'Cravolândia', 5),
(9412, 'Coutos', 5),
(9413, 'Cotegipe', 5),
(9414, 'Corta Mão', 5),
(9415, 'Correntina', 5),
(9416, 'Coronel João Sa', 5),
(9417, 'Coribe', 5),
(9418, 'Cordeiros', 5),
(9419, 'Coração de Maria', 5),
(9420, 'Coquinhos', 5),
(9421, 'Coqueiros', 5),
(9422, 'Copixaba', 5),
(9423, 'Contendas do Sincora', 5),
(9424, 'Condeuba', 5),
(9425, 'Conde', 5),
(9426, 'Conceição do Jacuipe', 5),
(9427, 'Conceição do Coite', 5),
(9428, 'Conceição do Almeida', 5),
(9429, 'Conceição da Feira', 5),
(9430, 'Comercio', 5),
(9431, 'Colonia', 5),
(9432, 'Cocos', 5),
(9433, 'Coaraci', 5),
(9434, 'Cipo', 5),
(9435, 'Cinco Rios', 5),
(9436, 'Cicero Dantas', 5),
(9437, 'Chorrocho', 5),
(9438, 'Ceraima', 5),
(9439, 'Central', 5),
(9440, 'Cavunge', 5),
(9441, 'Caturama', 5),
(9442, 'Catu de Abrantes', 5),
(9443, 'Catu', 5),
(9444, 'Catolezinho', 5),
(9445, 'Catoles', 5),
(9446, 'Catolândia', 5),
(9447, 'Catingal', 5),
(9448, 'Catinga do Moura', 5),
(9449, 'Castro Alves', 5),
(9450, 'Castelo Novo', 5),
(9451, 'Casa Nova', 5),
(9452, 'Carrapichel', 5),
(9453, 'Carnaiba do Sertão', 5),
(9454, 'Caripare', 5),
(9455, 'Carinhanha', 5),
(9456, 'Cardeal da Silva', 5),
(9457, 'Caravelas', 5),
(9458, 'Caraiva', 5),
(9459, 'Caraipe', 5),
(9460, 'Caraibuna', 5),
(9461, 'Caraibas', 5),
(9462, 'Caraguatai', 5),
(9463, 'Capim Grosso', 5),
(9464, 'Capela do Alto Alegre', 5),
(9465, 'Capão', 5),
(9467, 'Canudos', 5),
(9468, 'Canto do Sol', 5),
(9469, 'Cansanção', 5),
(9470, 'Canoão', 5),
(9471, 'Candido Sales', 5),
(9472, 'Candiba', 5),
(9473, 'Candeias', 5),
(9474, 'Candeal', 5),
(9475, 'Canche', 5),
(9476, 'Canavieiras', 5),
(9477, 'Canatiba', 5),
(9478, 'Canarana', 5),
(9479, 'Canapolis', 5),
(9480, 'Canabravinha', 5),
(9481, 'Camurugi', 5),
(9483, 'Campo Formoso', 5),
(9484, 'Campo Alegre de Lourdes', 5),
(9485, 'Campinhos', 5),
(9486, 'Camirim', 5),
(9487, 'Camassandi', 5),
(9488, 'Camamu', 5),
(9489, 'Camaçari', 5),
(9490, 'Camacan', 5),
(9491, 'Caldeiras', 5),
(9492, 'Caldeirão Grande', 5),
(9493, 'Caldeirão', 5),
(9494, 'Caldas do Jorro', 5),
(9495, 'Cajui', 5),
(9496, 'Caiubi', 5),
(9497, 'Cairu', 5),
(9498, 'Caimbe', 5),
(9499, 'Caicara', 5),
(9500, 'Cafarnaum', 5),
(9501, 'Caetite', 5),
(9502, 'Caete-Acu', 5),
(9503, 'Caetanos', 5),
(9504, 'Caem', 5),
(9505, 'Cacule', 5),
(9506, 'Cachoeira do Mato', 5),
(9507, 'Cachoeira', 5),
(9508, 'Cacha Pregos', 5),
(9509, 'Cabralia', 5),
(9510, 'Cabaceiras do Paraguaçú', 5),
(9511, 'Caatiba', 5),
(9512, 'Buritirama', 5),
(9513, 'Buris de Abrantes', 5),
(9514, 'Buril', 5),
(9515, 'Buranhem', 5),
(9516, 'Buracica', 5),
(9517, 'Buerarema', 5),
(9518, 'Bucuituba', 5),
(9519, 'Brumado', 5),
(9520, 'Brotas de Macaubas', 5),
(9521, 'Brejolândia', 5),
(9522, 'Brejões', 5),
(9523, 'Brejo Novo', 5),
(9524, 'Brejo Luiza de Brito', 5),
(9525, 'Brejo da Serra', 5),
(9526, 'Brejinho das Ametistas', 5),
(9527, 'Botuquara', 5),
(9528, 'Botupora', 5),
(9529, 'Boquira', 5),
(9530, 'Bonito', 5),
(9531, 'Boninal', 5),
(9532, 'Bonfim da Feira', 5),
(9533, 'Bom Sossego', 5),
(9534, 'Bom Jesus da Serra', 5),
(9535, 'Bom Jesus da Lapa', 5),
(9536, 'Boca do Corrego', 5),
(9537, 'Boacu', 5),
(9538, 'Boa Vista do Tupim', 5),
(9539, 'Boa Vista do Lagamar', 5),
(9540, 'Boa União', 5),
(9541, 'Boa Nova', 5),
(9542, 'Boa Espera', 5),
(9543, 'Biritinga', 5),
(9544, 'Bento Simoes', 5),
(9545, 'Bendego', 5),
(9546, 'Bem-Bom', 5),
(9548, 'Belo Campo', 5),
(9549, 'Belmonte', 5),
(9550, 'Belem da Cachoeira', 5),
(9551, 'Bela Flor', 5),
(9552, 'Batinga', 5),
(9553, 'Bate Pe', 5),
(9554, 'Bastião', 5),
(9555, 'Barrocas', 5),
(9556, 'Barro Vermelho', 5),
(9557, 'Barro Preto', 5),
(9558, 'Barro Alto', 5),
(9559, 'Barreiras', 5),
(9560, 'Barracas', 5),
(9561, 'Barra do Tarrachil', 5),
(9562, 'Barra do Rocha', 5),
(9563, 'Barra do Pojuca', 5),
(9564, 'Barra do Mendes', 5),
(9565, 'Barra do Jacuipe', 5),
(9566, 'Barra do Choca', 5),
(9567, 'Barra da Estiva', 5),
(9568, 'Barra', 5),
(9569, 'Barcelos do Sul', 5),
(9570, 'Baraunas', 5),
(9571, 'Banzae', 5),
(9572, 'Bandiacu', 5),
(9573, 'Bandeira do Colonia', 5),
(9574, 'Bandeira do Almada', 5),
(9575, 'Banco da Vitoria', 5),
(9576, 'Banco Central', 5),
(9577, 'Baluarte', 5),
(9578, 'Baixinha', 5),
(9579, 'Baixão', 5),
(9580, 'Baixa Grande', 5),
(9581, 'Baixa do Palmeira', 5),
(9582, 'Baianópolis', 5),
(9583, 'Aurelino Leal', 5),
(9584, 'Aritagua', 5),
(9585, 'Aribice', 5),
(9586, 'Argolo', 5),
(9587, 'Argoim', 5),
(9588, 'Arembepe', 5),
(9589, 'Areias', 5),
(9590, 'Aratuipe', 5),
(9591, 'Arataca', 5),
(9592, 'Arapiranga', 5),
(9593, 'Aramari', 5),
(9594, 'Araci', 5),
(9595, 'Aracatu', 5),
(9596, 'Aracas', 5),
(9597, 'Apuarema', 5),
(9598, 'Apora', 5),
(9599, 'Antonio Goncalves', 5),
(9600, 'Antonio Cardoso', 5),
(9601, 'Antas', 5),
(9602, 'Anguera', 5),
(9603, 'Angico', 5),
(9604, 'Angical', 5),
(9605, 'Andorinha', 5),
(9606, 'Andarai', 5),
(9607, 'Anage', 5),
(9608, 'Americo Alves', 5),
(9609, 'America Dourada', 5),
(9610, 'Amelia Rodrigues', 5),
(9611, 'Amargosa', 5),
(9612, 'Amaniu', 5),
(9613, 'Amado Bahia', 5),
(9614, 'Alto Bonito', 5),
(9615, 'Almadina', 5),
(9616, 'Algodoes', 5),
(9617, 'Algodão', 5),
(9618, 'Alegre', 5),
(9619, 'Alcobaca', 5),
(9620, 'Alagoinhas', 5),
(9621, 'Aiquara', 5),
(9622, 'Águas do Paulista', 5),
(9623, 'Água Fria', 5),
(9624, 'Água Doce', 5),
(9625, 'Afranio Peixoto', 5),
(9626, 'Afligidos', 5),
(9627, 'Adustina', 5),
(9628, 'Acupe', 5),
(9629, 'Acudina', 5),
(9630, 'Acu da Torre', 5),
(9631, 'Acajutiba', 5),
(9632, 'Abrantes', 5),
(9633, 'Abobora', 5),
(9634, 'Abelhas', 5),
(9635, 'Abare', 5),
(9636, 'Abaira', 5),
(9637, 'Abadia', 5),
(9638, 'Vitoria do Jari', 4),
(9639, 'Vila Velha', 4),
(9640, 'Tartarugalzinho', 4),
(9641, 'Sucuriju', 4),
(9642, 'Serra do Navio', 4),
(9643, 'São Tome', 4),
(9644, 'São Sebastião do Livramento', 4),
(9645, 'São Joaquim do Pacui', 4),
(9646, 'Santana', 4),
(9647, 'Santa Maria', 4),
(9648, 'Santa Luzia do Pacui', 4),
(9649, 'Pracuuba', 4),
(9650, 'Porto Grande', 4),
(9651, 'Paredão', 4),
(9652, 'Oiapoque', 4),
(9653, 'Mazagão Velho', 4),
(9654, 'Mazagão', 4),
(9655, 'Macapa', 4),
(9656, 'Lourenco', 4),
(9657, 'Livramento do Pacui', 4),
(9658, 'Laranjal do Jari', 4),
(9659, 'Itaubal', 4),
(9660, 'Inaja', 4),
(9661, 'Ilha de Santana', 4),
(9662, 'Igarape do Lago', 4),
(9663, 'Gurupora', 4),
(9664, 'Gaivota', 4),
(9665, 'Fortaleza', 4),
(9666, 'Ferreira Gomes', 4),
(9667, 'Fazendinha', 4),
(9668, 'Cutias', 4),
(9669, 'Curiau', 4),
(9670, 'Cunani', 4),
(9671, 'Corre Água', 4),
(9672, 'Clevelândia do Norte', 4),
(9673, 'Carmo', 4),
(9674, 'Cantanzal', 4),
(9675, 'Calcoene', 4),
(9676, 'Boca do Jari', 4),
(9677, 'Bailique', 4),
(9678, 'Ariri', 4),
(9679, 'Aporema', 4),
(9680, 'Ambe', 4),
(9681, 'Amapari', 4),
(9682, 'Amapa', 4),
(9683, 'Água Branca do Amapari', 4),
(9684, 'Abacate da Pedreira', 4),
(9685, 'Vila Pitinga', 3),
(9686, 'Urucurituba', 3),
(9687, 'Urucara', 3),
(9688, 'Uarini', 3),
(9689, 'Tonantins', 3),
(9690, 'Tefe', 3),
(9691, 'Tapaua', 3),
(9692, 'Tabatinga', 3),
(9693, 'Silves', 3),
(9694, 'São Sebastião do Uatuma', 3),
(9695, 'São Paulo de Olivenca', 3),
(9696, 'São Gabriel da Cachoeira', 3),
(9697, 'São Felipe', 3),
(9698, 'Santo Antonio do Ica', 3),
(9699, 'Santa Rita', 3),
(9700, 'Santa Isabel do Rio Negro', 3),
(9701, 'Rio Preto da Eva', 3),
(9702, 'Repartimento', 3),
(9703, 'Presidente Figueiredo', 3),
(9704, 'Pedras', 3),
(9705, 'Pauini', 3),
(9706, 'Parintins', 3),
(9707, 'Osorio da Fonseca', 3),
(9708, 'Novo Aripuana', 3),
(9709, 'Novo Airão', 3),
(9710, 'Nova Olinda do Norte', 3),
(9711, 'Nhamunda', 3),
(9712, 'Murutinga', 3),
(9713, 'Moura', 3),
(9714, 'Mocambo', 3),
(9715, 'Maues', 3),
(9716, 'Massauari', 3),
(9717, 'Maraa', 3),
(9718, 'Manicore', 3),
(9719, 'Manaus', 3),
(9720, 'Manaquiri', 3),
(9721, 'Manacapuru', 3),
(9722, 'Lago Preto', 3),
(9723, 'Labrea', 3),
(9724, 'Jutai', 3),
(9725, 'Jurua', 3),
(9726, 'Japura', 3),
(9727, 'Itapiranga', 3),
(9728, 'Itamarati', 3),
(9729, 'Itacoatiara', 3),
(9730, 'Iranduba', 3),
(9731, 'Ipixuna', 3),
(9732, 'Icana', 3),
(9733, 'Iauarete', 3),
(9734, 'Humaita', 3),
(9735, 'Guajara', 3),
(9736, 'Freguesia do Andira', 3),
(9737, 'Fonte Boa', 3),
(9738, 'Floriano Peixoto', 3),
(9739, 'Envira', 3),
(9740, 'Eirunepe', 3),
(9741, 'Cucui', 3),
(9742, 'Codajas', 3),
(9743, 'Coari', 3),
(9744, 'Carvoeiro', 3),
(9745, 'Careiro da Varzea', 3),
(9746, 'Careiro', 3),
(9747, 'Carauari', 3),
(9748, 'Canutama', 3),
(9749, 'Canuma', 3),
(9750, 'Cameta', 3),
(9751, 'Caapiranga', 3),
(9752, 'Borba', 3),
(9753, 'Boca do Acre', 3),
(9754, 'Boa Vista do Ramos', 3),
(9755, 'Beruri', 3),
(9756, 'Benjamin Constant', 3),
(9757, 'Barreirinha', 3),
(9758, 'Barcelos', 3),
(9759, 'Balbina', 3),
(9760, 'Badajos', 3),
(9761, 'Axinim', 3),
(9762, 'Autazes', 3),
(9763, 'Augusto Montenegro', 3),
(9764, 'Atalaia do Norte', 3),
(9765, 'Ariau', 3),
(9766, 'Apui', 3),
(9767, 'Anori', 3),
(9768, 'Anama', 3),
(9769, 'Amatura', 3),
(9770, 'Amatari', 3),
(9771, 'Alvaraes', 3),
(9772, 'Vila São Francisco', 2),
(9773, 'Vila Aparecida', 2),
(9774, 'Vicosa', 2),
(9775, 'Usina Camacari', 2),
(9776, 'União dos Palmares', 2),
(9777, 'Traipu', 2),
(9778, 'Teotonio Vilela', 2),
(9779, 'Tatuamunha', 2),
(9780, 'Taquarana', 2),
(9781, 'Tanque D\'arca', 2),
(9782, 'Taboquinha', 2),
(9783, 'Taboleiro do Pinto', 2),
(9784, 'Serra do São José', 2),
(9785, 'Serra da Mandioca', 2),
(9786, 'Senador Rui Palmeira', 2),
(9787, 'Satuba', 2),
(9789, 'Sapucaia', 2),
(9790, 'São Sebastião', 2),
(9791, 'São Miguel dos Milagres', 2),
(9792, 'São Miguel dos Campos', 2),
(9793, 'São Luis do Quitunde', 2),
(9794, 'São José da Tapera', 2),
(9795, 'São José da Laje', 2),
(9796, 'São Bras', 2),
(9797, 'Santo Antonio', 2),
(9798, 'Santana do Mundau', 2),
(9799, 'Santana do Ipanema', 2),
(9800, 'Santa Luzia do Norte', 2),
(9801, 'Santa Efigenia', 2),
(9802, 'Roteiro', 2),
(9803, 'Rocha Cavalcante', 2),
(9804, 'Rio Largo', 2),
(9805, 'Riacho Fundo de Cima', 2),
(9806, 'Riacho do Sertão', 2),
(9807, 'Quebrangulo', 2),
(9808, 'Poxim', 2),
(9809, 'Porto Real do Colegio', 2),
(9810, 'Porto de Pedras', 2),
(9811, 'Porto Calvo', 2),
(9812, 'Poço das Trincheiras', 2),
(9813, 'Poço da Pedra', 2),
(9814, 'Poção', 2),
(9815, 'Piranhas', 2),
(9816, 'Pindoba', 2),
(9817, 'Pilar', 2),
(9818, 'Piacabucu', 2),
(9819, 'Penedo', 2),
(9820, 'Paulo Jacinto', 2),
(9821, 'Pau Ferro', 2),
(9822, 'Pau D\'arco', 2),
(9823, 'Passo de Camaragibe', 2),
(9824, 'Paripueira', 2),
(9825, 'Pariconha', 2),
(9826, 'Pão de Acucar', 2),
(9827, 'Palmeira dos Indios', 2),
(9828, 'Palmeira de Fora', 2),
(9829, 'Palestina', 2),
(9830, 'Ouro Branco', 2),
(9831, 'Olivenca', 2),
(9832, 'Olho D\'agua dos Dandanhas', 2),
(9833, 'Olho D\'agua do Casado', 2),
(9834, 'Olho D\'agua de Cima', 2),
(9835, 'Olho D\'agua das Flores', 2),
(9836, 'Olho D Água Grande', 2),
(9837, 'Novo Lino', 2),
(9838, 'Murici', 2),
(9839, 'Munguba', 2),
(9840, 'Moreira', 2),
(9841, 'Monteirópolis', 2),
(9842, 'Minador do Negrão', 2),
(9843, 'Messias', 2),
(9844, 'Matriz de Camaragibe', 2),
(9845, 'Mata Grande', 2),
(9846, 'Massaranduba', 2),
(9847, 'Maribondo', 2),
(9848, 'Marechal Deodoro', 2),
(9849, 'Maravilha', 2),
(9850, 'Maragogi', 2),
(9851, 'Mar Vermelho', 2),
(9852, 'Major Isidoro', 2),
(9853, 'Maceió', 2),
(9854, 'Limoeiro de Anadia', 2),
(9855, 'Laranjal', 2),
(9856, 'Lajes do Caldeirão', 2),
(9858, 'Lagoa do Rancho', 2),
(9859, 'Lagoa do Exu', 2),
(9860, 'Lagoa do Canto', 2),
(9861, 'Lagoa do Caldeirão', 2),
(9862, 'Lagoa Dantas', 2),
(9863, 'Lagoa da Pedra', 2),
(9864, 'Lagoa da Canoa', 2),
(9865, 'Lagoa da Areia', 2),
(9866, 'Junqueiro', 2),
(9867, 'Jundia', 2),
(9868, 'Joaquim Gomes', 2),
(9869, 'Jenipapo', 2),
(9870, 'Jaramataia', 2),
(9871, 'Japaratinga', 2),
(9872, 'Jacuipe', 2),
(9873, 'Jacare dos Homens', 2),
(9874, 'Inhapi', 2),
(9875, 'Igreja Nova', 2),
(9876, 'Igaci', 2),
(9877, 'Ibateguara', 2),
(9878, 'Girau do Ponciano', 2),
(9879, 'Gaspar', 2),
(9880, 'Floriano Peixoto', 2),
(9881, 'Flexeiras', 2),
(9882, 'Fernão Velho', 2),
(9883, 'Feliz Deserto', 2),
(9884, 'Feira Grande', 2),
(9885, 'Estrela de Alagoas', 2),
(9886, 'Entremontes', 2),
(9887, 'Dois Riachos', 2),
(9888, 'Delmiro Gouveia', 2),
(9889, 'Craibas', 2),
(9890, 'Coruripe da Cal', 2),
(9891, 'Coruripe', 2),
(9892, 'Coqueiro Seco', 2),
(9893, 'Colonia Leopoldina', 2),
(9894, 'Coite do Noia', 2),
(9895, 'Cha Preta', 2),
(9896, 'Carrasco', 2),
(9897, 'Carneiros', 2),
(9898, 'Capela', 2),
(9899, 'Cangandu', 2),
(9900, 'Canastra', 2),
(9901, 'Canapi', 2),
(9902, 'Canafistula', 2),
(9903, 'Canaa', 2),
(9904, 'Campo Grande', 2),
(9905, 'Campo Alegre', 2),
(9906, 'Campestre', 2),
(9907, 'Camadanta', 2),
(9908, 'Caldeiroes de Cima', 2),
(9909, 'Cajueiro', 2),
(9910, 'Cajarana', 2),
(9911, 'Cacimbinhas', 2),
(9912, 'Branquinha', 2),
(9913, 'Bonifacio', 2),
(9914, 'Bom Jardim', 2),
(9915, 'Boca da Mata', 2),
(9917, 'Boa Vista', 2),
(9918, 'Boa Sorte', 2),
(9919, 'Belo Monte', 2),
(9920, 'Belém', 2),
(9921, 'Batingas', 2),
(9922, 'Batalha', 2),
(9923, 'Barra Grande', 2),
(9924, 'Barra do Bonifacio', 2),
(9925, 'Barra de São Miguel', 2),
(9926, 'Barra de Santo Antonio', 2),
(9927, 'Bananeiras', 2),
(9928, 'Balsamo', 2),
(9929, 'Baixa do Capim', 2),
(9930, 'Baixa da Onca', 2),
(9931, 'Atalaia', 2),
(9932, 'Arapiraca', 2),
(9933, 'Anum Velho', 2),
(9934, 'Anum Novo', 2),
(9935, 'Anel', 2),
(9936, 'Anadia', 2),
(9937, 'Alecrim', 2),
(9938, 'Alazão', 2),
(9939, 'Água Branca', 2),
(9940, 'Xapuri', 1),
(9941, 'Tarauaca', 1),
(9942, 'Senador Guiomard', 1),
(9943, 'Sena Madureira', 1),
(9944, 'Santa Rosa', 1),
(9945, 'Rodrigues Alves', 1),
(9946, 'Rio Branco', 1),
(9947, 'Porto Walter', 1),
(9948, 'Porto Acre', 1),
(9949, 'Placido de Castro', 1),
(9950, 'Marechal Thaumaturgo', 1),
(9951, 'Manoel Urbano', 1),
(9952, 'Mancio Lima', 1),
(9953, 'Jordão', 1),
(9954, 'Feijo', 1),
(9955, 'Epitaciolândia', 1),
(9956, 'Cruzeiro do Sul', 1),
(9957, 'Capixaba', 1),
(9958, 'Bujari', 1),
(9959, 'Brasileia', 1),
(9960, 'Assis Brasil', 1),
(9961, 'Acrelândia', 1),
(9963, 'Luis Eduardo Magalhães', 5),
(9990, 'Lauro de Freitas', 5),
(9995, 'Pedra Branca do Amapari', 4),
(9997, 'Westfalia', 23),
(10005, 'Cabo de Santo Agostinho', 16),
(10006, 'Livramento de Nossa Senhora', 5),
(10008, 'Colniza', 13),
(10009, 'Aguaí', 26),
(10010, 'Tio Hugo', 23),
(10011, 'Varzea de Palma', 11),
(10012, 'SÃO MIGUEL DO GOSTOSO', 20),
(10014, 'Alto Paraíso', 18),
(10015, 'Santa Margarida do Sul', 23),
(10016, 'Jequiá da Praia', 2),
(10017, 'Conquista d\'Oeste', 13),
(10019, 'Aguas Belas', 16),
(10020, 'Xambioa', 27),
(10021, 'Embu das Artes', 26),
(10022, 'Ipiranga do Norte', 13),
(10023, 'Parau', 20),
(10025, 'Balneário Rincão', 24),
(10026, 'São José do Sul', 23);

-- --------------------------------------------------------

--
-- Estrutura da tabela `cliente`
--

CREATE TABLE `cliente` (
  `id` int(11) NOT NULL,
  `nome` varchar(45) DEFAULT NULL,
  `cnpj` varchar(18) DEFAULT NULL,
  `pais_id` int(11) NOT NULL,
  `cidade_id` int(11) DEFAULT NULL,
  `endereco` varchar(255) DEFAULT NULL,
  `cep` varchar(9) DEFAULT NULL,
  `telefone` varchar(18) DEFAULT NULL,
  `celular` varchar(18) DEFAULT NULL,
  `fax` varchar(18) DEFAULT NULL,
  `email` varchar(255) NOT NULL,
  `login` varchar(80) NOT NULL,
  `senha` varchar(50) NOT NULL,
  `salt` varchar(50) NOT NULL,
  `pergunta_secreta` varchar(255) NOT NULL,
  `resposta_secreta` varchar(255) NOT NULL,
  `inpi_senha` varchar(45) DEFAULT NULL,
  `inpi_email` varchar(255) DEFAULT NULL,
  `inpi_login` varchar(45) DEFAULT NULL,
  `cliente_natureza_id` int(11) NOT NULL,
  `razao_social` varchar(120) DEFAULT NULL,
  `inpi_cadastro_sucesso` tinyint(1) DEFAULT '0',
  `parceiro_id` int(11) DEFAULT NULL,
  `data_cadastro` datetime DEFAULT NULL,
  `atividade` int(11) DEFAULT NULL
) ENGINE=InnoDB DEFAULT CHARSET=utf8;

--
-- Extraindo dados da tabela `cliente`
--

INSERT INTO `cliente` (`id`, `nome`, `cnpj`, `pais_id`, `cidade_id`, `endereco`, `cep`, `telefone`, `celular`, `fax`, `email`, `login`, `senha`, `salt`, `pergunta_secreta`, `resposta_secreta`, `inpi_senha`, `inpi_email`, `inpi_login`, `cliente_natureza_id`, `razao_social`, `inpi_cadastro_sucesso`, `parceiro_id`, `data_cadastro`, `atividade`) VALUES
(2, 'Max Holanda', '26.178.458/0001-29', 26, 4998, 'Rua de teste', '58052-282', '(83) 8888-8888', '', '', 'c88754929536290844835@sandbox.pagseguro.com.br', 'maxholanda', '9c19e6d77d109485bcbd46592e2c1664447a4604', 'cd2fca8aae1f5ed62985a6197038c7568ddd6241', 'pergunta ', 'resposta', NULL, NULL, NULL, 1, 'Empresa razão', 0, NULL, NULL, NULL),
(3, 'Max Holanda', '46.510.967/0001-14', 26, 4998, 'Rua de teste', '58052282', '83 99999 9999', '83 9999999999', '83 9999999999', 'max.brejo@gmail.com', 'maxholanda2', '90464256ea3eb20b08a870be39a1a4d3f91d3f79', '908f62bf94bc378a29e098e4b0b3ff7b06a0a64a', 'pergunta', 'resposta', NULL, NULL, NULL, 1, 'Razão Max', 0, 5, NULL, NULL),
(7, 'Nome de teste', '64857777000150', 26, 4998, 'Endereço de teste', '58052310', '', '', '', 'teste@teste.com.br', 'teste', '59f85529c5e1810f3fa49d1bb9c442ab84742354', '0c7af40fcd4c92557dc35412f8b4681f119ea81d', 'pergunta', 'resposta', '', NULL, '', 1, 'razao de teste', 0, NULL, NULL, NULL),
(8, 'Nome de teste', '60210041000134', 26, 4998, 'Endereço de teste', '58052310', '', '', '', 'teste@teste.com.br', 'teste1', '67e94c74750fda3990dba8e7243eec466e098aa8', 'fd11fc3ee780b5df4c9a44cd695f401c57f16ddf', 'pergunta', 'resposta', '53dd719bfbd6fb1461198dc6c66e5b70', 'cadastro@mavip.com.br', 'mvlteste1', 1, 'razao de teste', 0, NULL, NULL, NULL),
(9, 'Nome de teste', '60210041000134', 26, 4998, 'Endereço de teste', '58052310', '', '', '', 'teste@teste.com.br', 'teste2', '1fbe67050027752b6b48b706b093b382e666abde', '653fdf24b446395d4248f3db4305e4ffacee7ff0', 'pergunta', 'resposta', '1124796152', 'cadastro@mavip.com.br', 'mvlteste2', 2, 'razao de teste', 1, NULL, NULL, 1240),
(10, 'teste marca', '46545893000151', 26, 4998, 'teste de endereço', '58052310', '', '', '', 'teste@teste.com.br', 'testemarca', 'd1f328ed2ba3fecdb9a76945f258111b4277a9d4', '0c05976462f2927cc02fef4fd0e79cd393ac954f', 'pergunta', 'resposta', '1339003548', 'cadastro@mavip.com.br', 'mvltestemarca', 3, 'Max Registrado', 1, NULL, NULL, NULL);

-- --------------------------------------------------------

--
-- Estrutura da tabela `cliente_natureza`
--

CREATE TABLE `cliente_natureza` (
  `id` int(11) NOT NULL,
  `nome` varchar(80) DEFAULT NULL,
  `order` int(11) NOT NULL DEFAULT '10'
) ENGINE=InnoDB DEFAULT CHARSET=utf8;

--
-- Extraindo dados da tabela `cliente_natureza`
--

INSERT INTO `cliente_natureza` (`id`, `nome`, `order`) VALUES
(1, 'Pessoa Jurídica', 10),
(2, 'Pessoa Física', 10),
(3, 'Microempresa assim definida em lei', 10),
(4, 'Associação com intuito não econômico', 10),
(5, 'Sociedade com intuito não econômico', 10),
(6, 'Órgão Público', 10),
(7, 'Instituição de Ensino e Pesquisa', 10),
(8, 'Empresa de Pequeno Porte assim definidas em lei', 10),
(9, 'Cooperativa assim definida em lei', 10),
(10, 'Microempreendedor Individual - MEI', 10);

-- --------------------------------------------------------

--
-- Estrutura da tabela `configs`
--

CREATE TABLE `configs` (
  `chave` varchar(50) NOT NULL,
  `valor` varchar(512) DEFAULT NULL
) ENGINE=InnoDB DEFAULT CHARSET=utf8;

--
-- Extraindo dados da tabela `configs`
--

INSERT INTO `configs` (`chave`, `valor`) VALUES
('acompanhamento_valor', '1680.00'),
('gru_valor', '142.00'),
('gru_valor_pf', '355.00'),
('registro_valor', '1680.00'),
('renovacao_valor', '1680.00');

-- --------------------------------------------------------

--
-- Estrutura da tabela `cupom`
--

CREATE TABLE `cupom` (
  `id` int(11) NOT NULL,
  `nome` varchar(45) DEFAULT NULL,
  `chave` varchar(45) DEFAULT NULL,
  `active` tinyint(1) NOT NULL DEFAULT '1',
  `data_cadastro` datetime NOT NULL,
  `desconto` decimal(10,2) DEFAULT NULL,
  `tipo` enum('valor','porcentagem') DEFAULT NULL
) ENGINE=InnoDB DEFAULT CHARSET=utf8;

--
-- Extraindo dados da tabela `cupom`
--

INSERT INTO `cupom` (`id`, `nome`, `chave`, `active`, `data_cadastro`, `desconto`, `tipo`) VALUES
(1, 'Cupom 1', '123321', 1, '2016-10-04 11:01:35', '10.00', 'porcentagem'),
(2, '100%', '100d', 1, '2016-10-18 10:51:39', '100.00', 'porcentagem');

-- --------------------------------------------------------

--
-- Estrutura da tabela `estado`
--

CREATE TABLE `estado` (
  `id` int(11) NOT NULL,
  `nome` varchar(45) NOT NULL,
  `sigla` char(2) DEFAULT NULL
) ENGINE=InnoDB DEFAULT CHARSET=utf8;

--
-- Extraindo dados da tabela `estado`
--

INSERT INTO `estado` (`id`, `nome`, `sigla`) VALUES
(1, 'Acre', 'AC'),
(2, 'Alagoas', 'AL'),
(3, 'Amazonas', 'AM'),
(4, 'Amapá', 'AP'),
(5, 'Bahia', 'BA'),
(6, 'Ceará', 'CE'),
(7, 'Distrito Federal', 'DF'),
(8, 'Espírito Santo', 'ES'),
(9, 'Goiás', 'GO'),
(10, 'Maranhão', 'MA'),
(11, 'Minas Gerais', 'MG'),
(12, 'Mato Grosso do Sul', 'MS'),
(13, 'Mato Grosso', 'MT'),
(14, 'Pará', 'PA'),
(15, 'Paraíba', 'PB'),
(16, 'Pernambuco', 'PE'),
(17, 'Piauí', 'PI'),
(18, 'Paraná', 'PR'),
(19, 'Rio de Janeiro', 'RJ'),
(20, 'Rio Grande do Norte', 'RN'),
(21, 'Rondônia', 'RO'),
(22, 'Roraima', 'RR'),
(23, 'Rio Grande do Sul', 'RS'),
(24, 'Santa Catarina', 'SC'),
(25, 'Sergipe', 'SE'),
(26, 'São Paulo', 'SP'),
(27, 'Tocantins', 'TO');

-- --------------------------------------------------------

--
-- Estrutura da tabela `faq`
--

CREATE TABLE `faq` (
  `id` int(11) NOT NULL,
  `titulo` varchar(512) DEFAULT NULL,
  `resposta` text,
  `data_cadastro` datetime DEFAULT NULL,
  `active` tinyint(1) NOT NULL DEFAULT '1'
) ENGINE=InnoDB DEFAULT CHARSET=utf8;

--
-- Extraindo dados da tabela `faq`
--

INSERT INTO `faq` (`id`, `titulo`, `resposta`, `data_cadastro`, `active`) VALUES
(1, 'Título da faq 1', '<ol>\r\n	<li>texto da faq 1</li>\r\n	<li>teste 2</li>\r\n	<li>teste 3</li>\r\n</ol>\r\n', '2017-01-26 11:18:09', 1);

-- --------------------------------------------------------

--
-- Estrutura da tabela `leitura`
--

CREATE TABLE `leitura` (
  `id` int(11) NOT NULL,
  `data` date DEFAULT NULL,
  `data_cadastro` datetime DEFAULT NULL
) ENGINE=InnoDB DEFAULT CHARSET=utf8;

--
-- Extraindo dados da tabela `leitura`
--

INSERT INTO `leitura` (`id`, `data`, `data_cadastro`) VALUES
(2387, '2016-10-04', '2016-10-07 17:29:38'),
(2390, '2016-10-25', '2016-11-01 17:42:49');

-- --------------------------------------------------------

--
-- Estrutura da tabela `log`
--

CREATE TABLE `log` (
  `id` int(11) NOT NULL,
  `data` datetime DEFAULT NULL,
  `acao` varchar(512) DEFAULT NULL,
  `users_id` int(11) NOT NULL
) ENGINE=InnoDB DEFAULT CHARSET=utf8;

--
-- Extraindo dados da tabela `log`
--

INSERT INTO `log` (`id`, `data`, `acao`, `users_id`) VALUES
(1, '2016-09-21 09:50:03', 'Criou na seção Categorias: Padaria', 1),
(2, '2016-09-21 09:50:41', 'editou na seção Categorias: Padaria', 1),
(3, '2016-09-21 09:50:47', 'editou na seção Categorias: Padaria', 1),
(4, '2016-09-21 10:24:23', 'Criou na seção Categorias: Automobilismo', 1),
(5, '2016-09-21 10:24:36', 'Criou na seção Categorias: Chave', 1),
(6, '2016-09-21 10:25:00', 'Criou na seção Categorias: Macenaria', 1),
(7, '2016-09-21 11:01:18', 'editou na seção Categorias: Padaria', 1),
(8, '2016-09-27 13:16:42', 'editou na seção Página', 1),
(9, '2016-09-27 13:16:47', 'editou na seção Página', 1),
(10, '2016-10-04 11:01:35', 'Criou na seção Cupom: Cupom 1', 1),
(11, '2016-10-07 17:27:18', 'Criou na seção Leitura', 1),
(12, '2016-10-07 17:28:27', 'Criou na seção Leitura', 1),
(13, '2016-10-07 17:29:53', 'Criou na seção Leitura', 1),
(14, '2016-10-10 21:54:57', 'Criou na seção Categorias: OAB', 1),
(15, '2016-10-10 21:55:20', 'Criou na seção Parceiros: Parceiro 1', 1),
(16, '2016-10-13 11:02:46', 'Criou na seção Termos de Busca: Pão', 1),
(17, '2016-10-13 11:03:00', 'Criou na seção Exceções: Google', 1),
(18, '2016-10-13 11:13:21', 'editou na seção Clientes: Max Holanda', 1),
(19, '2016-10-13 11:18:49', 'editou na seção Marcas', 1),
(20, '2016-10-13 18:54:14', 'Criou na seção Parceiros', 1),
(21, '2016-10-13 18:55:40', 'excluiu na seção Parceiros', 1),
(22, '2016-10-13 18:56:09', 'Saiu do sistema', 1),
(23, '2016-10-13 20:41:19', 'Saiu do sistema', 3),
(24, '2016-10-13 21:11:46', 'pagou pagou o pedido de ID: 12', 1),
(25, '2016-10-13 21:16:47', 'Criou na seção Parceiros', 1),
(26, '2016-10-13 21:23:09', 'pagou pagou o pedido de ID: 13', 1),
(27, '2016-10-13 21:23:22', 'Saiu do sistema', 1),
(28, '2016-10-18 10:51:39', 'Criou na seção Cupom: 100%', 1),
(29, '2016-10-19 15:26:07', 'editou na seção Categorias: Informática', 1),
(30, '2016-10-24 15:50:22', 'Criou na seção Categorias: teste', 1),
(31, '2016-10-24 16:16:08', 'excluiu na seção Convênios', 1),
(32, '2016-10-24 16:16:26', 'Criou na seção Convênios', 1),
(33, '2016-10-24 16:19:33', 'editou na seção Convênios', 1),
(34, '2016-10-24 16:19:45', 'editou na seção Convênios', 1),
(35, '2016-10-24 16:57:30', 'editou na seção Configurações', 1),
(36, '2016-10-24 16:57:37', 'editou na seção Configurações', 1),
(37, '2016-10-24 17:35:58', 'editou na seção Configurações', 1),
(38, '2016-10-24 17:36:25', 'editou na seção Configurações', 1),
(39, '2016-10-24 17:36:34', 'editou na seção Configurações', 1),
(40, '2016-10-24 17:36:39', 'editou na seção Configurações', 1),
(41, '2016-10-24 17:36:43', 'editou na seção Configurações', 1),
(42, '2016-10-25 08:25:11', 'editou na seção Categorias: Padaria, Massas, teste', 1),
(43, '2016-10-25 08:25:59', 'editou na seção Categorias: Padaria, Massas e teste', 1),
(44, '2016-10-25 09:40:54', 'Criou na seção Usuários', 1),
(45, '2016-10-25 09:40:58', 'Saiu do sistema', 1),
(46, '2016-10-25 10:13:47', 'Saiu do sistema', 6),
(47, '2016-10-25 10:14:21', 'Criou na seção Categorias: Produtos de informática', 1),
(48, '2016-10-25 10:32:27', 'assumiu o pedido de ID: 13', 1),
(49, '2016-10-25 10:33:13', 'assumiu o pedido de ID: 13', 1),
(50, '2016-10-25 10:33:22', 'Saiu do sistema', 1),
(51, '2016-10-25 10:33:48', 'assumiu o pedido de ID: 15', 6),
(52, '2016-10-25 10:38:39', 'assumiu o pedido de ID: 15', 6),
(53, '2016-10-25 10:39:58', 'Saiu do sistema', 6),
(54, '2016-10-25 10:40:30', 'Criou na seção Categorias: teste 2', 1),
(55, '2016-10-25 11:00:42', 'Saiu do sistema', 1),
(56, '2016-10-25 20:39:22', 'editou na seção Serviços', 1),
(57, '2016-10-25 20:39:27', 'editou na seção Serviços', 1),
(58, '2016-10-25 20:39:54', 'editou na seção Serviços', 1),
(59, '2016-10-25 20:40:04', 'editou na seção Serviços', 1),
(60, '2016-10-26 10:43:31', 'Saiu do sistema', 1),
(61, '2016-10-26 10:44:40', 'assumiu o pedido de ID: 21', 6),
(62, '2016-10-26 11:23:07', 'assumiu o pedido de ID: 23', 6),
(63, '2016-10-26 11:35:39', 'assumiu o pedido de ID: 25', 6),
(64, '2016-10-26 13:12:13', 'Saiu do sistema', 1),
(65, '2016-10-26 13:47:04', 'editou na seção Pedido', 1),
(66, '2016-10-26 13:47:39', 'editou na seção Pedido', 1),
(67, '2016-10-26 13:49:18', 'editou na seção Pedido', 1),
(68, '2016-10-26 14:02:30', 'editou na seção Pedido', 1),
(69, '2016-10-27 11:50:04', 'editou na seção Serviços', 1),
(70, '2016-10-27 11:50:11', 'editou na seção Serviços', 1),
(71, '2016-10-27 11:50:15', 'editou na seção Serviços', 1),
(72, '2016-10-27 12:50:22', 'editou na seção Serviços', 1),
(73, '2016-10-31 06:35:47', 'editou na seção Marcas', 1),
(74, '2016-10-31 06:35:57', 'editou na seção Marcas', 1),
(75, '2016-10-31 06:36:05', 'editou na seção Marcas', 1),
(76, '2016-10-31 06:44:10', 'editou na seção Usuários', 1),
(77, '2016-10-31 06:44:24', 'Criou na seção Usuários', 1),
(78, '2016-10-31 06:44:26', 'Saiu do sistema', 1),
(79, '2016-10-31 06:44:52', 'Saiu do sistema', 7),
(80, '2016-11-01 17:42:28', 'Saiu do sistema', 1),
(81, '2016-11-01 17:43:00', 'Criou na seção Leitura', 1),
(82, '2016-11-04 10:27:57', 'Criou na seção Categorias: Categoria 41', 1),
(83, '2016-11-07 09:02:48', 'Criou na seção Marcas', 1),
(84, '2016-11-07 09:03:52', 'editou na seção Marcas', 1),
(85, '2016-11-07 09:16:03', 'editou na seção Marcas', 1),
(86, '2016-11-07 09:18:42', 'editou na seção Marcas', 1),
(87, '2016-11-07 09:19:47', 'editou na seção Marcas', 1),
(88, '2016-11-10 08:24:28', 'Criou na seção Termos de Busca: óculos', 1),
(89, '2016-11-10 08:24:58', 'Criou na seção Categorias: óculos', 1),
(90, '2016-11-21 08:52:12', 'Criou na seção Marcas', 1),
(91, '2016-11-22 16:47:26', 'editou na seção Categorias: OAB', 1),
(92, '2016-11-22 17:05:35', 'editou na seção Categorias: OAB', 1),
(93, '2016-11-23 11:22:03', 'Criou na seção Categorias: teste 1', 1),
(94, '2016-11-23 11:22:14', 'Criou na seção Categorias: teste 2', 1),
(95, '2016-11-23 11:22:24', 'Criou na seção Categorias: teste 3', 1),
(96, '2016-11-23 11:22:35', 'Criou na seção Categorias: teste 4', 1),
(97, '2016-11-29 11:46:58', 'editou na seção Serviços', 1),
(98, '2016-12-19 17:52:19', 'editou na seção Clientes: teste marca', 1),
(99, '2016-12-19 17:54:42', 'editou na seção Clientes: teste marca', 1),
(100, '2017-01-09 09:37:16', 'Criou na seção Blog', 1),
(101, '2017-01-09 09:38:57', 'ativou/inativou na seção Blog', 1),
(102, '2017-01-09 09:38:58', 'ativou/inativou na seção Blog', 1),
(103, '2017-01-09 09:55:25', 'editou na seção Blog', 1),
(104, '2017-01-09 09:57:32', 'editou na seção Blog', 1),
(105, '2017-01-09 09:57:41', 'editou na seção Blog', 1),
(106, '2017-01-09 09:58:15', 'editou na seção Blog', 1),
(107, '2017-01-09 10:07:30', 'Criou na seção Blog', 1),
(108, '2017-01-09 10:35:45', 'Criou na seção Categorias: Alimentos e Bebidas', 1),
(109, '2017-01-09 16:52:13', 'editou na seção Serviços', 1),
(110, '2017-01-10 08:48:38', 'Criou na seção Histórico de Mensagens', 1),
(111, '2017-01-10 09:03:39', 'Criou na seção Marcas', 1),
(112, '2017-01-11 16:51:03', 'editou na seção Categorias: categoria 44', 1),
(113, '2017-01-17 10:50:24', 'assumiu o pedido de ID: 22', 1),
(114, '2017-01-17 10:57:07', 'editou na seção Pedido', 1),
(115, '2017-01-25 10:21:22', 'Saiu do sistema', 1),
(116, '2017-01-25 10:45:35', 'excluiu na seção Busca', 1),
(117, '2017-01-25 10:45:35', 'excluiu na seção Busca', 1),
(118, '2017-01-25 10:45:48', 'excluiu na seção Busca', 1),
(119, '2017-01-25 10:45:48', 'excluiu na seção Busca', 1),
(120, '2017-01-26 09:02:00', 'Criou na seção Blacklist', 1),
(121, '2017-01-26 09:02:07', 'editou na seção Blacklist', 1),
(122, '2017-01-26 09:02:15', 'editou na seção Blacklist', 1),
(123, '2017-01-26 09:02:18', 'excluiu na seção Blacklist', 1),
(124, '2017-01-26 09:02:26', 'Criou na seção Blacklist', 1),
(125, '2017-01-26 09:35:01', 'pagou pagou o pedido de ID: 36', 1),
(126, '2017-01-26 11:18:09', 'Criou na seção FAQ', 1),
(127, '2017-01-26 11:18:20', 'editou na seção FAQ', 1),
(128, '2017-01-26 11:18:22', 'ativou/inativou na seção FAQ', 1),
(129, '2017-01-26 11:18:23', 'ativou/inativou na seção FAQ', 1),
(130, '2017-01-26 11:23:43', 'editou na seção FAQ', 1),
(134, '2017-01-31 09:10:20', 'editou na seção Clientes: Nome de teste', 1);

-- --------------------------------------------------------

--
-- Estrutura da tabela `marca`
--

CREATE TABLE `marca` (
  `id` int(11) NOT NULL,
  `marca` varchar(80) NOT NULL,
  `cliente_id` int(11) NOT NULL,
  `acompanhamento` tinyint(1) NOT NULL DEFAULT '0',
  `data_acompanhamento` datetime DEFAULT NULL,
  `data_cadastro` datetime DEFAULT NULL,
  `estilo` enum('texto','mista') DEFAULT NULL,
  `tipo` enum('produto','servico','comercio') DEFAULT NULL,
  `categoria_id` int(11) DEFAULT NULL,
  `processo` int(11) DEFAULT NULL,
  `descricao` text,
  `descricao_data` datetime DEFAULT NULL,
  `logo` varchar(45) DEFAULT NULL,
  `logo_data` datetime DEFAULT NULL,
  `nosso_numero` varchar(45) DEFAULT NULL
) ENGINE=InnoDB DEFAULT CHARSET=utf8;

--
-- Extraindo dados da tabela `marca`
--

INSERT INTO `marca` (`id`, `marca`, `cliente_id`, `acompanhamento`, `data_acompanhamento`, `data_cadastro`, `estilo`, `tipo`, `categoria_id`, `processo`, `descricao`, `descricao_data`, `logo`, `logo_data`, `nosso_numero`) VALUES
(5, 'Max Holanda', 2, 0, NULL, '2016-10-04 23:01:18', NULL, NULL, NULL, NULL, 'adas ds asd asd', '2016-10-31 06:17:36', NULL, NULL, NULL),
(6, 'Max Holanda', 2, 0, NULL, '2016-10-06 10:11:58', NULL, NULL, NULL, NULL, NULL, NULL, NULL, NULL, NULL),
(7, 'Max Holanda', 2, 0, NULL, '2016-10-06 11:03:30', NULL, NULL, NULL, NULL, NULL, NULL, NULL, NULL, NULL),
(8, 'Max Holanda', 2, 0, NULL, '2016-10-06 14:12:15', 'texto', 'produto', 3, NULL, NULL, NULL, NULL, NULL, NULL),
(13, 'Max Holanda', 2, 0, NULL, '2016-10-06 15:23:01', 'texto', 'produto', 3, NULL, NULL, NULL, NULL, NULL, NULL),
(14, 'Max Holanda', 2, 0, NULL, '2016-10-06 15:41:21', 'texto', 'produto', 3, 123, NULL, NULL, NULL, NULL, NULL),
(15, 'Max Holanda', 2, 1, NULL, '2016-10-06 15:43:12', 'texto', 'produto', 3, 831047003, NULL, NULL, NULL, NULL, NULL),
(16, 'Maxho', 2, 0, NULL, '2016-10-13 14:44:28', 'texto', 'produto', 3, NULL, NULL, NULL, NULL, NULL, NULL),
(17, 'MaxHO', 2, 0, NULL, '2016-10-13 21:07:24', 'texto', 'produto', 4, NULL, NULL, NULL, NULL, NULL, NULL),
(18, 'MAXXXX', 2, 0, NULL, '2016-10-13 21:18:38', 'texto', 'produto', 4, NULL, 'tesde de descrição', NULL, NULL, NULL, NULL),
(19, 'Max Registrado', 10, 1, '2017-10-18 00:00:00', '2016-10-18 10:40:37', NULL, NULL, NULL, NULL, NULL, NULL, NULL, NULL, NULL),
(20, 'Turmalina', 2, 0, NULL, '2016-10-25 23:28:49', NULL, NULL, NULL, NULL, NULL, NULL, NULL, NULL, NULL),
(21, 'Turmalina', 2, 0, NULL, '2016-10-25 23:29:44', NULL, NULL, NULL, NULL, NULL, NULL, NULL, NULL, NULL),
(22, 'Coca Cola', 2, 1, '2017-10-26 00:00:00', '2016-10-26 00:55:59', 'mista', NULL, NULL, NULL, 'descrição da coca cola', NULL, '201610260309110000002589.jpg', NULL, '123123'),
(23, 'Google', 2, 0, NULL, '2016-10-26 11:22:34', NULL, NULL, NULL, NULL, 'asdasd asd sda sa', NULL, NULL, NULL, NULL),
(24, 'Globo', 2, 0, NULL, '2016-10-26 11:27:56', NULL, NULL, NULL, NULL, 'teste', NULL, NULL, NULL, NULL),
(25, 'Marca Cadastrada', 2, 0, NULL, '2016-10-27 13:31:50', NULL, NULL, NULL, 123123, 'asd asd asd asd', NULL, NULL, NULL, '123123123123'),
(26, 'Max Holanda', 2, 0, NULL, '2016-10-26 11:37:08', NULL, NULL, NULL, NULL, NULL, NULL, NULL, NULL, NULL),
(27, 'Marca de teste', 2, 0, NULL, '2016-11-16 14:42:13', NULL, NULL, NULL, 123456789, NULL, NULL, NULL, NULL, NULL),
(28, 'Nestle', 2, 0, NULL, '2016-10-27 11:33:54', NULL, NULL, NULL, NULL, NULL, NULL, NULL, NULL, NULL),
(29, 'mac', 2, 0, NULL, '2016-10-27 11:36:40', NULL, NULL, NULL, NULL, NULL, NULL, NULL, NULL, NULL),
(30, 'Teste', 2, 0, NULL, '2016-10-31 10:17:26', NULL, NULL, NULL, NULL, NULL, NULL, NULL, NULL, NULL),
(31, 'Max Holanda', 2, 0, '2016-11-08 00:00:00', '2016-11-29 11:49:03', NULL, NULL, NULL, 123123123, NULL, NULL, NULL, NULL, ''),
(32, 'Teste', 2, 0, NULL, '2016-11-07 09:24:38', NULL, NULL, NULL, NULL, NULL, NULL, NULL, NULL, NULL),
(33, 'Teste', 2, 0, NULL, '2016-11-07 09:46:13', NULL, NULL, NULL, NULL, NULL, NULL, NULL, NULL, NULL),
(34, 'Teste', 2, 0, NULL, '2016-11-07 11:17:54', NULL, NULL, NULL, NULL, NULL, NULL, NULL, NULL, NULL),
(35, 'Max Holanda', 2, 0, NULL, '2016-11-16 14:40:59', 'texto', 'produto', 8, NULL, NULL, NULL, NULL, NULL, NULL),
(36, 'Max Holanda', 2, 0, NULL, '2016-11-16 14:41:37', 'texto', 'produto', 8, NULL, NULL, NULL, NULL, NULL, NULL),
(37, '123', 10, 0, '2016-11-21 00:00:00', '2016-11-21 08:52:12', NULL, NULL, NULL, 123123123, NULL, NULL, NULL, NULL, ''),
(38, 'Teste', 2, 0, NULL, '2016-11-24 09:55:23', NULL, NULL, NULL, NULL, NULL, NULL, NULL, NULL, NULL),
(39, 'Max Holanda', 2, 0, NULL, '2016-11-29 14:09:34', NULL, NULL, NULL, NULL, NULL, NULL, NULL, NULL, NULL),
(40, 'Max Holanda', 2, 0, NULL, '2016-11-29 14:09:35', NULL, NULL, NULL, NULL, NULL, NULL, NULL, NULL, NULL),
(41, 'Max Holanda', 2, 0, NULL, '2016-12-20 08:37:35', 'texto', 'servico', 6, NULL, NULL, NULL, NULL, NULL, NULL),
(42, 'Max Holanda', 2, 0, NULL, '2016-12-20 08:51:10', 'mista', 'servico', 6, NULL, NULL, NULL, NULL, NULL, NULL),
(43, 'vandick azevedo de melo me', 2, 1, '2017-11-30 00:00:00', '2017-01-10 09:03:39', NULL, NULL, NULL, 823263266, NULL, NULL, NULL, NULL, ''),
(44, '', 2, 0, NULL, '2017-01-17 11:19:36', NULL, NULL, NULL, NULL, NULL, NULL, NULL, NULL, NULL),
(45, '', 2, 0, NULL, '2017-01-17 11:21:10', NULL, NULL, NULL, NULL, NULL, NULL, NULL, NULL, NULL),
(46, 'teste', 2, 0, NULL, '2017-01-17 11:24:07', NULL, NULL, NULL, NULL, NULL, NULL, NULL, NULL, NULL);

-- --------------------------------------------------------

--
-- Estrutura da tabela `marca_has_servico`
--

CREATE TABLE `marca_has_servico` (
  `marca_id` int(11) NOT NULL,
  `servico_id` int(11) NOT NULL
) ENGINE=InnoDB DEFAULT CHARSET=utf8;

--
-- Extraindo dados da tabela `marca_has_servico`
--

INSERT INTO `marca_has_servico` (`marca_id`, `servico_id`) VALUES
(22, 1),
(23, 1),
(25, 1),
(42, 1),
(22, 2);

-- --------------------------------------------------------

--
-- Estrutura da tabela `marca_historico`
--

CREATE TABLE `marca_historico` (
  `id` int(11) NOT NULL,
  `codigo_despacho` varchar(45) DEFAULT NULL,
  `texto` varchar(255) DEFAULT NULL,
  `texto_complementar` text,
  `leitura_id` int(11) DEFAULT NULL,
  `marca_id` int(11) NOT NULL
) ENGINE=InnoDB DEFAULT CHARSET=utf8;

--
-- Extraindo dados da tabela `marca_historico`
--

INSERT INTO `marca_historico` (`id`, `codigo_despacho`, `texto`, `texto_complementar`, `leitura_id`, `marca_id`) VALUES
(1, 'IPAS142', 'Sobrestamento do exame de mérito', 'Processo 829775846 (ECATOR ANLO), Processo 830035869 (APROVEL ANLO), Processo 830400419 (APROVEL ANLO), Processo 830813411 (OLMECOR ANLO), Processo 902561839 (MICARDIS ANLO) e Processo 903773724 (BRAVAN ANLO)', 2387, 15),
(2, NULL, 'Início das atividades na MAVIP', NULL, NULL, 42);

-- --------------------------------------------------------

--
-- Estrutura da tabela `marca_historico_mensagem`
--

CREATE TABLE `marca_historico_mensagem` (
  `id` int(11) NOT NULL,
  `codigo_despacho` varchar(45) DEFAULT NULL,
  `titulo` varchar(80) DEFAULT NULL,
  `mensagem` text,
  `data_cadastro` datetime NOT NULL
) ENGINE=InnoDB DEFAULT CHARSET=utf8;

--
-- Extraindo dados da tabela `marca_historico_mensagem`
--

INSERT INTO `marca_historico_mensagem` (`id`, `codigo_despacho`, `titulo`, `mensagem`, `data_cadastro`) VALUES
(1, 'IPAS029', 'Registro da Marca – Prazo Ordinário', 'Parabéns! Sua marca foi reconhecida pelo INPI. \r\nAgora é preciso concluir o Registro no Prazo de Ordinário, já começou. \r\nAproveite, é mais barato e rápido.\r\nVá na página de “Serviços” e contrate Registro no Prazo de Ordinário\r\nEm caso de dúvidas entre em contato www.mavip.com.br', '2017-01-10 08:48:38');

-- --------------------------------------------------------

--
-- Estrutura da tabela `pagina`
--

CREATE TABLE `pagina` (
  `id` int(11) NOT NULL,
  `titulo` varchar(255) DEFAULT NULL,
  `texto` longtext,
  `description` varchar(255) DEFAULT NULL,
  `keywords` varchar(255) DEFAULT NULL
) ENGINE=InnoDB DEFAULT CHARSET=utf8;

--
-- Extraindo dados da tabela `pagina`
--

INSERT INTO `pagina` (`id`, `titulo`, `texto`, `description`, `keywords`) VALUES
(1, 'A forma mais fácil de registrar uma marca', '<p>Buscando melhoria no processo de registro de marcas, decidimos aplicar todo nosso conhecimento para ajudar as pessoas comuns a terem sucesso com a exclusividade sobre a marca de sua empresa, com informa&ccedil;&otilde;es transparentes capazes de afastar a &ldquo;cultura do medo&rdquo; imposta pelo mercado de empresas que atuam oferecendo servi&ccedil;os de registrar marca.</p>\r\n', '', '');

-- --------------------------------------------------------

--
-- Estrutura da tabela `pagseguro_transacao`
--

CREATE TABLE `pagseguro_transacao` (
  `id` int(11) NOT NULL,
  `transacao` varchar(45) DEFAULT NULL,
  `data` datetime DEFAULT NULL,
  `status` int(11) DEFAULT NULL,
  `pedido_id` int(11) NOT NULL
) ENGINE=InnoDB DEFAULT CHARSET=utf8;

-- --------------------------------------------------------

--
-- Estrutura da tabela `pais`
--

CREATE TABLE `pais` (
  `id` int(11) NOT NULL,
  `nome` varchar(80) NOT NULL,
  `sigla` char(2) DEFAULT NULL
) ENGINE=InnoDB DEFAULT CHARSET=utf8;

--
-- Extraindo dados da tabela `pais`
--

INSERT INTO `pais` (`id`, `nome`, `sigla`) VALUES
(1, 'Afeganistão', 'AF'),
(2, 'Albânia', 'AL'),
(3, 'Alemanha', 'DE'),
(4, 'Andorra', 'AD'),
(5, 'Angola', 'AO'),
(6, 'Anguilla', 'AI'),
(7, 'Antilhas Holandesas', 'AN'),
(8, 'Antígua e Barbuda', 'AG'),
(9, 'Argentina', 'AR'),
(10, 'Argélia', 'DZ'),
(11, 'Armênia', 'AM'),
(12, 'Aruba', 'AW'),
(13, 'Arábia Saudita', 'SA'),
(14, 'Austrália', 'AU'),
(15, 'Azerbaidjão', 'AZ'),
(16, 'Bahamas', 'BS'),
(17, 'Bangladesh', 'BD'),
(18, 'Barbados', 'BB'),
(19, 'Bareine', 'BH'),
(20, 'Belarus', 'BY'),
(21, 'Belize', 'BZ'),
(22, 'Benin', 'BJ'),
(23, 'Bermudas', 'BM'),
(24, 'Bolívia', 'BO'),
(25, 'Botswana', 'BW'),
(26, 'Brasil', 'BR'),
(27, 'Brunei Darussalam', 'BN'),
(28, 'Bulgária', 'BG'),
(29, 'Burkina Faso', 'BF'),
(30, 'Burundi', 'BI'),
(31, 'Butão', 'BT'),
(32, 'Bélgica', 'BE'),
(33, 'Bósnia e Herzegóvina', 'BA'),
(34, 'Cabo Verde', 'CV'),
(35, 'Camarões', 'CM'),
(36, 'Camboja', 'KH'),
(37, 'Canadá', 'CA'),
(38, 'Catar', 'QA'),
(39, 'Cazaquistão', 'KZ'),
(40, 'Chade', 'TD'),
(41, 'Chile', 'CL'),
(42, 'China', 'CN'),
(43, 'Chipre', 'CY'),
(44, 'Colombia', 'CO'),
(45, 'Congo', 'CG'),
(46, 'Costa Rica', 'CR'),
(47, 'Costa do Marfim', 'CI'),
(48, 'Croácia', 'HR'),
(49, 'Cuba', 'CU'),
(50, 'Curaçao', 'CW'),
(51, 'Dinamarca', 'DK'),
(52, 'Djibuti', 'DJ'),
(53, 'Dominica', 'DM'),
(54, 'Egito', 'EG'),
(55, 'El Salvador', 'SV'),
(56, 'Emirados Árabes Unidos', 'AE'),
(57, 'Equador', 'EC'),
(58, 'Eritréia', 'ER'),
(59, 'Eslovenia', 'SI'),
(60, 'Eslováquia', 'SK'),
(61, 'Espanha', 'ES'),
(62, 'Estados Unidos da América', 'US'),
(63, 'Estônia', 'EE'),
(64, 'Etiópia', 'ET'),
(65, 'Federação Russa', 'RU'),
(66, 'Fiji', 'FJ'),
(67, 'Filipinas', 'PH'),
(68, 'Finlândia', 'FI'),
(69, 'França', 'FR'),
(70, 'Gabão', 'GA'),
(71, 'Gambia', 'GM'),
(72, 'Gana', 'GH'),
(73, 'Geórgia', 'GE'),
(74, 'Gibraltar', 'GI'),
(75, 'Granada', 'GD'),
(76, 'Grécia', 'GR'),
(77, 'Guatemala', 'GT'),
(78, 'Guiana', 'GY'),
(79, 'Guine', 'GN'),
(80, 'Guine Equatorial', 'GQ'),
(81, 'Guiné Bissau', 'GW'),
(82, 'Haiti', 'HT'),
(83, 'Holanda', 'NL'),
(84, 'Honduras', 'HN'),
(85, 'Hong-Kong', 'HK'),
(86, 'Hungria', 'HU'),
(87, 'INPI', 'PI'),
(88, 'Ilha de Man', 'IM'),
(89, 'Ilhas Cayman', 'KY'),
(90, 'Ilhas Cook', 'CK'),
(91, 'Ilhas Marshall', 'MH'),
(92, 'Ilhas Turks e Caicos', 'TC'),
(93, 'Ilhas Virgens (Britânicas)', 'VG'),
(94, 'Ilhas Virgens (U.S.)', 'VI'),
(95, 'Ilhas Wallis e Futura', 'WF'),
(96, 'Ilhas do Canal', 'GG'),
(97, 'Indonésia', 'ID'),
(98, 'Iraque', 'IQ'),
(99, 'Irlanda', 'IE'),
(100, 'Irã', 'IR'),
(101, 'Islândia', 'IS'),
(102, 'Israel', 'IL'),
(103, 'Itália', 'IT'),
(104, 'Iêmen', 'YE'),
(105, 'Jamaica', 'JM'),
(106, 'Japão', 'JP'),
(107, 'Jersey', 'JE'),
(108, 'Jordânia', 'JO'),
(109, 'Kuwait', 'KW'),
(110, 'Laos', 'LA'),
(111, 'Lesoto', 'LS'),
(112, 'Letônia', 'LV'),
(113, 'Libéria', 'LR'),
(114, 'Liechtenstein', 'LI'),
(115, 'Lituânia', 'LT'),
(116, 'Luxemburgo', 'LU'),
(117, 'Líbano', 'LB'),
(118, 'Líbia', 'LY'),
(119, 'Macau', 'MO'),
(120, 'Madagascar', 'MG'),
(121, 'Malawi', 'MW'),
(122, 'Mali', 'ML'),
(123, 'Malta', 'MT'),
(124, 'Malásia', 'MY'),
(125, 'Marrocos', 'MA'),
(126, 'Mauritânia', 'MR'),
(127, 'Maurício', 'MU'),
(128, 'Mianmá', 'MM'),
(129, 'Mongólia', 'MN'),
(130, 'Moçambique', 'MZ'),
(131, 'México', 'MX'),
(132, 'Mônaco', 'MC'),
(133, 'Namíbia', 'NA'),
(134, 'Nepal', 'NP'),
(135, 'Nicarágua', 'NI'),
(136, 'Nigéria', 'NG'),
(137, 'Noruega', 'NO'),
(138, 'Nova Caledonia', 'NC'),
(139, 'Nova Zelândia', 'NZ'),
(140, 'Níger', 'NE'),
(141, 'Omã', 'OM'),
(142, 'Panamá', 'PA'),
(143, 'Papua Nova Guiné', 'PG'),
(144, 'Paquistão', 'PK'),
(145, 'Paraguai', 'PY'),
(146, 'Países Baixos', 'PB'),
(147, 'Peru', 'PE'),
(148, 'Polinésia Francesa', 'PF'),
(149, 'Polônia', 'PL'),
(150, 'Porto Rico', 'PR'),
(151, 'Portugal', 'PT'),
(152, 'Quirguistão', 'KG'),
(153, 'Quênia', 'KE'),
(154, 'Reino Unido', 'GB'),
(155, 'Republica Democrática do Timor Leste', 'TL'),
(156, 'República Centro Africana', 'CF'),
(157, 'República Dominicana', 'DO'),
(158, 'República Pop. Dem. da Coreia', 'KP'),
(159, 'República Tcheca', 'CZ'),
(160, 'República Unida da Tanzânia', 'TZ'),
(161, 'República da Coréia', 'KR'),
(162, 'República da Macedonia', 'MK'),
(163, 'República da Moldova', 'MD'),
(164, 'Romênia', 'RO'),
(165, 'Ruanda', 'RW'),
(166, 'Samoa', 'WS'),
(167, 'Santa Lúcia', 'LC'),
(168, 'Senegal', 'SN'),
(169, 'Serra Leoa', 'SL'),
(170, 'Seychelles', 'SC'),
(171, 'Singapura', 'SG'),
(172, 'Somália', 'SO'),
(173, 'Sri Lanka', 'LK'),
(174, 'Suazilândia', 'SZ'),
(175, 'Sudão', 'SD'),
(176, 'Suiça', 'CH'),
(177, 'Suriname', 'SR'),
(178, 'Suécia', 'SE'),
(179, 'São Cristovão e Nevis', 'KN'),
(180, 'São Marino', 'SM'),
(181, 'São Tomé e Príncipe', 'ST'),
(182, 'São Vicente e Granadinas', 'VC'),
(183, 'Sérvia', 'RS'),
(184, 'Síria', 'SY'),
(185, 'Tadjiquistão', 'TJ'),
(186, 'Tailândia', 'TH'),
(187, 'Taiwan', 'TW'),
(188, 'Togo', 'TG'),
(189, 'Tonga', 'TO'),
(190, 'Trinidad e Tobago', 'TT'),
(191, 'Tunísia', 'TN'),
(192, 'Turcomenistão', 'TM'),
(193, 'Turquia', 'TR'),
(194, 'Ucrânia', 'UA'),
(195, 'Uganda', 'UG'),
(196, 'Uruguai', 'UY'),
(197, 'Uzbequistão', 'UZ'),
(198, 'Vanuatu', 'VU'),
(199, 'Venezuela', 'VE'),
(200, 'Vietnã', 'VN'),
(201, 'Yugoslávia', 'YU'),
(202, 'Zimbábue', 'ZW'),
(203, 'Zâmbia', 'ZM'),
(204, 'África do Sul', 'ZA'),
(205, 'Áustria', 'AT'),
(206, 'Índia', 'IN');

-- --------------------------------------------------------

--
-- Estrutura da tabela `parceiro`
--

CREATE TABLE `parceiro` (
  `id` int(11) NOT NULL,
  `categoria` varchar(45) DEFAULT NULL,
  `hash` varchar(45) DEFAULT NULL,
  `active` tinyint(1) NOT NULL DEFAULT '1',
  `data_cadastro` datetime DEFAULT NULL,
  `parceiro_categoria_id` int(11) NOT NULL,
  `saldo` decimal(10,2) DEFAULT NULL
) ENGINE=InnoDB DEFAULT CHARSET=utf8;

--
-- Extraindo dados da tabela `parceiro`
--

INSERT INTO `parceiro` (`id`, `categoria`, `hash`, `active`, `data_cadastro`, `parceiro_categoria_id`, `saldo`) VALUES
(5, NULL, 'convenio1234', 1, '2016-10-24 16:16:26', 1, '0.00');

-- --------------------------------------------------------

--
-- Estrutura da tabela `parceiro_categoria`
--

CREATE TABLE `parceiro_categoria` (
  `id` int(11) NOT NULL,
  `nome` varchar(45) DEFAULT NULL,
  `comissao` tinyint(1) NOT NULL,
  `active` tinyint(1) NOT NULL DEFAULT '1',
  `data_cadastro` datetime NOT NULL,
  `desconto` tinyint(1) NOT NULL DEFAULT '0'
) ENGINE=InnoDB DEFAULT CHARSET=utf8;

--
-- Extraindo dados da tabela `parceiro_categoria`
--

INSERT INTO `parceiro_categoria` (`id`, `nome`, `comissao`, `active`, `data_cadastro`, `desconto`) VALUES
(1, 'OAB', 20, 1, '2016-10-10 21:54:57', 20);

-- --------------------------------------------------------

--
-- Estrutura da tabela `pedido`
--

CREATE TABLE `pedido` (
  `id` int(11) NOT NULL,
  `cliente_id` int(11) NOT NULL,
  `marca_id` int(11) NOT NULL,
  `data_cadastro` datetime DEFAULT NULL,
  `total` decimal(10,2) DEFAULT NULL,
  `subtotal` decimal(10,2) DEFAULT NULL,
  `desconto` decimal(10,2) DEFAULT NULL,
  `cupom_id` int(11) DEFAULT NULL,
  `status` enum('novo','aguardando pagamento','pago','cancelado','processando','concluido') DEFAULT NULL,
  `busca_id` int(11) DEFAULT NULL,
  `responsavel_users_id` int(11) DEFAULT NULL
) ENGINE=InnoDB DEFAULT CHARSET=utf8;

--
-- Extraindo dados da tabela `pedido`
--

INSERT INTO `pedido` (`id`, `cliente_id`, `marca_id`, `data_cadastro`, `total`, `subtotal`, `desconto`, `cupom_id`, `status`, `busca_id`, `responsavel_users_id`) VALUES
(1, 2, 5, '2016-10-04 23:01:18', '3555.00', '3950.00', '395.00', 1, 'novo', 46, NULL),
(2, 2, 6, '2016-10-06 10:11:58', '1950.00', '1950.00', '0.00', NULL, 'novo', 47, NULL),
(3, 2, 7, '2016-10-06 11:03:30', '1950.00', '1950.00', '0.00', NULL, 'novo', 48, NULL),
(4, 2, 8, '2016-10-06 14:12:15', '1755.00', '1950.00', '195.00', 1, 'novo', 49, NULL),
(5, 2, 13, '2016-10-06 15:23:01', '1950.00', '1950.00', '0.00', NULL, 'novo', 50, NULL),
(6, 2, 14, '2016-10-06 15:41:21', '1950.00', '1950.00', '0.00', NULL, 'novo', 51, NULL),
(7, 2, 15, '2016-10-06 15:43:12', '1950.00', '1950.00', '0.00', NULL, 'cancelado', 52, NULL),
(8, 2, 5, '2016-10-13 14:34:11', '2000.00', '2000.00', '0.00', NULL, 'cancelado', NULL, NULL),
(9, 2, 16, '2016-10-13 14:44:28', '3950.00', '3950.00', '0.00', NULL, 'cancelado', 56, NULL),
(10, 2, 5, '2016-10-13 16:16:20', '0.00', '0.00', '0.00', NULL, 'cancelado', NULL, NULL),
(11, 2, 5, '2016-10-13 16:18:13', '800.00', '800.00', '0.00', NULL, 'cancelado', NULL, NULL),
(12, 2, 17, '2016-10-13 21:07:24', '1950.00', '1950.00', '0.00', NULL, 'pago', 57, NULL),
(13, 2, 18, '2016-10-13 21:18:38', '1950.00', '1950.00', '0.00', NULL, 'processando', 59, 1),
(14, 10, 19, '2016-10-18 10:41:06', '800.00', '800.00', '0.00', NULL, 'cancelado', NULL, NULL),
(15, 10, 19, '2016-10-18 10:54:07', '0.00', '800.00', '800.00', 2, 'processando', NULL, 6),
(16, 2, 21, '2016-10-26 00:18:48', '240.00', '240.00', '0.00', NULL, 'cancelado', NULL, NULL),
(21, 2, 22, '2016-10-26 01:01:48', '0.00', '1680.00', '1680.00', 2, 'processando', NULL, 6),
(22, 2, 22, '2016-10-26 01:25:18', '0.00', '240.00', '240.00', 2, 'processando', NULL, 1),
(23, 2, 23, '2016-10-26 11:22:59', '0.00', '1680.00', '1680.00', 2, 'processando', NULL, 6),
(24, 2, 24, '2016-10-26 11:29:27', '2035.00', '2035.00', '0.00', NULL, 'novo', NULL, NULL),
(25, 2, 25, '2016-10-26 11:35:28', '0.00', '2035.00', '2035.00', 2, 'concluido', NULL, 6),
(26, 2, 26, '2016-10-26 11:37:14', '2425.00', '2425.00', '0.00', NULL, 'cancelado', NULL, NULL),
(27, 2, 27, '2016-10-27 11:25:46', '355.00', '2275.00', '1920.00', 2, 'novo', NULL, NULL),
(28, 2, 28, '2016-10-27 11:36:05', '2035.00', '2035.00', '0.00', NULL, 'novo', NULL, NULL),
(29, 2, 27, '2016-10-27 13:05:14', '2795.00', '2795.00', '0.00', NULL, 'novo', NULL, NULL),
(30, 2, 35, '2016-11-16 14:40:59', '2035.00', '2035.00', '0.00', NULL, 'novo', 136, NULL),
(31, 2, 36, '2016-11-16 14:41:37', '2275.00', '2275.00', '0.00', NULL, 'novo', 137, NULL),
(32, 2, 27, '2016-11-16 14:42:24', '240.00', '240.00', '0.00', NULL, 'novo', NULL, NULL),
(33, 2, 23, '2016-11-21 11:34:58', '240.00', '240.00', '0.00', NULL, 'novo', NULL, NULL),
(34, 2, 27, '2016-11-22 17:12:16', '192.00', '240.00', '48.00', 1, 'cancelado', NULL, NULL),
(35, 2, 41, '2016-12-20 08:37:35', '2035.00', '2035.00', '0.00', NULL, 'cancelado', 144, NULL),
(36, 2, 42, '2016-12-20 08:51:10', '2035.00', '2035.00', '0.00', NULL, 'pago', 145, NULL);

-- --------------------------------------------------------

--
-- Estrutura da tabela `pedido_has_servico`
--

CREATE TABLE `pedido_has_servico` (
  `pedido_id` int(11) NOT NULL,
  `servico_id` int(11) NOT NULL,
  `valor` decimal(10,2) DEFAULT NULL,
  `valor_gru` decimal(10,2) DEFAULT NULL
) ENGINE=InnoDB DEFAULT CHARSET=utf8;

--
-- Extraindo dados da tabela `pedido_has_servico`
--

INSERT INTO `pedido_has_servico` (`pedido_id`, `servico_id`, `valor`, `valor_gru`) VALUES
(16, 2, '240.00', NULL),
(21, 1, '1680.00', NULL),
(22, 2, '240.00', NULL),
(23, 1, '1680.00', NULL),
(24, 1, '1680.00', '355.00'),
(25, 1, '1680.00', '355.00'),
(26, 3, '1680.00', '745.00'),
(27, 1, '1680.00', '355.00'),
(27, 2, '240.00', NULL),
(28, 1, '1680.00', '355.00'),
(29, 4, '1680.00', '1115.00'),
(30, 1, '1680.00', '355.00'),
(31, 1, '1680.00', '355.00'),
(31, 2, '240.00', NULL),
(32, 2, '240.00', NULL),
(33, 2, '240.00', NULL),
(34, 2, '240.00', NULL),
(35, 1, '1680.00', '355.00'),
(36, 1, '1680.00', '355.00');

-- --------------------------------------------------------

--
-- Estrutura da tabela `rendimento`
--

CREATE TABLE `rendimento` (
  `id` int(11) NOT NULL,
  `valor` decimal(10,2) DEFAULT NULL,
  `pedido_id` int(11) DEFAULT NULL,
  `parceiro_id` int(11) NOT NULL,
  `data_cadastro` datetime DEFAULT NULL
) ENGINE=InnoDB DEFAULT CHARSET=utf8;

--
-- Extraindo dados da tabela `rendimento`
--

INSERT INTO `rendimento` (`id`, `valor`, `pedido_id`, `parceiro_id`, `data_cadastro`) VALUES
(1, '0.00', 21, 5, '2016-10-26 01:01:48'),
(2, '0.00', 22, 5, '2016-10-26 01:25:18'),
(3, '0.00', 23, 5, '2016-10-26 11:22:59'),
(4, '0.00', 25, 5, '2016-10-26 11:35:28');

-- --------------------------------------------------------

--
-- Estrutura da tabela `servico`
--

CREATE TABLE `servico` (
  `id` int(11) NOT NULL,
  `titulo` varchar(80) NOT NULL,
  `descricao` text,
  `valor` decimal(10,2) DEFAULT NULL,
  `valor_gru` decimal(10,2) DEFAULT NULL,
  `valor_gru_pj` decimal(10,2) DEFAULT NULL,
  `vendavel` tinyint(1) NOT NULL DEFAULT '0',
  `gru` tinyint(1) NOT NULL DEFAULT '0',
  `ordem` int(11) DEFAULT NULL,
  `termo` varchar(255) DEFAULT NULL,
  `active` tinyint(1) NOT NULL DEFAULT '1',
  `promocional` tinyint(1) NOT NULL DEFAULT '0'
) ENGINE=InnoDB DEFAULT CHARSET=utf8;

--
-- Extraindo dados da tabela `servico`
--

INSERT INTO `servico` (`id`, `titulo`, `descricao`, `valor`, `valor_gru`, `valor_gru_pj`, `vendavel`, `gru`, `ordem`, `termo`, `active`, `promocional`) VALUES
(1, 'Pedido de registro de marca', 'Segunda Fase do registro de uma marca. O pedido de registro é caracterizado pela existência do processo na base de dados do INPI, onde após publicado inicia-se a contagem dos prazos para manifestação do Órgão e de terceiros interessados.', '1680.00', '142.00', '355.00', 1, 1, 2, NULL, 1, 0),
(2, 'Acompanhamento de processo', 'Semelhante a um seguro automotivo, o acompanhamento de processo é realizado toda semana para identificar movimento no processo de pedido de registro de uma marca. Caso seja identificado movimentação o empresário é notificado para que sejam tomadas as providências no prado ordinário de 60 dias, e em alguns casos extraordinário mais 30 dias, sob pena de arquivamento definitivo do processo. Em caso de exigência, arquivamento ou indeferimento sem manifestação o empresário perderá todo tempo e dinheiro investido.', '240.00', NULL, NULL, 1, 0, 3, NULL, 1, 0),
(3, 'Registro de Marca (Prazo Ordinário)', 'Terceira Fase processual, é a mais aguardada por todos. A partir da publicação do Registro da Marca, o empresário poderá usar a marca por 10 anos consecutivos.', '1680.00', '298.00', '745.00', 1, 1, 4, 'Declaro nos termos do Art. 162 da Lei 9.279/96, que o serviço contratado está dentro do prazo ordinário de 60 (sessenta) dias, contados da data do deferimento do processo.', 1, 0),
(4, 'Registro de Marca (Prazo Extraordinário)', 'Terceira Fase processual, é a mais aguardada por todos. A partir da publicação do Registro da Marca, o empresário poderá usar a marca por 10 anos consecutivos.', '1680.00', '446.00', '1115.00', 1, 1, 5, NULL, 1, 0),
(5, 'Pesquisa de marca/ Busca de Marca', 'É a Primeira Fase do registro e um dos momentos mais importantes do processo de registro de uma marca. Através da Pesquisa/Busca o empresário fica sabendo se a marca é inviável, viável ou crítica. Lembrando que no processo de registro está presente o “Fator Subjetivo”, caracterizado pela decisão de um analista do Instituto Nacional da Propriedade Industrial - INPI.\r\n', NULL, NULL, NULL, 0, 0, 1, NULL, 1, 0),
(6, 'Manifestação Oposição', 'Em alguns momentos o empresário poderá se manifestar no prazo de 60 dias contados da publicação pelo INPI do processo ou da posição, garantindo o direito de ampla defesa da marca.', NULL, NULL, NULL, 0, 0, 6, NULL, 1, 0),
(7, 'Cumprimento de exigência', 'Quando o pedido de registro de marca não atender ao padrão exigido pelo INPI, será publicado uma exigência para cumprimento no prazo de 60 dias sob pena de arquivamento do processo. O pedido realizado pela ferramenta Mavip nunca recebeu um pedido de exigência.', NULL, NULL, NULL, 0, 0, 7, NULL, 1, 0),
(8, 'Cumprimento de exigência', 'Quando o pedido de registro de marca não atender ao padrão exigido pelo INPI, será publicado uma exigência para cumprimento no prazo de 60 dias sob pena de arquivamento do processo. O pedido realizado pela ferramenta Mavip nunca recebeu um pedido de exigência.', NULL, NULL, NULL, 0, 0, 8, NULL, 1, 0),
(9, 'Renovação do Registro de Marca', 'Passado 10 anos de uso de uma Marca Registrada é necessário renovar o registro por mais 10 anos, ou seja, iguais períodos sucessivos.', NULL, NULL, NULL, 0, 0, 9, NULL, 1, 0),
(10, 'Transferência de titularidade', 'Caso a empresa necessite transferir os direitos sobre a marca, seja por venda da marca ou por alteração no CNPJ é necessário comunicar ao INPI essa alteração.', NULL, NULL, NULL, 0, 0, 10, NULL, 1, 0),
(11, 'Pedido de registro de programa de computador', 'Proteção conferida para algoritmos, telas e rotinas de um programa de computador (software), durante 50 anos. É uma ferramenta importantíssima para comprovação de propriedade, assim como, comprova que a empresa possui título(s) de investimento em tecnologia.', NULL, NULL, NULL, 0, 0, 11, NULL, 1, 0),
(12, 'Pesquisa de patente ou modelo de utilidade', 'Primeira Fase do pedido de patente ou modelo de utilidade, é caracterizado pela busca de viabilidade do pedido no INPI.', NULL, NULL, NULL, 0, 0, 12, NULL, 1, 0),
(13, 'Pedido de patente ou modelo de utilidade', 'Segunda Fase do pedido de patente ou modelo de utilidade. O pedido de patente é caracterizado pelo conjunto descritivo, com imagem ou desenhos, capazes de identificar a novidade e aplicação industrial.', NULL, NULL, NULL, 0, 0, 13, NULL, 1, 0),
(14, 'Acompanhamento da patente ou modelo de utilidade', 'Semelhante a um seguro automotivo, o acompanhamento de processo é realizado toda semana para identificar movimento no processo e pedido de patente ou modelo de utilidade. Caso seja identificado movimentação o inventor é notificado para que sejam tomadas as providências no prado determinado pelo INPI.', NULL, NULL, NULL, 0, 0, 14, NULL, 1, 0),
(15, 'Patente ou modelo de utilidade', 'Terceira Faseprocessual, é a mais aguardada pelos inventores. A partir da publicação da patente ou modelo de utilidade, o inventor poderá explorar por 20 anos consecutivos. a', NULL, NULL, NULL, 0, 0, 20, NULL, 1, 0);

-- --------------------------------------------------------

--
-- Estrutura da tabela `users`
--

CREATE TABLE `users` (
  `id` int(11) NOT NULL,
  `name` varchar(80) NOT NULL,
  `login` varchar(45) NOT NULL,
  `password` varchar(45) NOT NULL,
  `salt` varchar(45) NOT NULL DEFAULT '',
  `email` varchar(150) DEFAULT NULL,
  `date_create` datetime DEFAULT NULL,
  `active` tinyint(1) NOT NULL DEFAULT '1',
  `role_id` int(11) NOT NULL
) ENGINE=InnoDB DEFAULT CHARSET=utf8;

--
-- Extraindo dados da tabela `users`
--

INSERT INTO `users` (`id`, `name`, `login`, `password`, `salt`, `email`, `date_create`, `active`, `role_id`) VALUES
(1, 'admin', 'admin', '601f1889667efaebb33b8c12572835da3f027f78', '', NULL, NULL, 1, 1),
(3, 'Max Holanda', 'maxholanda', 'd77fde6eb2b6261f5aad7ab27acb5ec9ff444e54', '4105cfe0285443d18e182cec63e5782a5c69834d', NULL, NULL, 1, 2),
(4, 'Parceiro 1', 'parceiro', '5b7af4da74bee4a1560b71b47fda28937f92a0e9', 'f3d0f6cbbc2f9898f3def37f97efb69077e8dbe0', NULL, NULL, 1, 2),
(5, 'teste 2', 'convenio2', '85adc5e8b2d73c2a86b8b4eb412a1b8b81675234', 'a05eb84b9cafcb75aa7139158e9e3f7bb2e14e28', NULL, NULL, 1, 2),
(6, 'Colaborador', 'atendimento', 'bfddf6e5abed85d6704383bc4efa05f5301315d2', '953e03e87b60d6d026048f2711144aa9ceef651d', NULL, '2016-10-25 09:40:54', 1, 3),
(7, 'Colaborador', 'colaborador', '7acee05a081aacbd7c914f3e18b281127c69e2b2', '52d3b8c43d2534023c3e9a2ec0c07158bae6045b', NULL, '2016-10-31 06:44:24', 1, 4);

--
-- Indexes for dumped tables
--

--
-- Indexes for table `acl_access`
--
ALTER TABLE `acl_access`
  ADD PRIMARY KEY (`resource_id`,`privilege`,`role_id`),
  ADD KEY `fk_acl_access_acl_resources` (`resource_id`,`privilege`),
  ADD KEY `fk_acl_access_acl_roles` (`role_id`);

--
-- Indexes for table `acl_inheritance`
--
ALTER TABLE `acl_inheritance`
  ADD PRIMARY KEY (`child_id`,`parent_id`),
  ADD KEY `fk_acl_inheritance_acl_roles` (`child_id`),
  ADD KEY `fk_acl_inheritance_acl_roles1` (`parent_id`);

--
-- Indexes for table `acl_resources`
--
ALTER TABLE `acl_resources`
  ADD PRIMARY KEY (`id`,`privilege`),
  ADD KEY `fk_acl_resources_acl_resources` (`parent_id`);

--
-- Indexes for table `acl_roles`
--
ALTER TABLE `acl_roles`
  ADD PRIMARY KEY (`id`);

--
-- Indexes for table `blacklist`
--
ALTER TABLE `blacklist`
  ADD PRIMARY KEY (`id`);

--
-- Indexes for table `blog`
--
ALTER TABLE `blog`
  ADD PRIMARY KEY (`id`);

--
-- Indexes for table `busca`
--
ALTER TABLE `busca`
  ADD PRIMARY KEY (`id`),
  ADD KEY `fk_busca_categoria1_idx` (`categoria_id`),
  ADD KEY `fk_busca_cliente1_idx` (`cliente_id`);

--
-- Indexes for table `busca_excecao`
--
ALTER TABLE `busca_excecao`
  ADD PRIMARY KEY (`id`);

--
-- Indexes for table `busca_termo`
--
ALTER TABLE `busca_termo`
  ADD PRIMARY KEY (`id`);

--
-- Indexes for table `categoria`
--
ALTER TABLE `categoria`
  ADD PRIMARY KEY (`id`);

--
-- Indexes for table `cidade`
--
ALTER TABLE `cidade`
  ADD PRIMARY KEY (`id`),
  ADD KEY `fk_cidade_estado1_idx` (`estado_id`);

--
-- Indexes for table `cliente`
--
ALTER TABLE `cliente`
  ADD PRIMARY KEY (`id`),
  ADD KEY `fk_cliente_pais1_idx` (`pais_id`),
  ADD KEY `fk_cliente_cidade1_idx` (`cidade_id`),
  ADD KEY `fk_cliente_cliente_natureza1_idx` (`cliente_natureza_id`),
  ADD KEY `fk_cliente_parceiro1_idx` (`parceiro_id`);

--
-- Indexes for table `cliente_natureza`
--
ALTER TABLE `cliente_natureza`
  ADD PRIMARY KEY (`id`);

--
-- Indexes for table `configs`
--
ALTER TABLE `configs`
  ADD PRIMARY KEY (`chave`);

--
-- Indexes for table `cupom`
--
ALTER TABLE `cupom`
  ADD PRIMARY KEY (`id`);

--
-- Indexes for table `estado`
--
ALTER TABLE `estado`
  ADD PRIMARY KEY (`id`);

--
-- Indexes for table `faq`
--
ALTER TABLE `faq`
  ADD PRIMARY KEY (`id`);

--
-- Indexes for table `leitura`
--
ALTER TABLE `leitura`
  ADD PRIMARY KEY (`id`);

--
-- Indexes for table `log`
--
ALTER TABLE `log`
  ADD PRIMARY KEY (`id`),
  ADD KEY `fk_log_users1_idx` (`users_id`);

--
-- Indexes for table `marca`
--
ALTER TABLE `marca`
  ADD PRIMARY KEY (`id`),
  ADD KEY `fk_marca_cliente1_idx` (`cliente_id`),
  ADD KEY `fk_marca_categoria1_idx` (`categoria_id`);

--
-- Indexes for table `marca_has_servico`
--
ALTER TABLE `marca_has_servico`
  ADD PRIMARY KEY (`marca_id`,`servico_id`),
  ADD KEY `fk_marca_has_servico_servico1_idx` (`servico_id`),
  ADD KEY `fk_marca_has_servico_marca1_idx` (`marca_id`);

--
-- Indexes for table `marca_historico`
--
ALTER TABLE `marca_historico`
  ADD PRIMARY KEY (`id`),
  ADD KEY `fk_marca_historico_leitura1_idx` (`leitura_id`),
  ADD KEY `fk_marca_historico_marca1_idx` (`marca_id`);

--
-- Indexes for table `marca_historico_mensagem`
--
ALTER TABLE `marca_historico_mensagem`
  ADD PRIMARY KEY (`id`);

--
-- Indexes for table `pagina`
--
ALTER TABLE `pagina`
  ADD PRIMARY KEY (`id`);

--
-- Indexes for table `pagseguro_transacao`
--
ALTER TABLE `pagseguro_transacao`
  ADD PRIMARY KEY (`id`),
  ADD KEY `fk_pagseguro_transacao_pedido1_idx` (`pedido_id`);

--
-- Indexes for table `pais`
--
ALTER TABLE `pais`
  ADD PRIMARY KEY (`id`);

--
-- Indexes for table `parceiro`
--
ALTER TABLE `parceiro`
  ADD PRIMARY KEY (`id`),
  ADD KEY `fk_parceiro_parceiro_categoria1_idx` (`parceiro_categoria_id`),
  ADD KEY `fk_parceiro_users1_idx` (`id`);

--
-- Indexes for table `parceiro_categoria`
--
ALTER TABLE `parceiro_categoria`
  ADD PRIMARY KEY (`id`);

--
-- Indexes for table `pedido`
--
ALTER TABLE `pedido`
  ADD PRIMARY KEY (`id`),
  ADD KEY `fk_pedido_cliente1_idx` (`cliente_id`),
  ADD KEY `fk_pedido_marca1_idx` (`marca_id`),
  ADD KEY `fk_pedido_cupom1_idx` (`cupom_id`),
  ADD KEY `fk_pedido_busca1_idx` (`busca_id`),
  ADD KEY `fk_pedido_users1_idx` (`responsavel_users_id`);

--
-- Indexes for table `pedido_has_servico`
--
ALTER TABLE `pedido_has_servico`
  ADD PRIMARY KEY (`pedido_id`,`servico_id`),
  ADD KEY `fk_pedido_has_servico_servico1_idx` (`servico_id`),
  ADD KEY `fk_pedido_has_servico_pedido1_idx` (`pedido_id`);

--
-- Indexes for table `rendimento`
--
ALTER TABLE `rendimento`
  ADD PRIMARY KEY (`id`),
  ADD KEY `fk_rendimento_pedido1_idx` (`pedido_id`),
  ADD KEY `fk_rendimento_parceiro1_idx` (`parceiro_id`);

--
-- Indexes for table `servico`
--
ALTER TABLE `servico`
  ADD PRIMARY KEY (`id`);

--
-- Indexes for table `users`
--
ALTER TABLE `users`
  ADD PRIMARY KEY (`id`),
  ADD KEY `fk_users_acl_roles1_idx` (`role_id`);

--
-- AUTO_INCREMENT for dumped tables
--

--
-- AUTO_INCREMENT for table `acl_roles`
--
ALTER TABLE `acl_roles`
  MODIFY `id` int(11) NOT NULL AUTO_INCREMENT, AUTO_INCREMENT=5;
--
-- AUTO_INCREMENT for table `blacklist`
--
ALTER TABLE `blacklist`
  MODIFY `id` int(11) NOT NULL AUTO_INCREMENT, AUTO_INCREMENT=3;
--
-- AUTO_INCREMENT for table `blog`
--
ALTER TABLE `blog`
  MODIFY `id` int(11) NOT NULL AUTO_INCREMENT, AUTO_INCREMENT=3;
--
-- AUTO_INCREMENT for table `busca`
--
ALTER TABLE `busca`
  MODIFY `id` int(11) NOT NULL AUTO_INCREMENT, AUTO_INCREMENT=158;
--
-- AUTO_INCREMENT for table `busca_excecao`
--
ALTER TABLE `busca_excecao`
  MODIFY `id` int(11) NOT NULL AUTO_INCREMENT, AUTO_INCREMENT=2;
--
-- AUTO_INCREMENT for table `busca_termo`
--
ALTER TABLE `busca_termo`
  MODIFY `id` int(11) NOT NULL AUTO_INCREMENT, AUTO_INCREMENT=3;
--
-- AUTO_INCREMENT for table `categoria`
--
ALTER TABLE `categoria`
  MODIFY `id` int(11) NOT NULL AUTO_INCREMENT, AUTO_INCREMENT=15;
--
-- AUTO_INCREMENT for table `cidade`
--
ALTER TABLE `cidade`
  MODIFY `id` int(11) NOT NULL AUTO_INCREMENT, AUTO_INCREMENT=10027;
--
-- AUTO_INCREMENT for table `cliente`
--
ALTER TABLE `cliente`
  MODIFY `id` int(11) NOT NULL AUTO_INCREMENT, AUTO_INCREMENT=11;
--
-- AUTO_INCREMENT for table `cliente_natureza`
--
ALTER TABLE `cliente_natureza`
  MODIFY `id` int(11) NOT NULL AUTO_INCREMENT, AUTO_INCREMENT=11;
--
-- AUTO_INCREMENT for table `cupom`
--
ALTER TABLE `cupom`
  MODIFY `id` int(11) NOT NULL AUTO_INCREMENT, AUTO_INCREMENT=3;
--
-- AUTO_INCREMENT for table `estado`
--
ALTER TABLE `estado`
  MODIFY `id` int(11) NOT NULL AUTO_INCREMENT, AUTO_INCREMENT=28;
--
-- AUTO_INCREMENT for table `faq`
--
ALTER TABLE `faq`
  MODIFY `id` int(11) NOT NULL AUTO_INCREMENT, AUTO_INCREMENT=2;
--
-- AUTO_INCREMENT for table `log`
--
ALTER TABLE `log`
  MODIFY `id` int(11) NOT NULL AUTO_INCREMENT, AUTO_INCREMENT=135;
--
-- AUTO_INCREMENT for table `marca`
--
ALTER TABLE `marca`
  MODIFY `id` int(11) NOT NULL AUTO_INCREMENT, AUTO_INCREMENT=47;
--
-- AUTO_INCREMENT for table `marca_historico`
--
ALTER TABLE `marca_historico`
  MODIFY `id` int(11) NOT NULL AUTO_INCREMENT, AUTO_INCREMENT=3;
--
-- AUTO_INCREMENT for table `marca_historico_mensagem`
--
ALTER TABLE `marca_historico_mensagem`
  MODIFY `id` int(11) NOT NULL AUTO_INCREMENT, AUTO_INCREMENT=2;
--
-- AUTO_INCREMENT for table `pagina`
--
ALTER TABLE `pagina`
  MODIFY `id` int(11) NOT NULL AUTO_INCREMENT, AUTO_INCREMENT=2;
--
-- AUTO_INCREMENT for table `pagseguro_transacao`
--
ALTER TABLE `pagseguro_transacao`
  MODIFY `id` int(11) NOT NULL AUTO_INCREMENT;
--
-- AUTO_INCREMENT for table `pais`
--
ALTER TABLE `pais`
  MODIFY `id` int(11) NOT NULL AUTO_INCREMENT, AUTO_INCREMENT=207;
--
-- AUTO_INCREMENT for table `parceiro_categoria`
--
ALTER TABLE `parceiro_categoria`
  MODIFY `id` int(11) NOT NULL AUTO_INCREMENT, AUTO_INCREMENT=2;
--
-- AUTO_INCREMENT for table `pedido`
--
ALTER TABLE `pedido`
  MODIFY `id` int(11) NOT NULL AUTO_INCREMENT, AUTO_INCREMENT=37;
--
-- AUTO_INCREMENT for table `rendimento`
--
ALTER TABLE `rendimento`
  MODIFY `id` int(11) NOT NULL AUTO_INCREMENT, AUTO_INCREMENT=5;
--
-- AUTO_INCREMENT for table `servico`
--
ALTER TABLE `servico`
  MODIFY `id` int(11) NOT NULL AUTO_INCREMENT, AUTO_INCREMENT=16;
--
-- AUTO_INCREMENT for table `users`
--
ALTER TABLE `users`
  MODIFY `id` int(11) NOT NULL AUTO_INCREMENT, AUTO_INCREMENT=8;
--
-- Constraints for dumped tables
--

--
-- Limitadores para a tabela `acl_access`
--
ALTER TABLE `acl_access`
  ADD CONSTRAINT `fk_acl_access_acl_resources` FOREIGN KEY (`resource_id`,`privilege`) REFERENCES `acl_resources` (`id`, `privilege`) ON DELETE CASCADE ON UPDATE NO ACTION,
  ADD CONSTRAINT `fk_acl_access_acl_roles` FOREIGN KEY (`role_id`) REFERENCES `acl_roles` (`id`) ON DELETE CASCADE ON UPDATE NO ACTION;

--
-- Limitadores para a tabela `acl_inheritance`
--
ALTER TABLE `acl_inheritance`
  ADD CONSTRAINT `fk_acl_inheritance_acl_roles` FOREIGN KEY (`child_id`) REFERENCES `acl_roles` (`id`) ON DELETE CASCADE ON UPDATE NO ACTION,
  ADD CONSTRAINT `fk_acl_inheritance_acl_roles1` FOREIGN KEY (`parent_id`) REFERENCES `acl_roles` (`id`) ON DELETE CASCADE ON UPDATE NO ACTION;

--
-- Limitadores para a tabela `acl_resources`
--
ALTER TABLE `acl_resources`
  ADD CONSTRAINT `fk_acl_resources_acl_resources` FOREIGN KEY (`parent_id`) REFERENCES `acl_resources` (`id`) ON DELETE NO ACTION ON UPDATE NO ACTION;

--
-- Limitadores para a tabela `busca`
--
ALTER TABLE `busca`
  ADD CONSTRAINT `fk_busca_categoria1` FOREIGN KEY (`categoria_id`) REFERENCES `categoria` (`id`) ON DELETE NO ACTION ON UPDATE NO ACTION,
  ADD CONSTRAINT `fk_busca_cliente1` FOREIGN KEY (`cliente_id`) REFERENCES `cliente` (`id`) ON DELETE NO ACTION ON UPDATE NO ACTION;

--
-- Limitadores para a tabela `cidade`
--
ALTER TABLE `cidade`
  ADD CONSTRAINT `fk_cidade_estado1` FOREIGN KEY (`estado_id`) REFERENCES `estado` (`id`) ON DELETE NO ACTION ON UPDATE NO ACTION;

--
-- Limitadores para a tabela `cliente`
--
ALTER TABLE `cliente`
  ADD CONSTRAINT `fk_cliente_cidade1` FOREIGN KEY (`cidade_id`) REFERENCES `cidade` (`id`) ON DELETE NO ACTION ON UPDATE NO ACTION,
  ADD CONSTRAINT `fk_cliente_cliente_natureza1` FOREIGN KEY (`cliente_natureza_id`) REFERENCES `cliente_natureza` (`id`) ON DELETE NO ACTION ON UPDATE NO ACTION,
  ADD CONSTRAINT `fk_cliente_pais1` FOREIGN KEY (`pais_id`) REFERENCES `pais` (`id`) ON DELETE NO ACTION ON UPDATE NO ACTION,
  ADD CONSTRAINT `fk_cliente_parceiro1` FOREIGN KEY (`parceiro_id`) REFERENCES `parceiro` (`id`) ON DELETE NO ACTION ON UPDATE NO ACTION;

--
-- Limitadores para a tabela `log`
--
ALTER TABLE `log`
  ADD CONSTRAINT `fk_log_users1` FOREIGN KEY (`users_id`) REFERENCES `users` (`id`) ON DELETE NO ACTION ON UPDATE NO ACTION;

--
-- Limitadores para a tabela `marca`
--
ALTER TABLE `marca`
  ADD CONSTRAINT `fk_marca_categoria1` FOREIGN KEY (`categoria_id`) REFERENCES `categoria` (`id`) ON DELETE NO ACTION ON UPDATE NO ACTION,
  ADD CONSTRAINT `fk_marca_cliente1` FOREIGN KEY (`cliente_id`) REFERENCES `cliente` (`id`) ON DELETE NO ACTION ON UPDATE NO ACTION;

--
-- Limitadores para a tabela `marca_has_servico`
--
ALTER TABLE `marca_has_servico`
  ADD CONSTRAINT `fk_marca_has_servico_marca1` FOREIGN KEY (`marca_id`) REFERENCES `marca` (`id`) ON DELETE NO ACTION ON UPDATE NO ACTION,
  ADD CONSTRAINT `fk_marca_has_servico_servico1` FOREIGN KEY (`servico_id`) REFERENCES `servico` (`id`) ON DELETE NO ACTION ON UPDATE NO ACTION;

--
-- Limitadores para a tabela `marca_historico`
--
ALTER TABLE `marca_historico`
  ADD CONSTRAINT `fk_marca_historico_leitura1` FOREIGN KEY (`leitura_id`) REFERENCES `leitura` (`id`) ON DELETE CASCADE ON UPDATE NO ACTION,
  ADD CONSTRAINT `fk_marca_historico_marca1` FOREIGN KEY (`marca_id`) REFERENCES `marca` (`id`) ON DELETE CASCADE ON UPDATE NO ACTION;

--
-- Limitadores para a tabela `pagseguro_transacao`
--
ALTER TABLE `pagseguro_transacao`
  ADD CONSTRAINT `fk_pagseguro_transacao_pedido1` FOREIGN KEY (`pedido_id`) REFERENCES `pedido` (`id`) ON DELETE NO ACTION ON UPDATE NO ACTION;

--
-- Limitadores para a tabela `parceiro`
--
ALTER TABLE `parceiro`
  ADD CONSTRAINT `fk_parceiro_parceiro_categoria1` FOREIGN KEY (`parceiro_categoria_id`) REFERENCES `parceiro_categoria` (`id`) ON DELETE NO ACTION ON UPDATE NO ACTION,
  ADD CONSTRAINT `fk_parceiro_users1` FOREIGN KEY (`id`) REFERENCES `users` (`id`) ON DELETE NO ACTION ON UPDATE NO ACTION;

--
-- Limitadores para a tabela `pedido`
--
ALTER TABLE `pedido`
  ADD CONSTRAINT `fk_pedido_busca1` FOREIGN KEY (`busca_id`) REFERENCES `busca` (`id`) ON DELETE NO ACTION ON UPDATE NO ACTION,
  ADD CONSTRAINT `fk_pedido_cliente1` FOREIGN KEY (`cliente_id`) REFERENCES `cliente` (`id`) ON DELETE NO ACTION ON UPDATE NO ACTION,
  ADD CONSTRAINT `fk_pedido_cupom1` FOREIGN KEY (`cupom_id`) REFERENCES `cupom` (`id`) ON DELETE NO ACTION ON UPDATE NO ACTION,
  ADD CONSTRAINT `fk_pedido_marca1` FOREIGN KEY (`marca_id`) REFERENCES `marca` (`id`) ON DELETE NO ACTION ON UPDATE NO ACTION,
  ADD CONSTRAINT `fk_pedido_users1` FOREIGN KEY (`responsavel_users_id`) REFERENCES `users` (`id`) ON DELETE NO ACTION ON UPDATE NO ACTION;

--
-- Limitadores para a tabela `pedido_has_servico`
--
ALTER TABLE `pedido_has_servico`
  ADD CONSTRAINT `fk_pedido_has_servico_pedido1` FOREIGN KEY (`pedido_id`) REFERENCES `pedido` (`id`) ON DELETE NO ACTION ON UPDATE NO ACTION,
  ADD CONSTRAINT `fk_pedido_has_servico_servico1` FOREIGN KEY (`servico_id`) REFERENCES `servico` (`id`) ON DELETE NO ACTION ON UPDATE NO ACTION;

--
-- Limitadores para a tabela `rendimento`
--
ALTER TABLE `rendimento`
  ADD CONSTRAINT `fk_rendimento_parceiro1` FOREIGN KEY (`parceiro_id`) REFERENCES `parceiro` (`id`) ON DELETE CASCADE ON UPDATE NO ACTION,
  ADD CONSTRAINT `fk_rendimento_pedido1` FOREIGN KEY (`pedido_id`) REFERENCES `pedido` (`id`) ON DELETE NO ACTION ON UPDATE NO ACTION;

--
-- Limitadores para a tabela `users`
--
ALTER TABLE `users`
  ADD CONSTRAINT `fk_users_acl_roles1` FOREIGN KEY (`role_id`) REFERENCES `acl_roles` (`id`) ON DELETE NO ACTION ON UPDATE NO ACTION;

/*!40101 SET CHARACTER_SET_CLIENT=@OLD_CHARACTER_SET_CLIENT */;
/*!40101 SET CHARACTER_SET_RESULTS=@OLD_CHARACTER_SET_RESULTS */;
/*!40101 SET COLLATION_CONNECTION=@OLD_COLLATION_CONNECTION */;
